date,cost_0.003_lag_2__fixed_50,cost_0.003_lag_2__market_cap_150,cost_0.003_lag_3__fixed_50,cost_0.003_lag_3__market_cap_150,cost_0.003_lag_4__fixed_50,cost_0.003_lag_4__market_cap_150,cost_0.005_lag_2__fixed_50,cost_0.005_lag_2__market_cap_150,cost_0.005_lag_3__fixed_50,cost_0.005_lag_3__market_cap_150,cost_0.005_lag_4__fixed_50,cost_0.005_lag_4__market_cap_150,cost_0.008_lag_2__fixed_50,cost_0.008_lag_2__market_cap_150,cost_0.008_lag_3__fixed_50,cost_0.008_lag_3__market_cap_150,cost_0.008_lag_4__fixed_50,cost_0.008_lag_4__market_cap_150,006208
2018-09-18,0.009106606437277787,-0.012839506295998615,0.009033579832711025,-0.012668362126888932,0.008988490313410535,-0.012464828915220605,0.009106606437277787,-0.012839506295998504,0.009033579832711247,-0.01266836212688871,0.008988490313410313,-0.012464828915220494,0.009106606437278009,-0.012839506295998726,0.009033579832711025,-0.012668362126889265,0.008988490313410535,-0.012464828915220383,-0.0076030412164864725
2018-09-19,0.00028500391660668534,0.020200434300845282,0.0003632839095184526,0.02034329514005684,0.0004506071033092418,0.020347646991012658,0.0002850039166069074,0.02020043430084506,0.0003632839095184526,0.02034329514005684,0.00045060710330946385,0.020347646991012436,0.00028500391660668534,0.02020043430084506,0.0003632839095184526,0.020343295140057283,0.0004506071033092418,0.020347646991012214,0.004032258064516014
2018-09-20,-0.002959186050961682,-0.0012565387157291719,-0.003049420085461274,-0.0011643049417865425,-0.003065703348346771,-0.0008028457488660212,-0.002959186050961793,-0.0012565387157291719,-0.003049420085461274,-0.0011643049417866536,-0.003065703348346771,-0.0008028457488659102,-0.002959186050961793,-0.0012565387157289498,-0.003049420085461163,-0.0011643049417865425,-0.003065703348346771,-0.0008028457488659102,0.003012048192771122
2018-09-21,0.01628386459057274,0.03781871092871536,0.016468396147000464,0.03796152091886995,0.016490607047903172,0.03795341396654317,0.016283864590573183,0.03781871092871514,0.016468396147000686,0.03796152091887017,0.016490607047903172,0.037953413966542726,0.016283864590573183,0.03781871092871514,0.01646839614700024,0.03796152091887084,0.016490607047903172,0.037953413966542504,0.00700700700700696
2018-09-25,-0.003355911827332636,-0.006990804352548063,-0.0034936935196706598,-0.007206476785821203,-0.003107390080140826,-0.007296394389024519,-0.003355911827332969,-0.006990804352548063,-0.0034936935196704377,-0.007206476785821092,-0.003107390080140826,-0.007296394389024519,-0.003355911827332858,-0.006990804352547952,-0.0034936935196703267,-0.007206476785821203,-0.003107390080140826,-0.007296394389024519,0.00497017892644136
2018-09-26,-0.018798336914729763,-0.019385737396566904,-0.01875873436898967,-0.019361453347814805,-0.019191541972408688,-0.01927211549837171,-0.018798336914729874,-0.019385737396566904,-0.018758734368989893,-0.019361453347814916,-0.019191541972408688,-0.01927211549837149,-0.018798336914729874,-0.019385737396566793,-0.01875873436898967,-0.01936145334781525,-0.019191541972408688,-0.01927211549837149,0.004945598417408492
2018-09-27,0.002574552769429861,0.009192840174055306,0.00041774052308407583,0.013010459644274386,0.0003720219380201062,0.012936027993283306,0.0015553504518295291,0.007647230797368509,0.0004177405230842979,0.013010459644274386,0.00037202193802032824,0.012936027993283084,2.845416539432044e-05,0.005328816732337982,0.0004177405230842979,0.013010459644274386,0.0003720219380201062,0.012936027993283084,0.0009842519685039353
2018-09-28,-0.006418468107066921,0.0001256996148759626,-0.008613209734446126,-0.0021230521571103944,-0.002536884031872466,-0.0020556284507656786,-0.0064184681070673655,0.00012569961487574055,-0.009623360779764889,-0.0036533326527975474,-0.002536884031872466,-0.0020556284507654565,-0.006418468107066921,0.0001256996148759626,-0.011138587347742535,-0.005945889847496666,-0.002536884031872466,-0.0020556284507652345,-0.002949852507374562
2018-10-01,-9.235375548077851e-05,-0.010179067265003838,-5.50449513949669e-05,-0.010054848623072155,0.0007444406929755232,-0.00885951923647077,-9.235375548077851e-05,-0.01017906726500406,-5.5044951394633834e-05,-0.010054848623072155,-0.00027526252467591217,-0.010360642883003757,-9.235375548111158e-05,-0.010179067265004171,-5.50449513949669e-05,-0.010054848623072377,-0.0018048173511535648,-0.012612328352803237,0.006903353057199135
2018-10-02,-0.016462109286056625,-0.013106127988848804,-0.016467956761945235,-0.013167448930608505,-0.016419891996243163,-0.01293575519073542,-0.016462109286056514,-0.013106127988848915,-0.01646795676194579,-0.013167448930608616,-0.016419891996243385,-0.012935755190735643,-0.016462109286056514,-0.013106127988848804,-0.01646795676194568,-0.013167448930608838,-0.016419891996243607,-0.012935755190735865,-0.012732615083251742
2018-10-03,-0.002606395485699853,-0.034953281414011106,-0.002611713462587373,-0.034584610107878055,-0.0026388301058150043,-0.03506968082149653,-0.002606395485700186,-0.03495328141401155,-0.0026117134625872618,-0.03458461010787783,-0.0026388301058150043,-0.035069680821496085,-0.002606395485700075,-0.03495328141401166,-0.0026117134625871508,-0.03458461010787883,-0.0026388301058147823,-0.03506968082149642,-0.0009920634920634885
2018-10-04,-0.0038111353436377504,-0.003520133133008918,-0.003819469949065124,-0.0038068071135564097,-0.0038061208199483554,-0.0037837660420655395,-0.0038111353436377504,-0.003520133133009029,-0.003819469949065124,-0.0038068071135566317,-0.0038061208199483554,-0.0037837660420656505,-0.0038111353436377504,-0.00352013313300914,-0.003819469949065346,-0.0038068071135566317,-0.0038061208199484664,-0.0037837660420657615,-0.009731876861966304
2018-10-05,-0.0335808185243639,-0.02227660359836736,-0.03367611229328049,-0.02245407445663339,-0.03388884555470273,-0.022472358701791872,-0.03358081852436401,-0.022276603598367806,-0.033676112293280824,-0.02245407445663339,-0.03388884555470262,-0.02247235870179176,-0.03358081852436412,-0.022276603598367806,-0.03367611229328071,-0.022454074456633832,-0.03388884555470295,-0.022472358701791872,-0.01524267950260727
2018-10-08,-0.012666852687944541,-0.010054960379610733,-0.01909649067681196,-0.021448099152893918,-0.018806937653058853,-0.021459363430959444,-0.014647460806926249,-0.012040808001718029,-0.019096490676812072,-0.021448099152893918,-0.018806937653058742,-0.021459363430959333,-0.01761837298539748,-0.01501957943487875,-0.019096490676812294,-0.021448099152894473,-0.018806937653059075,-0.021459363430959555,-0.0059063136456211085
2018-10-09,0.0,0.0,-0.002486130991546598,0.0021453457544813315,-0.001544546670729452,0.001741601584682284,0.0,0.0,-0.004487161822054997,0.00013502409800314474,-0.001544546670729563,0.001741601584682284,0.0,0.0,-0.007488708067817429,-0.0028804583867145794,-0.001544546670729563,0.001741601584682062,-0.010243802499487864
2018-10-11,0.0,0.0,0.0,0.0,-0.05386915427156014,-0.06595410836633808,0.0,0.0,0.0,0.0,-0.055767109829691575,-0.06782782128837106,0.0,0.0,0.0,0.0,-0.05861404316688912,-0.07063839067142197,-0.0643759056096046
2018-10-12,0.0,0.0,0.0,0.0,0.0,0.0,0.0,0.0,0.0,0.0,0.0,0.0,0.0,0.0,0.0,0.0,0.0,0.0,0.021460176991150437
2018-10-15,0.0,0.0,0.0,0.0,0.0,0.0,0.0,0.0,0.0,0.0,0.0,0.0,0.0,0.0,0.0,0.0,0.0,0.0,-0.007147498375568495
2018-10-16,0.0,0.0,0.0,0.0,0.0,0.0,0.0,0.0,0.0,0.0,0.0,0.0,0.0,0.0,0.0,0.0,0.0,0.0,0.005453752181500793
2018-10-17,0.0,0.0,0.0,0.0,0.0,0.0,0.0,0.0,0.0,0.0,0.0,0.0,0.0,0.0,0.0,0.0,0.0,0.0,0.007810804946843053
2018-10-18,0.0,0.0,0.0,0.0,0.0,0.0,0.0,0.0,0.0,0.0,0.0,0.0,0.0,0.0,0.0,0.0,0.0,0.0,-0.005382131324004336
2018-10-19,0.0,0.0,0.0,0.0,0.0,0.0,0.0,0.0,0.0,0.0,0.0,0.0,0.0,0.0,0.0,0.0,0.0,0.0,-0.004761904761904856
2018-10-22,0.0,0.0,0.0,0.0,0.0,0.0,0.0,0.0,0.0,0.0,0.0,0.0,0.0,0.0,0.0,0.0,0.0,0.0,0.00391474554153981
2018-10-23,0.0,0.0,0.0,0.0,0.0,0.0,0.0,0.0,0.0,0.0,0.0,0.0,0.0,0.0,0.0,0.0,0.0,0.0,-0.013431542461005197
2018-10-24,0.0,0.0,0.0,0.0,0.0,0.0,0.0,0.0,0.0,0.0,0.0,0.0,0.0,0.0,0.0,0.0,0.0,0.0,-0.00746596398770305
2018-10-25,0.0,0.0,0.0,0.0,0.0,0.0,0.0,0.0,0.0,0.0,0.0,0.0,0.0,0.0,0.0,0.0,0.0,0.0,-0.019469026548672663
2018-10-26,0.0,0.0,0.0,0.0,0.0,0.0,0.0,0.0,0.0,0.0,0.0,0.0,0.0,0.0,0.0,0.0,0.0,0.0,-0.004738267148014508
2018-10-29,0.0,0.0,0.0,0.0,0.0,0.0,0.0,0.0,0.0,0.0,0.0,0.0,0.0,0.0,0.0,0.0,0.0,0.0,0.0
2018-10-30,0.0,0.0,0.0,0.0,0.0,0.0,0.0,0.0,0.0,0.0,0.0,0.0,0.0,0.0,0.0,0.0,0.0,0.0,0.007708002720471674
2018-10-31,0.0,0.0,0.0,0.0,0.0,0.0,0.0,0.0,0.0,0.0,0.0,0.0,0.0,0.0,0.0,0.0,0.0,0.0,0.01462317210348707
2018-11-01,0.0,0.0,0.0,0.0,0.0,0.0,0.0,0.0,0.0,0.0,0.0,0.0,0.0,0.0,0.0,0.0,0.0,0.0,0.012195121951219523
2018-11-02,0.0,0.0,0.0,0.0,0.0,0.0,0.0,0.0,0.0,0.0,0.0,0.0,0.0,0.0,0.0,0.0,0.0,0.0,0.005476451259583737
2018-11-05,0.0,0.0,0.0,0.0,0.0,0.0,0.0,0.0,0.0,0.0,0.0,0.0,0.0,0.0,0.0,0.0,0.0,0.0,-0.010239651416121931
2018-11-06,0.0,0.0,0.0,0.0,0.0,0.0,0.0,0.0,0.0,0.0,0.0,0.0,0.0,0.0,0.0,0.0,0.0,0.0,-0.002421307506053294
2018-11-07,0.0,0.0,0.0,0.0,0.0,0.0,0.0,0.0,0.0,0.0,0.0,0.0,0.0,0.0,0.0,0.0,0.0,0.0,0.004854368932038833
2018-11-08,0.0,0.0,0.0,0.0,0.0,0.0,0.0,0.0,0.0,0.0,0.0,0.0,0.0,0.0,0.0,0.0,0.0,0.0,0.0068072024593763825
2018-11-09,0.0,0.0,0.0,0.0,0.0,0.0,0.0,0.0,0.0,0.0,0.0,0.0,0.0,0.0,0.0,0.0,0.0,0.0,-0.01526717557251911
2018-11-12,0.0,0.0,0.0,0.0,0.0,0.0,0.0,0.0,0.0,0.0,0.0,0.0,0.0,0.0,0.0,0.0,0.0,0.0,0.00221483942414169
2018-11-13,0.0,0.0,0.0,0.0,0.0,0.0,0.0,0.0,0.0,0.0,0.0,0.0,0.0,0.0,0.0,0.0,0.0,0.0,-0.009502762430939171
2018-11-14,0.0,0.0,0.0,0.0,0.0,0.0,0.0,0.0,0.0,0.0,0.0,0.0,0.0,0.0,0.0,0.0,0.0,0.0,-0.004016064257028051
2018-11-15,0.0,0.0,0.0,0.0,0.0,0.0,0.0,0.0,0.0,0.0,0.0,0.0,0.0,0.0,0.0,0.0,0.0,0.0,0.0042562724014336695
2018-11-16,0.0,0.0,0.0,0.0,0.0,0.0,0.0,0.0,0.0,0.0,0.0,0.0,0.0,0.0,0.0,0.0,0.0,0.0,-0.0011153245594467398
2018-11-19,0.0,0.0,0.0,0.0,0.0,0.0,0.0,0.0,0.0,0.0,0.0,0.0,0.0,0.0,0.0,0.0,0.0,0.0,-0.0037963376507369473
2018-11-20,0.0,0.0,0.0,0.0,0.0,0.0,0.0,0.0,0.0,0.0,0.0,0.0,0.0,0.0,0.0,0.0,0.0,0.0,-0.006724949562878169
2018-11-21,0.0,0.0,0.0,0.0,0.0,0.0,0.0,0.0,0.0,0.0,0.0,0.0,0.0,0.0,0.0,0.0,0.0,0.0,0.0020311442112388445
2018-11-22,0.0,0.0,0.0,0.0,0.0,0.0,0.0,0.0,0.0,0.0,0.0,0.0,0.0,0.0,0.0,0.0,0.0,0.0,0.00045045045045055687
2018-11-23,0.0,0.0,0.0,0.0,0.0,0.0,0.0,0.0,0.0,0.0,0.0,0.0,0.0,0.0,0.0,0.0,0.0,0.0,-0.010355695632597972
2018-11-26,0.0,0.0,0.0,0.0,0.0,0.0,0.0,0.0,0.0,0.0,0.0,0.0,0.0,0.0,0.0,0.0,0.0,0.0,0.008644222020018244
2018-11-27,0.0,0.0,0.0,0.0,0.0,0.0,0.0,0.0,0.0,0.0,0.0,0.0,0.0,0.0,0.0,0.0,0.0,0.0,-0.0058637798827244625
2018-11-28,0.0,0.0,0.0,0.0,0.0,0.0,0.0,0.0,0.0,0.0,0.0,0.0,0.0,0.0,0.0,0.0,0.0,0.0,0.012023593466424787
2018-11-29,0.0,0.0,0.0,0.0,0.0,0.0,0.0,0.0,0.0,0.0,0.0,0.0,0.0,0.0,0.0,0.0,0.0,0.0,-0.03833221250840624
2018-11-30,0.0,0.0,0.0,0.0,0.0,0.0,0.0,0.0,0.0,0.0,0.0,0.0,0.0,0.0,0.0,0.0,0.0,0.0,-0.0013986013986012624
2018-12-03,0.0,0.0,0.0,0.0,0.0,0.0,0.0,0.0,0.0,0.0,0.0,0.0,0.0,0.0,0.0,0.0,0.0,0.0,0.01984126984126977
2018-12-04,0.0,0.0,0.0,0.0,0.0,0.0,0.0,0.0,0.0,0.0,0.0,0.0,0.0,0.0,0.0,0.0,0.0,0.0,-0.004348821240558465
2018-12-05,0.0,0.0,0.0,0.0,0.0,0.0,0.0,0.0,0.0,0.0,0.0,0.0,0.0,0.0,0.0,0.0,0.0,0.0,-0.019080459770114855
2018-12-06,0.0,0.0,0.0,0.0,0.0,0.0,0.0,0.0,0.0,0.0,0.0,0.0,0.0,0.0,0.0,0.0,0.0,0.0,-0.01804546519803152
2018-12-07,0.0,0.0,0.0,0.0,0.0,0.0,0.0,0.0,0.0,0.0,0.0,0.0,0.0,0.0,0.0,0.0,0.0,0.0,0.0035799522673030104
2018-12-10,0.0,0.0,0.0,0.0,0.0,0.0,0.0,0.0,0.0,0.0,0.0,0.0,0.0,0.0,0.0,0.0,0.0,0.0,-0.014030915576694336
2018-12-11,0.0,0.0,0.0,0.0,0.0,0.0,0.0,0.0,0.0,0.0,0.0,0.0,0.0,0.0,0.0,0.0,0.0,0.0,0.001205981669078593
2018-12-12,0.0,0.0,0.0,0.0,0.0,0.0,0.0,0.0,0.0,0.0,0.0,0.0,0.0,0.0,0.0,0.0,0.0,0.0,0.014213442543965282
2018-12-13,0.0,0.0,0.0,0.0,0.0,0.0,0.0,0.0,0.0,0.0,0.0,0.0,0.0,0.0,0.0,0.0,0.0,0.0,0.0035629453681709222
2018-12-14,0.0,0.0,0.0,0.0,0.0,0.0,0.0,0.0,0.0,0.0,0.0,0.0,0.0,0.0,0.0,0.0,0.0,0.0,-0.00591715976331364
2018-12-17,0.0,0.0,0.0,0.0,0.0,0.0,0.0,0.0,0.0,0.0,0.0,0.0,0.0,0.0,0.0,0.0,0.0,0.0,0.0007142857142856673
2018-12-18,0.0,0.0,0.0,0.0,0.0,0.0,0.0,0.0,0.0,0.0,0.0,0.0,0.0,0.0,0.0,0.0,0.0,0.0,-0.007375684035213048
2018-12-19,0.0,0.0,0.0,0.0,0.0,0.0,0.0,0.0,0.0,0.0,0.0,0.0,0.0,0.0,0.0,0.0,0.0,0.0,0.002636625119846636
2018-12-20,0.0,0.0,0.0,0.0,0.0,0.0,0.0,0.0,0.0,0.0,0.0,0.0,0.0,0.0,0.0,0.0,0.0,0.0,-0.009801577814965268
2018-12-21,0.0,0.0,0.0,0.0,0.0,0.0,0.0,0.0,0.0,0.0,0.0,0.0,0.0,0.0,0.0,0.0,0.0,0.0,0.006760019314340893
2018-12-22,0.0,0.0,0.0,0.0,0.0,0.0,0.0,0.0,0.0,0.0,0.0,0.0,0.0,0.0,0.0,0.0,0.0,0.0,-0.004316546762589968
2018-12-24,0.0,0.0,0.0,0.0,0.0,0.0,0.0,0.0,0.0,0.0,0.0,0.0,0.0,0.0,0.0,0.0,0.0,0.0,-0.0014450867052023808
2018-12-25,0.0,0.0,0.0,0.0,0.0,0.0,0.0,0.0,0.0,0.0,0.0,0.0,0.0,0.0,0.0,0.0,0.0,0.0,-0.013989387361312056
2018-12-26,0.0,0.0,0.0,0.0,0.0,0.0,0.0,0.0,0.0,0.0,0.0,0.0,0.0,0.0,0.0,0.0,0.0,0.0,0.0022015655577298787
2018-12-27,0.0,0.0,0.0,0.0,0.0,0.0,0.0,0.0,0.0,0.0,0.0,0.0,0.0,0.0,0.0,0.0,0.0,0.0,0.015865267268733163
2018-12-28,0.0,0.0,0.0,0.0,0.0,0.0,0.0,0.0,0.0,0.0,0.0,0.0,0.0,0.0,0.0,0.0,0.0,0.0,-0.0009610764055741905
2019-01-02,0.0,0.0,0.0,0.0,0.0,0.0,0.0,0.0,0.0,0.0,0.0,0.0,0.0,0.0,0.0,0.0,0.0,0.0,-0.009860509860509792
2019-01-03,0.0,0.0,0.0,0.0,0.0,0.0,0.0,0.0,0.0,0.0,0.0,0.0,0.0,0.0,0.0,0.0,0.0,0.0,-0.009472917172698603
2019-01-04,0.0,0.0,0.0,0.0,0.0,0.0,0.0,0.0,0.0,0.0,0.0,0.0,0.0,0.0,0.0,0.0,0.0,0.0,-0.018636586562040147
2019-01-07,0.0,0.0,0.0,0.0,0.0,0.0,0.0,0.0,0.0,0.0,0.0,0.0,0.0,0.0,0.0,0.0,0.0,0.0,0.026236881559220215
2019-01-08,0.0,0.0,0.0,0.0,0.0,0.0,0.0,0.0,0.0,0.0,0.0,0.0,0.0,0.0,0.0,0.0,0.0,0.0,-0.0041392744095447576
2019-01-09,0.0,0.0,0.0,0.0,0.0,0.0,0.0,0.0,0.0,0.0,0.0,0.0,0.0,0.0,0.0,0.0,0.0,0.0,0.02004889975550128
2019-01-10,0.0,0.0,0.0,0.0,0.0,0.0,0.0,0.0,0.0,0.0,0.0,0.0,0.0,0.0,0.0,0.0,0.0,0.0,-0.006471716203259703
2019-01-11,0.0,0.0,0.0,0.0,0.0,0.0,0.0,0.0,0.0,0.0,0.0,0.0,0.0,0.0,0.0,0.0,0.0,0.0,0.010856453558504064
2019-01-14,0.0,0.0,0.0,0.0,0.0,0.0,0.0,0.0,0.0,0.0,0.0,0.0,0.0,0.0,0.0,0.0,0.0,0.0,-0.007398568019092999
2019-01-15,0.0,0.0,0.0,0.0,0.0,0.0,0.0,0.0,0.0,0.0,0.0,0.0,0.0,0.0,0.0,0.0,0.0,0.0,0.010819908631882535
2019-01-16,0.0,0.0,0.0,0.0,0.0,0.0,0.0,0.0,0.0,0.0,0.0,0.0,0.0,0.0,0.0,0.0,0.0,0.0,0.002616555661274944
2019-01-17,0.0,0.0,0.0,0.0,0.0,0.0,0.0,0.0,0.0,0.0,0.0,0.0,0.0,0.0,0.0,0.0,0.0,0.0,-0.0009489916963226763
2019-01-18,0.0,0.0,0.0,0.0,0.0,0.0,0.0,0.0,0.0,0.0,0.0,0.0,0.0,0.0,0.0,0.0,0.0,0.0,0.0021372595582997977
2019-01-21,0.0,0.0,0.0,0.0,0.0,0.0,0.0,0.0,0.0,0.0,0.0,0.0,0.0,0.0,0.0,0.0,0.0,0.0,0.010426540284360186
2019-01-22,0.0,0.0,0.0,0.0,0.0,0.0,0.0,0.0,0.0,0.0,0.0,0.0,0.0,0.0,0.0,0.0,0.0,0.0,-0.004455909943714809
2019-01-23,0.0,0.0,0.0,0.0,0.0,0.0,0.0,0.0,0.0,0.0,0.0,0.0,0.0,0.0,0.0,0.0,0.0,0.0,-0.002355712603062443
2019-01-24,0.0,0.0,0.0,0.0,0.0,0.0,0.0,0.0,0.0,0.0,0.0,0.0,0.0,0.0,0.0,0.0,0.0,0.0,0.0037780401416764864
2019-01-25,0.0,0.0,0.0,0.0,0.0,0.0,0.0,0.0,0.0,0.0,0.0,0.0,0.0,0.0,0.0,0.0,0.0,0.0,0.003528581510232831
2019-01-28,0.0,0.0,0.0,0.0,0.0,0.0,0.0,0.0,0.0,0.0,0.0,0.0,0.0,0.0,0.0,0.0,0.0,0.0,0.011017346460384658
2019-01-29,0.0,0.0,0.0,0.0,0.0,0.0,0.0,0.0,0.0,0.0,0.0,0.0,0.0,0.0,0.0,0.0,0.0,0.0,-0.012984001854857485
2019-01-30,0.0,0.0,0.0,0.0,0.0,0.0,0.0,0.0,0.0,0.0,0.0,0.0,0.0,0.0,0.0,0.0,0.0,0.0,0.0009396288466054781
2019-02-11,0.0,0.0,0.0,0.0,0.0,0.0,0.0,0.0,0.0,0.0,0.0,0.0,0.0,0.0,0.0,0.0,0.0,0.0,0.012203708049753681
2019-02-12,0.0,0.0,0.0,0.0,0.0,0.0,0.0,0.0,0.0,0.0,0.0,0.0,0.0,0.0,0.0,0.0,0.0,0.0,0.00046371435195902144
2019-02-13,-0.00896342111036541,-0.010902758600590423,0.0,0.0,0.0,0.0,-0.010935633207658446,-0.012871111319793238,0.0,0.0,0.0,0.0,-0.013879277156444991,-0.015808994917055563,0.0,0.0,0.0,0.0,0.0
2019-02-14,0.006818550432053261,0.016824674721840127,0.0030908021721984813,0.008512686500378175,0.0,0.0,0.006818550432053483,0.01682467472184035,0.0010946015708606094,0.006505696079482037,0.0,0.0,0.006818550432053483,0.016824674721840127,-0.0018848466481000692,0.0035101434125786035,0.0,0.0,-0.002317497103128674
2019-02-15,0.0005560823547863247,-0.004992964269364575,0.000565548176668873,-0.005344441550173218,-0.0032424483051275432,-0.015659063107494764,0.0005560823547865468,-0.004992964269364797,0.000565548176668873,-0.005344441550173329,-0.0052260454229281494,-0.017617950544096983,0.0005560823547865468,-0.004992964269364908,0.000565548176668873,-0.005344441550172996,-0.008186682192502737,-0.020541706643667945,-0.002090592334494712
2019-02-18,0.004404118162934623,0.002087159455378629,0.004518859008678877,0.0021051781874894537,0.004625837530873644,0.001953397589579131,0.004404118162934623,0.002087159455378851,0.004518859008678655,0.0021051781874892317,0.004625837530873644,0.001953397589579575,0.004404118162934623,0.002087159455378851,0.004518859008678655,0.0021051781874892317,0.004625837530873644,0.001953397589579353,0.008845437616387342
2019-02-19,-0.010375240155626297,0.001929912949236945,-0.010439728511008495,0.0019968880282392742,-0.010516057751870922,0.00205797418748066,-0.01037524015562663,0.001929912949236945,-0.010439728511008717,0.0019968880282392742,-0.010516057751871255,0.00205797418748066,-0.010375240155626297,0.0019299129492367229,-0.010439728511008384,0.001996888028239052,-0.010516057751870811,0.00205797418748066,-0.0013844023996308907
2019-02-20,0.006963661218276851,-0.0017941347120679074,0.007052767564841078,-0.0017792715856325136,0.007109339165855655,-0.0016807428600724705,0.006963661218277073,-0.0017941347120675744,0.0070527675648413,-0.0017792715856322916,0.007109339165855877,-0.0016807428600723595,0.006963661218276629,-0.0017941347120674633,0.007052767564841078,-0.0017792715856322916,0.007109339165855655,-0.0016807428600722485,0.008548983364140339
2019-02-21,0.0011668579396661993,-0.00348613886204574,0.0011458573799030258,-0.0034262658833690285,0.0010194979575814944,-0.0032596203899389886,0.0011668579396661993,-0.003486138862045851,0.0011458573799032479,-0.0034262658833690285,0.0010194979575817165,-0.0032596203899389886,0.0011668579396661993,-0.00348613886204574,0.0011458573799032479,-0.0034262658833688064,0.0010194979575814944,-0.0032596203899389886,0.006185567010309256
2019-02-22,-0.0025760686573255143,0.00043283204237876127,-0.0025295132293816636,0.00032436999785590004,-0.002426731287563322,6.593022640766222e-05,-0.0025760686573257363,0.00043283204237876127,-0.0025295132293818856,0.00032436999785590004,-0.002426731287563322,6.593022640744017e-05,-0.0025760686573255143,0.00043283204237876127,-0.0025295132293817746,0.00032436999785590004,-0.0024267312875632108,6.593022640744017e-05,-0.001366120218579292
2019-02-25,0.013935295178711948,0.012919778290665374,0.013685021019312682,0.012854707307261792,0.0136649920944929,0.013207643516703893,0.013935295178711948,0.012919778290665596,0.013685021019312904,0.012854707307261792,0.013664992094493122,0.013207643516704115,0.013935295178711504,0.012919778290665374,0.01368502101931246,0.01285470730726157,0.0136649920944929,0.013207643516703893,0.007523939808481428
2019-02-26,0.0029827312330232836,0.008769101845850225,0.0029977933586087246,0.008922078003908984,0.0029642891046013364,0.009192789047826055,0.0029827312330235056,0.008769101845850225,0.0029977933586087246,0.008922078003908984,0.0029642891046011144,0.009192789047826277,0.0029827312330235056,0.008769101845850003,0.0029977933586085026,0.008922078003908762,0.0029642891046011144,0.009192789047826055,0.007241457343290403
2019-02-27,-0.006029308030213398,-0.009920583310057962,-0.00327372330842568,-0.011987625480464503,-0.0032961634644251836,-0.012020982777976252,-0.006310327699058038,-0.011725993599464024,-0.00327372330842568,-0.011987625480464392,-0.0032961634644252946,-0.012020982777976585,-0.0067326499483818525,-0.014429046504720322,-0.003273723308425569,-0.01198762548046417,-0.0032961634644251836,-0.012020982777976141,-0.004718040889687747
2019-03-04,0.0034777337279403575,0.00889467305181868,0.004323369348408823,0.010298122896295947,0.0011589324470393514,0.012157474019742098,0.0034777337279403575,0.008894673051818902,0.004023260806556461,0.008451688478770203,0.0011589324470395734,0.01215747401974232,0.0034777337279403575,0.008894673051818458,0.0035728163603867547,0.005690648953309951,0.0011589324470393514,0.012157474019741876,-0.003386004514672636
2019-03-05,-0.005630453071503672,-0.011907898573316422,-0.005683977161347831,-0.011929892138848208,-0.005764537336725883,-0.017309517410697528,-0.0056304530715035606,-0.011907898573316644,-0.005683977161347831,-0.011929892138848208,-0.006065752151438564,-0.019086430184475645,-0.005630453071503672,-0.0119078985733162,-0.005683977161347831,-0.01192989213884832,-0.006518424089320463,-0.02174681672582468,-0.0045300113250281715
2019-03-06,-0.0005773407699787292,0.008682975965065287,-0.0005024690832752254,0.00925107789036006,-0.0005140607539975139,0.009783216161772357,-0.0005773407699787292,0.00868297596506551,-0.0005024690832753365,0.009251077890360282,-0.0005140607539972919,0.009783216161772357,-0.0005773407699789512,0.00868297596506551,-0.0005024690832752254,0.00925107789036006,-0.0005140607539974029,0.009783216161772579,0.003640500568828031
2019-03-07,-0.006279766526795627,-0.0241050022632312,-0.006295455312111509,-0.024322251786677684,-0.006571196584655659,-0.025338962660419906,-0.006279766526795849,-0.0241050022632312,-0.006295455312111398,-0.024322251786677795,-0.00657119658465577,-0.025338962660419684,-0.006279766526795516,-0.02410500226323098,-0.00629545531211162,-0.024322251786677684,-0.006571196584655548,-0.02533896266042024,-0.001586941736567704
2019-03-08,-0.007235770742644365,0.004508811290297565,-0.007200819748119702,0.00411389687278918,-0.007130403600235091,0.004323752538166525,-0.007235770742644476,0.004508811290297565,-0.007200819748119813,0.00411389687278918,-0.007130403600235313,0.004323752538166303,-0.007235770742644254,0.004508811290297343,-0.007200819748119702,0.00411389687278918,-0.007130403600235202,0.004323752538166525,-0.008855585831062718
2019-03-11,0.0004707235638083951,0.0075756137117555244,0.0004757877216630124,0.007781118364891926,0.0006256530592247955,0.008043337359819214,0.00047072356380861713,0.0075756137117557465,0.0004757877216627904,0.007781118364891926,0.0006256530592247955,0.008043337359819436,0.00047072356380817304,0.007575613711755302,0.0004757877216630124,0.007781118364891704,0.0006256530592247955,0.008043337359819658,-0.00045819014891168575
2019-03-12,-0.0014020341847472695,0.003490680634562038,-0.0013009697774865048,0.0033260937837871207,-0.0013263810547660126,0.0033194643598508655,-0.0014020341847473805,0.003490680634562038,-0.0013009697774863938,0.0033260937837873428,-0.0013263810547659016,0.0033194643598508655,-0.0014020341847472695,0.003490680634562038,-0.0013009697774865048,0.003326093783787565,-0.0013263810547660126,0.0033194643598506435,0.012835205134081873
2019-03-13,0.01032231513477333,0.00011157365179803591,0.01027956822608167,0.00018666108557208183,0.01027934829335031,-0.00010233070053222715,0.01032231513477333,0.00011157365179803591,0.01027956822608167,0.00018666108557185979,0.01027934829335031,-0.00010233070053222715,0.01032231513477333,0.00011157365179803591,0.010279568226081448,0.00018666108557185979,0.010279348293350088,-0.00010233070053211613,0.00022629554197783897
2019-03-14,0.0049292972805781154,0.0007193729576846497,0.004857959199311868,0.000789414743118888,0.004660989563761708,0.000658021731926528,0.0049292972805783375,0.0007193729576844277,0.004857959199311868,0.000789414743118888,0.004660989563761708,0.000658021731926306,0.0049292972805781154,0.0007193729576846497,0.004857959199311868,0.000789414743118888,0.004660989563761708,0.000658021731926528,-0.00045248868778291484
2019-03-15,0.006457459613048888,0.008848945768493488,0.006525940311532308,0.009175056996683528,0.006488548157198126,0.009373994678714359,0.006457459613048666,0.00884894576849371,0.006525940311532308,0.009175056996683528,0.006488548157198126,0.009373994678714359,0.006457459613048888,0.008848945768493488,0.006525940311532308,0.009175056996683528,0.006488548157198126,0.009373994678714581,0.006337709370755951
2019-03-18,0.024044468647243633,0.029497122394354536,0.024091106125165185,0.02969221163115443,0.02351349006414094,0.028958972244416348,0.024044468647243633,0.02949712239435498,0.02409110612516563,0.029692211631154652,0.023513490064141385,0.028958972244416348,0.024044468647243633,0.029497122394354536,0.024091106125165407,0.02969221163115443,0.02351349006414072,0.028958972244417014,0.007422402159244168
2019-03-19,-0.0008249310543235744,0.018616829113517808,-0.0007988222170146608,0.018427163254158385,-0.0006173202229542429,0.018866984339507953,-0.0008249310543236854,0.018616829113517586,-0.0007988222170147719,0.018427163254158385,-0.000617320222954354,0.018866984339507953,-0.0008249310543235744,0.018616829113517808,-0.0007988222170147719,0.018427163254158385,-0.0006173202229542429,0.018866984339508397,0.0011163206072783982
2019-03-20,0.01555496497292208,0.02176557882941732,0.01551310367016856,0.021786622534790467,0.01522487564461561,0.021574646992918556,0.015554964972922303,0.021765578829417542,0.015513103670168782,0.021786622534790467,0.015224875644616054,0.021574646992918556,0.01555496497292208,0.02176557882941732,0.01551310367016856,0.021786622534790245,0.01522487564461561,0.021574646992918778,0.00223015165031204
2019-03-21,0.008598983332434917,0.01946490276878765,0.00857576387648007,0.01926070217925102,0.00831713951260915,0.018863746438630757,0.008598983332434695,0.01946490276878765,0.008575763876479847,0.019260702179251243,0.00831713951260915,0.018863746438630757,0.008598983332434695,0.01946490276878765,0.00857576387648007,0.0192607021792508,0.00831713951260915,0.01886374643863098,0.004672897196261738
2019-03-22,0.0011296485278684543,0.018335530650052112,0.0011568327138067325,0.017852786568383072,0.0012835514353317645,0.01729102785574521,0.0011296485278684543,0.018335530650052112,0.0011568327138067325,0.017852786568383294,0.0012835514353317645,0.01729102785574521,0.0011296485278686763,0.018335530650051668,0.0011568327138067325,0.017852786568383072,0.0012835514353315425,0.017291027855745655,0.007530454042081969
2019-03-25,-0.007294730252847992,-0.011960426761589815,-0.0071801276498042466,-0.01181523782141114,-0.007319399913801372,-0.011908155755905203,-0.007294730252847881,-0.011960426761589815,-0.0071801276498042466,-0.01181523782141125,-0.007319399913801372,-0.011908155755905092,-0.007294730252847881,-0.011960426761589593,-0.0071801276498041355,-0.011815237821411029,-0.00731939991380115,-0.011908155755905203,-0.014948340294570261
2019-03-26,0.004266610000161597,-0.013180327404271441,0.004127037764907193,-0.013056370780939353,0.004558833980577548,-0.012562149979904791,0.004266610000161597,-0.01318032740427133,0.004127037764907193,-0.013056370780939575,0.00455883398057777,-0.012562149979904791,0.004266610000161819,-0.01318032740427133,0.004127037764907193,-0.013056370780939464,0.004558833980577548,-0.012562149979905013,0.010488730194152973
2019-03-27,0.004649241149326411,0.01737438159586646,0.004688586116089022,0.01737447168052575,0.004464800675522573,0.017053573087666862,0.004649241149326411,0.01737438159586646,0.004688586116089244,0.01737447168052597,0.004464800675522573,0.01705357308766664,0.004649241149326189,0.01737438159586646,0.004688586116089244,0.01737447168052597,0.004464800675522795,0.017053573087666862,-0.0019876325088340474
2019-03-28,-0.007692306770510138,-0.006281540539588071,-0.007787241079265539,-0.006205459567667271,-0.007979583950710745,-0.006677693460699463,-0.007692306770510249,-0.006281540539588182,-0.007787241079265761,-0.00620545956766716,-0.007979583950710967,-0.006677693460699574,-0.007692306770510138,-0.00628154053958796,-0.00778724107926565,-0.006205459567667271,-0.007979583950710856,-0.006677693460699574,-0.0015490152688647507
2019-03-29,0.003746782895508005,0.008950345634815893,0.005898029459505683,0.01632278664121034,0.006158067111338594,0.016555488115001626,0.0033899440404971948,0.007611780014624259,0.005898029459505683,0.01632278664121034,0.006158067111338594,0.016555488115001626,0.0028560185724286757,0.005603931584335697,0.005898029459505683,0.01632278664121034,0.006158067111338594,0.01655548811500207,0.007313829787234161
2019-04-01,0.005520331649658594,0.009520086910911107,0.0038135383844670745,0.00599510743770626,0.010131799403612751,0.01523453491095661,0.005520331649658594,0.009520086910910885,0.0034724445605394116,0.0046661561496075254,0.010131799403612751,0.01523453491095661,0.005520331649658594,0.00952008691091133,0.0029620778304635387,0.0026727292174599793,0.010131799403612751,0.015234534910956832,0.006160616061606117
2019-04-02,0.016010488963997593,0.014288516880684554,0.015932763226744084,0.014224535129509386,0.013161838044309704,0.011180858584197484,0.016010488963997593,0.014288516880684554,0.015932763226743862,0.014224535129509386,0.012825049321988136,0.009852947651461053,0.016010488963997815,0.014288516880684332,0.015932763226743862,0.014224535129508942,0.012320465247815937,0.007861081252356295,0.003280122457905321
2019-04-03,0.009457300020408788,0.009451488505929806,0.009553241406633717,0.009588946358539463,0.008721019993980006,0.008764280421551307,0.009457300020408788,0.009451488505929362,0.009553241406633717,0.009588946358539685,0.008721019993980006,0.008764280421551307,0.00945730002040901,0.009451488505929806,0.009553241406633717,0.009588946358539685,0.008721019993979784,0.008764280421551529,0.00043591979075841003
2019-04-08,0.027256770969908306,0.018975191846215322,0.027404623169297926,0.019251276011528207,0.026802135988461373,0.018618153902161483,0.027256770969908084,0.0189751918462151,0.027404623169298148,0.019251276011528207,0.02680213598846115,0.018618153902161483,0.02725677096990875,0.018975191846215544,0.027404623169297926,0.019251276011528207,0.02680213598846093,0.018618153902161483,0.011546840958605697
2019-04-09,-0.006786192187385742,0.0035882549403394304,-0.006828687655963783,0.0034642586243995854,-0.005994173162043426,0.004448165703515805,-0.006786192187385631,0.0035882549403396524,-0.006828687655963894,0.0034642586243998075,-0.005994173162043537,0.004448165703515583,-0.006786192187385853,0.0035882549403394304,-0.006828687655963894,0.0034642586243995854,-0.005994173162043426,0.004448165703515583,0.004738315744130972
2019-04-10,-0.0030026800214904004,-0.0041984413269327,-0.003020553549519689,-0.004225836163204821,-0.002978007426217899,-0.00423307043549026,-0.0030026800214904004,-0.0041984413269327,-0.003020553549519578,-0.004225836163204821,-0.00297800742621801,-0.004233070435490149,-0.0030026800214905114,-0.004198441326932478,-0.003020553549519689,-0.004225836163204488,-0.002978007426217788,-0.004233070435490038,-0.001071811361200381
2019-04-11,-0.00408153740736128,0.012419745355551237,-0.0041025152144619215,0.012368208270655323,-0.0042639775532165025,0.012357533011268407,-0.004081537407361613,0.01241974535555146,-0.0041025152144618104,0.012368208270655323,-0.004263977553216058,0.012357533011268407,-0.004081537407361391,0.012419745355551015,-0.0041025152144618104,0.012368208270654879,-0.0042639775532162805,0.012357533011268407,-0.0023605150214591752
2019-04-12,-0.0013108125011292993,0.0006015429299472963,-0.0013381355518057303,0.0006126710077525299,-0.001521056464643511,0.0004482727898915684,-0.0013108125011290772,0.0006015429299470743,-0.0013381355518058413,0.0006126710077523079,-0.001521056464643511,0.0004482727898915684,-0.0013108125011290772,0.0006015429299472963,-0.0013381355518057303,0.0006126710077525299,-0.001521056464643511,0.00044827278989134633,-0.0017208001720800947
2019-04-15,0.0024723135627779946,0.005784060177486339,0.0024375709331641016,0.00577898447149261,0.0023231700151911117,0.005780440845952528,0.0024723135627782167,0.005784060177486561,0.0024375709331643236,0.00577898447149261,0.0023231700151911117,0.005780440845952528,0.0024723135627777726,0.005784060177486561,0.0024375709331641016,0.00577898447149261,0.0023231700151911117,0.005780440845952528,0.006248653307477037
2019-04-16,0.0004390770546380818,0.0047795151294935945,0.0005430379168718247,0.0048891834572160064,0.0005861665794024695,0.004985615791084808,0.00043907705463785973,0.004779515129493372,0.0005430379168716026,0.0048891834572160064,0.0005861665794022475,0.00498561579108503,0.0004390770546383038,0.0047795151294938165,0.0005430379168718247,0.0048891834572160064,0.0005861665794024695,0.004985615791085252,0.006852248394004334
2019-04-17,0.0013125904401702915,-6.429368139315716e-05,0.001256568721709872,-0.00010615317769169241,0.0011240526284077568,-0.0002568144250848503,0.0013125904401705135,-6.429368139293512e-05,0.001256568721710094,-0.00010615317769169241,0.0011240526284077568,-0.00025681442508496133,0.0013125904401702915,-6.429368139315716e-05,0.001256568721709872,-0.00010615317769147037,0.0011240526284077568,-0.00025681442508496133,0.008507018290089263
2019-04-18,-0.003820156348290471,-0.0023403412237364973,-0.0039157060660270915,-0.002450019824381533,-0.0038473979192052976,-0.0024018703792887397,-0.00382015634829036,-0.0023403412237367194,-0.0039157060660269805,-0.002450019824381533,-0.0038473979192050756,-0.0024018703792885177,-0.003820156348290582,-0.0023403412237364973,-0.0039157060660270915,-0.002450019824381533,-0.0038473979192051866,-0.0024018703792888507,-0.001265288907633999
2019-04-19,0.001382246089786543,0.00260199464763633,0.0012919003713820487,0.0025422144685240955,0.0010698362397627559,0.0023602009454382067,0.0013822460897860989,0.002601994647636552,0.0012919003713818267,0.0025422144685240955,0.0010698362397627559,0.0023602009454379846,0.001382246089786321,0.00260199464763633,0.0012919003713818267,0.0025422144685240955,0.0010698362397625338,0.0023602009454382067,-0.0006334459459459429
2019-04-22,0.005897728343199793,0.004121211709464889,0.005790254681448559,0.0040292505352541585,0.005786696078568632,0.004025152882195071,0.005897728343200237,0.004121211709464889,0.005790254681448781,0.0040292505352541585,0.005786696078568632,0.004025152882195071,0.005897728343200237,0.004121211709465111,0.005790254681448559,0.0040292505352541585,0.005786696078568632,0.004025152882195293,0.0021128248468202937
2019-04-23,-0.00583172641148566,-0.006645349471598894,-0.005790516049980821,-0.006600652668128815,-0.005415492689302304,-0.006236024873158441,-0.0058317264114859935,-0.006645349471598672,-0.005790516049980932,-0.006600652668128926,-0.005415492689302415,-0.00623602487315833,-0.0058317264114859935,-0.006645349471599116,-0.005790516049980821,-0.006600652668128815,-0.005415492689302304,-0.006236024873158552,0.0023192072527935537
2019-04-24,0.009696418430617637,0.02089015016228135,0.009780450276545949,0.02081639413423675,0.009424307732512904,0.020645094078321602,0.009696418430617859,0.02089015016228113,0.009780450276545949,0.02081639413423697,0.009424307732512904,0.020645094078321602,0.009696418430617859,0.020890150162281573,0.009780450276545949,0.02081639413423675,0.009424307732512904,0.020645094078321602,0.0012620950778292617
2019-04-25,0.011009909092734249,-0.00501121713647501,0.011042623274180263,-0.004929398562151355,0.011212176190086742,-0.005087837861002753,0.011009909092734249,-0.005011217136475232,0.011042623274180485,-0.004929398562151466,0.01121217619008652,-0.005087837861002753,0.011009909092734471,-0.005011217136475232,0.011042623274180485,-0.004929398562151355,0.011212176190086298,-0.005087837861002753,0.0010504201680672232
2019-04-26,-0.013555279953171406,-0.024057770820411162,-0.013644244101735925,-0.024028566750607827,-0.013293565303442834,-0.02378331620036378,-0.013555279953171517,-0.02405777082041083,-0.013644244101735925,-0.024028566750607605,-0.013293565303442723,-0.02378331620036378,-0.01355527995317174,-0.024057770820411162,-0.013644244101735814,-0.024028566750607716,-0.013293565303442612,-0.02378331620036389,-0.00650577124868823
2019-04-29,-0.018321884645568276,-0.019013829605596166,-0.018372472172348497,-0.019119291324638854,-0.017535655443898235,-0.018370982278209436,-0.018321884645568165,-0.019013829605596277,-0.01837247217234872,-0.019119291324639187,-0.01753565544389779,-0.018370982278209325,-0.018321884645568276,-0.01901382960559639,-0.01837247217234872,-0.019119291324638854,-0.01753565544389779,-0.018370982278209325,0.0
2019-04-30,0.01543108328005216,0.032188488272821614,0.010769125428654824,0.020807909522863932,0.010238117370406918,0.020389443288350018,0.014853345490211334,0.03106685373150886,0.010769125428655046,0.020807909522864154,0.010238117370406696,0.020389443288349796,0.013987819901613241,0.02938650078657057,0.010769125428654824,0.020807909522863932,0.010238117370406696,0.020389443288350018,-0.00021123785382348714
2019-05-02,-0.008251729867777446,0.0030766556929344713,-0.009740439237418852,0.004987422309690626,-0.008216599221303134,0.0011306175976557586,-0.008251729867777668,0.0030766556929349154,-0.010297251178260636,0.00387277857032986,-0.008216599221302912,0.0011306175976557586,-0.008251729867777557,0.0030766556929344713,-0.011131427151011342,0.002202898746729076,-0.008216599221302912,0.0011306175976555366,0.005070779632368572
2019-05-03,0.015728037132666683,0.019273029814901532,0.015580159538715499,0.01922204619949519,0.014618467493991538,0.018360520690247517,0.015728037132666906,0.019273029814901754,0.015580159538715499,0.019222046199494747,0.01406707132747087,0.017241258718840857,0.015728037132666683,0.019273029814901754,0.015580159538715499,0.019222046199494747,0.013241008881892835,0.015564460189072538,0.006937145259617417
2019-05-06,-0.015692568437789323,-0.025623502547654886,-0.015702153036437627,-0.025631702309838467,-0.015585321753286419,-0.025451279969922913,-0.015692568437789545,-0.02562350254765522,-0.015702153036437738,-0.02563170230983791,-0.015585321753287085,-0.025451279969923024,-0.015692568437789434,-0.02562350254765522,-0.015702153036437738,-0.025631702309838134,-0.015585321753286974,-0.025451279969923357,-0.012526096033402934
2019-05-07,0.01577566533007979,0.021037784830855166,0.015634334504995406,0.0211137555729628,0.015542894109957572,0.021329493763072804,0.015775665330080013,0.02103778483085539,0.01563433450499563,0.021113755572962578,0.015542894109958016,0.021329493763072804,0.015775665330080013,0.02103778483085539,0.01563433450499563,0.0211137555729628,0.015542894109957794,0.02132949376307325,0.006765327695560153
2019-05-08,0.005129523616705045,-0.010908552423951168,0.005130600372001748,-0.010980613708164944,0.005086301581369135,-0.010967841465785,0.005129523616705045,-0.010908552423951057,0.005130600372001526,-0.010980613708164944,0.005086301581369357,-0.010967841465784667,0.005129523616705045,-0.010908552423951168,0.005130600372001526,-0.010980613708164944,0.005086301581369357,-0.010967841465785222,-0.004619907601847939
2019-05-09,-0.03309672204381853,-0.03598988941251846,-0.0330193906531463,-0.035960379317066526,-0.03301590181209113,-0.03582243855322309,-0.03309672204381908,-0.035989889412519016,-0.033019390653145964,-0.03596037931706575,-0.03301590181209191,-0.03582243855322298,-0.03309672204381875,-0.03598988941251913,-0.033019390653146075,-0.03596037931706586,-0.033015901812091686,-0.035822438553223646,-0.015822784810126556
2019-05-10,-0.0011192978526531894,0.0061927433252071395,-0.0012474082678527454,0.006092447841062887,-0.0012162149141201617,0.0059396477797117875,-0.0011192978526531894,0.006192743325207362,-0.0012474082678529674,0.006092447841062665,-0.0012162149141201617,0.0059396477797117875,-0.0011192978526530784,0.006192743325207362,-0.0012474082678529674,0.006092447841062443,-0.0012162149141202727,0.0059396477797120095,-0.0008574490889603492
2019-05-13,-0.0130176691513183,-0.017107956252987777,-0.0131304360286838,-0.01723795672400963,-0.013279716614206794,-0.017373544848395706,-0.013017669151318412,-0.017107956252988,-0.01313043602868369,-0.01723795672400885,-0.013279716614207238,-0.017373544848395595,-0.013017669151318412,-0.017107956252988,-0.01313043602868369,-0.017237956724008963,-0.013279716614207127,-0.01737354484839604,-0.01566187513409134
2019-05-14,-0.004417188911326364,0.019909214026749833,-0.004500632508143365,0.01997970514322489,-0.004428379579084707,0.019878019755876997,-0.004417188911326475,0.019909214026750055,-0.004500632508143365,0.019979705143224225,-0.004428379579084707,0.019878019755876997,-0.004417188911326697,0.019909214026750055,-0.004500632508143476,0.019979705143224225,-0.004428379579084596,0.01987801975587744,-0.006974716652136004
2019-05-15,0.016483950328509467,0.02014962561309197,0.016222051099076262,0.020018455975567617,0.016065275427400216,0.019943488830508116,0.01648395032850969,0.020149625613092192,0.016222051099076262,0.020018455975567173,0.01606527542740044,0.019943488830507894,0.01648395032850991,0.02014962561309197,0.016222051099076262,0.020018455975567617,0.01606527542740044,0.019943488830508338,-0.00021949078138727707
2019-05-16,-0.024821400047960185,-0.03632944009508432,-0.02453593824586997,-0.03627320909907039,-0.024380948054904872,-0.03621780312776468,-0.024821400047960518,-0.03632944009508465,-0.024535938245869526,-0.036273209099069614,-0.024380948054905538,-0.03621780312776457,-0.024821400047960407,-0.03632944009508443,-0.024535938245869637,-0.036273209099069836,-0.024380948054905316,-0.036217803127765125,-0.004171240395170139
2019-05-17,-0.02566653956569398,-0.03231337436004156,-0.025540374141625466,-0.03234576456337512,-0.025455654626628688,-0.03221071967921629,-0.025666539565694535,-0.032313374360042,-0.025540374141625355,-0.03234576456337457,-0.02545565462662913,-0.03221071967921618,-0.025666539565694313,-0.032313374360042224,-0.025540374141625577,-0.03234576456337479,-0.02545565462662913,-0.03221071967921696,-0.014991181657848296
2019-05-20,0.0020274009649952074,-0.01557049083382056,0.0021928889089244397,-0.015441526485066581,0.002304237633362849,-0.01538771166805164,0.0020274009649952074,-0.015570490833820672,0.0021928889089242176,-0.01544152648506636,0.002304237633362849,-0.015387711668051085,0.0020274009649952074,-0.015570490833820672,0.0021928889089246617,-0.01544152648506647,0.002304237633362849,-0.01538771166805164,0.0
2019-05-21,0.012739276723740867,0.019465155888742647,0.012619206042681963,0.01941903241702625,0.012559801555651173,0.019306083001716656,0.01273927672374131,0.019465155888742425,0.012619206042682185,0.019419032417025806,0.012559801555651395,0.019306083001716434,0.012739276723741089,0.019465155888742647,0.012619206042681741,0.019419032417026028,0.012559801555651395,0.01930608300171688,0.00044762757385852225
2019-05-22,-0.0022977540163083843,-0.009663568116200283,-0.0023822247080010905,-0.009656773050240819,-0.002320970823686097,-0.00940766059292164,-0.0022977540163086063,-0.009663568116200172,-0.0023822247080012016,-0.009656773050240597,-0.002320970823686319,-0.009407660592921752,-0.0022977540163086063,-0.009663568116200172,-0.0023822247080012016,-0.009656773050240819,-0.002320970823686208,-0.009407660592921863,-0.00022371364653250847
2019-05-23,-0.020870526902202036,-0.019273800170654054,-0.020806666409527663,-0.019324131218975582,-0.020745288519770422,-0.019359334792771854,-0.02087052690220237,-0.019273800170654498,-0.020806666409527774,-0.01932413121897525,-0.020745288519770644,-0.019359334792771743,-0.020870526902202147,-0.019273800170654498,-0.020806666409527663,-0.01932413121897525,-0.020745288519770644,-0.019359334792772298,-0.019243678675318843
2019-05-24,-0.000527987950920461,-0.01506142680733824,-0.00027753336365288206,-0.014970936526354617,-0.0002423150881760705,-0.015014953882774074,-0.00052798795092035,-0.015061426807338352,-0.00027753336365277104,-0.014970936526354506,-0.00024231508817618153,-0.015014953882773963,-0.000527987950920461,-0.015061426807338352,-0.0002775333636529931,-0.014970936526354506,-0.00024231508817618153,-0.015014953882774407,0.003422313483915085
2019-05-27,-0.0073473821756177005,0.0016116076494141485,-0.007257839902617191,0.0016555732496581488,-0.007304727330430194,0.0015021214980146524,-0.0073473821756179225,0.0016116076494139264,-0.007257839902617191,0.0016555732496583708,-0.007304727330430305,0.0015021214980146524,-0.0073473821756179225,0.0016116076494141485,-0.007257839902616969,0.0016555732496581488,-0.007304727330430083,0.0015021214980148745,-0.0006821282401090478
2019-05-28,0.0006631171945077341,0.00045797619681176016,0.0024616408484006147,0.005966195373505068,0.00250508879138045,0.0060207034245278734,-0.0013442310847190386,-0.001548960565869839,0.0024616408484006147,0.005966195373504846,0.0025050887913802278,0.0060207034245278734,-0.004355253503559031,-0.004559365709892682,0.0024616408484006147,0.005966195373504846,0.0025050887913802278,0.0060207034245278734,-0.0015927189988623747
2019-05-29,0.0,0.0,-0.015988061018298083,-0.01236671633090014,0.0002671258427391354,0.017827383263414154,0.0,0.0,-0.017962006733406866,-0.014347926528831878,0.00026712584273935747,0.01782738326341371,0.0,0.0,-0.020922925306069984,-0.017319741825729706,0.00026712584273935747,0.017827383263414376,-0.004102096627164986
2019-05-30,0.0,0.0,0.0,0.0,-0.002174026370912796,0.0002788910823294799,0.0,0.0,0.0,0.0,-0.004175683288925369,-0.001727686432379305,0.0,0.0,0.0,0.0,-0.007178168665943341,-0.004737552704442538,0.009153318077803174
2019-05-31,0.0,0.0,0.0,0.0,0.0,0.0,0.0,0.0,0.0,0.0,0.0,0.0,0.0,0.0,0.0,0.0,0.0,0.0,0.014058956916099818
2019-06-03,0.0,0.0,0.0,0.0,0.0,0.0,0.0,0.0,0.0,0.0,0.0,0.0,0.0,0.0,0.0,0.0,0.0,0.0,0.0026833631484795006
2019-06-04,0.0,0.0,0.0,0.0,0.0,0.0,0.0,0.0,0.0,0.0,0.0,0.0,0.0,0.0,0.0,0.0,0.0,0.0,-0.006467439785905582
2019-06-05,0.0,0.0,0.0,0.0,0.0,0.0,0.0,0.0,0.0,0.0,0.0,0.0,0.0,0.0,0.0,0.0,0.0,0.0,0.0008978675645343603
2019-06-06,0.0017339663295725671,-0.0013018745325117376,0.0,0.0,0.0,0.0,0.00048569970486278535,-0.0027943250313422485,0.0,0.0,0.0,0.0,-0.0013808780930938402,-0.005024655815317858,0.0,0.0,0.0,0.0,-0.007400762502803415
2019-06-10,0.021767592486618303,0.04707840905117111,0.008462487561388343,0.027608152018553156,0.0,0.0,0.021767592486618526,0.047078409051171555,0.007205836486545492,0.026072498491252816,0.0,0.0,0.021767592486618303,0.04707840905117067,0.005326721119965905,0.023777604732201585,0.0,0.0,0.019882512426570242
2019-06-11,0.009241893782140576,0.01689621991012591,0.009069027034195098,0.01684347996322111,0.00536286875366887,0.00881272265314359,0.009241893782140798,0.01689621991012613,0.009069027034195098,0.01684347996322111,0.004110080132168736,0.007305156940585755,0.009241893782140576,0.01689621991012591,0.009069027034194876,0.016843479963220664,0.0022367404304297622,0.005052237852000818,0.006424457244129433
2019-06-12,-0.006539444243196857,0.00236015441625681,-0.006389297044438358,0.0022359726433214266,-0.006380619505459206,0.0022846087016967775,-0.006539444243196746,0.002360154416256588,-0.006389297044438025,0.0022359726433216487,-0.006380619505459095,0.0022846087016969996,-0.006539444243196746,0.00236015441625681,-0.006389297044438247,0.0022359726433216487,-0.006380619505459095,0.0022846087016967775,0.0004402377283734271
2019-06-13,-0.004519620965731663,-0.008287737663246975,-0.004542789229368016,-0.008255128806480716,-0.004504676232216731,-0.008242386097642829,-0.004519620965731996,-0.008287737663246864,-0.004542789229368016,-0.008255128806480827,-0.004504676232216398,-0.008242386097642829,-0.004519620965731885,-0.008287737663246975,-0.004542789229367794,-0.008255128806480938,-0.004504676232216731,-0.008242386097642607,-0.006820682068206851
2019-06-14,-0.003447705555059799,-0.0011417477656681108,-0.0033355870933631238,-0.001128718948516516,-0.0031481915065024735,-0.00102000855473805,-0.003447705555059688,-0.0011417477656682218,-0.003335587093363346,-0.001128718948516405,-0.0031481915065028065,-0.00102000855473805,-0.003447705555059577,-0.0011417477656682218,-0.003335587093363346,-0.001128718948516405,-0.0031481915065026955,-0.001020008554738161,-0.00443066016836513
2019-06-17,0.003305565444998715,0.001901667079577285,0.0032699763224759426,0.0018189765287517368,0.003249919542049007,0.0018784540657539317,0.003305565444998715,0.001901667079577063,0.0032699763224761647,0.0018189765287517368,0.003249919542049007,0.0018784540657539317,0.003305565444998715,0.001901667079577285,0.0032699763224763867,0.0018189765287519588,0.003249919542049007,0.0018784540657539317,-0.0006675567423231055
2019-06-18,-0.0014175860059515433,-0.004665966254593923,-0.0014101612422572352,-0.004546818656051221,-0.0013279662172009932,-0.004432351482711594,-0.0014175860059517653,-0.004665966254594034,-0.0014101612422573462,-0.004546818656051332,-0.0013279662172008821,-0.004432351482711816,-0.0014175860059517653,-0.004665966254594145,-0.0014101612422573462,-0.004546818656051332,-0.0013279662172007711,-0.004432351482711705,0.0013360053440214514
2019-06-19,0.022041972742687266,0.03497937655079508,0.021750746301326895,0.03465218483456889,0.021008278184266427,0.033876653506942134,0.022041972742687488,0.03497937655079553,0.021750746301326895,0.03465218483456933,0.021008278184266427,0.033876653506942356,0.022041972742687488,0.03497937655079508,0.021750746301326895,0.03465218483456867,0.021008278184266427,0.03387665350694191,0.023348899266177447
2019-06-20,0.007920776813651331,0.004804850644974268,0.007767379525513762,0.004815443988117396,0.0076563666771338745,0.0046377664274628305,0.007920776813651553,0.004804850644974268,0.007767379525513762,0.004815443988117174,0.0076563666771338745,0.0046377664274630526,0.007920776813651331,0.004804850644974046,0.007767379525513762,0.004815443988117396,0.0076563666771336525,0.0046377664274628305,-0.0004345936549327023
2019-06-21,-0.005889624344788458,-0.010899390497453698,-0.005809458487120112,-0.010712700469565073,-0.0056696037822225875,-0.010382535818390437,-0.00588962434478868,-0.010899390497453587,-0.005809458487120001,-0.010712700469564962,-0.0056696037822225875,-0.010382535818390437,-0.005889624344788569,-0.010899390497453365,-0.005809458487120112,-0.010712700469565073,-0.0056696037822223655,-0.010382535818390437,0.0
2019-06-24,0.001331649316867578,0.005226685441452217,0.0013789703328774827,0.005262765263278846,0.0014594763744286698,0.005183819996613881,0.0013316493168678,0.005226685441452217,0.0013789703328774827,0.005262765263278846,0.0014594763744288919,0.005183819996613881,0.0013316493168678,0.005226685441451995,0.0013789703328774827,0.005262765263279068,0.0014594763744286698,0.005183819996614103,0.007608695652173925
2019-06-25,-0.007705356177577838,-0.007467075494285602,-0.007625167527226084,-0.0074379086244446,-0.007448245181318702,-0.0075014906458290564,-0.007705356177577949,-0.007467075494285602,-0.007625167527226195,-0.007437908624444489,-0.007448245181318702,-0.0075014906458292785,-0.00770535617757806,-0.007467075494285713,-0.007625167527226084,-0.007437908624444711,-0.007448245181318591,-0.0075014906458291675,-0.007551240560949357
2019-06-26,0.002117766933899645,0.00015913940368328383,0.002074682192819477,1.1841825770630976e-05,0.0019353981524181663,3.6083292075383966e-05,0.002117766933899645,0.00015913940368306179,0.002074682192819477,1.184182577085302e-05,0.0019353981524179442,3.6083292075383966e-05,0.002117766933899645,0.00015913940368328383,0.002074682192819477,1.184182577085302e-05,0.0019353981524179442,3.6083292075383966e-05,-0.0021739130434782483
2019-06-27,0.013163011954758552,0.029043218350955247,0.0168632478230637,0.026280188484185896,0.016531176479802623,0.025586313063384214,0.011828688497851791,0.027924413194219566,0.0168632478230637,0.026280188484185674,0.016531176479802623,0.025586313063384436,0.009832187090343503,0.026246205459115712,0.0168632478230637,0.02628018848418545,0.016531176479802623,0.025586313063384214,0.01350762527233118
2019-06-28,-0.012052972945520768,-0.021061021576047834,-0.013263202859192469,-0.0197486587953547,-0.010632043106767242,-0.01582112287294546,-0.012052972945520768,-0.021061021576048056,-0.014574020731647819,-0.02082417769956757,-0.010632043106767464,-0.01582112287294557,-0.012052972945520768,-0.02106102157604839,-0.01653535155724195,-0.022435443483088124,-0.010632043106767242,-0.01582112287294546,-0.006018916595012969
2019-07-01,0.023911617077736702,0.030095060961419007,0.0238872180816736,0.029266144495113222,0.013263527184468993,0.029117332332015522,0.023911617077736924,0.03009506096141945,0.0238872180816736,0.029266144495112778,0.011920832838875128,0.02799837091462276,0.023911617077737146,0.030095060961419673,0.023887218081674044,0.029266144495113222,0.009911806364105491,0.02632202265346084,0.020328719723183397
2019-07-02,0.008323137357927113,0.0029616029806325272,0.008210741279888634,0.0025969775954752805,0.0083285168592655,0.002715912152725375,0.008323137357927113,0.0029616029806325272,0.008210741279888634,0.0025969775954750585,0.008328516859265278,0.002715912152725153,0.008323137357927335,0.0029616029806325272,0.008210741279888634,0.0025969775954752805,0.0083285168592655,0.002715912152725375,-0.003179313268333983
2019-07-03,-0.01491936142410355,-0.01483952411955225,-0.014799768588968254,-0.014381654193123095,-0.014407823805884568,-0.014176528640565511,-0.014919361424103439,-0.014839524119552472,-0.014799768588968254,-0.01438165419312265,-0.014407823805884568,-0.014176528640565289,-0.014919361424103772,-0.014839524119552472,-0.014799768588968476,-0.014381654193122873,-0.014407823805884568,-0.014176528640565622,-0.01169466298107602
2019-07-04,0.005814529064058771,0.00015539540844944355,0.005892740851023648,8.60202666388421e-05,0.005940532067989723,8.461301548834399e-05,0.005814529064058549,0.00015539540844944355,0.005892740851023648,8.602026663862006e-05,0.005940532067989723,8.461301548834399e-05,0.005814529064058549,0.00015539540844944355,0.00589274085102387,8.60202666388421e-05,0.005940532067989723,8.461301548856603e-05,0.004733218588640398
2019-07-05,-0.005927293744474649,-0.002342371626206652,-0.005960918651325642,-0.002059577368884069,-0.005974501817235689,-0.0020909201327599103,-0.005927293744474649,-0.002342371626206652,-0.005960918651325309,-0.002059577368884069,-0.005974501817235467,-0.0020909201327600213,-0.005927293744474538,-0.002342371626206541,-0.005960918651325753,-0.00205957736888418,-0.005974501817235578,-0.0020909201327602434,0.0004282655246252709
2019-07-08,-0.009010506646424887,-0.007681935563376707,-0.008965326389062889,-0.0076108597354827,-0.009002895096269836,-0.007643348425174223,-0.009010506646424665,-0.00768193556337704,-0.00896532638906311,-0.007610859735482589,-0.009002895096269725,-0.007643348425174001,-0.009010506646424665,-0.00768193556337704,-0.008965326389062889,-0.007610859735482811,-0.009002895096269836,-0.007643348425174112,-0.00042808219178069873
2019-07-09,-0.0022663352857080765,-0.002632877516056231,-0.0021825353711756312,-0.0027323595623168773,-0.0016857279492853428,-0.002272804941676476,-0.0022663352857081875,-0.00263287751605612,-0.0021825353711756312,-0.0027323595623166552,-0.0016857279492852317,-0.002272804941676587,-0.0022663352857084096,-0.00263287751605612,-0.0021825353711758533,-0.0027323595623166552,-0.0016857279492853428,-0.0022728049416766982,-0.0032119914346896428
2019-07-10,0.00712203345364415,-0.0013386830684484208,0.0073013303277214,-0.000906792071660778,0.0070221533950169945,-0.0010843489525684813,0.00712203345364415,-0.0013386830684485318,0.0073013303277214,-0.000906792071660778,0.0070221533950167725,-0.0010843489525683703,0.00712203345364415,-0.0013386830684485318,0.0073013303277214,-0.000906792071660667,0.0070221533950169945,-0.0010843489525682593,0.008592910848550073
2019-07-11,0.011116449341595391,0.005131425522956423,0.011061798729701033,0.004989024028440481,0.010706012834149181,0.004578017404695878,0.011116449341595391,0.005131425522956645,0.011061798729700811,0.004989024028440481,0.010706012834148959,0.004578017404695656,0.011116449341595613,0.005131425522956645,0.011061798729701033,0.004989024028440703,0.010706012834149181,0.004578017404695656,0.009584664536741228
2019-07-12,-0.01018670499859764,-0.005871758472300037,-0.010240101401859936,-0.0059646790347304135,-0.01008743503507381,-0.005816084658294973,-0.010186704998597529,-0.005871758472300148,-0.010240101401859936,-0.00596467903473008,-0.0100874350350737,-0.005816084658294862,-0.01018670499859764,-0.005871758472300037,-0.010240101401860047,-0.0059646790347305245,-0.01008743503507381,-0.005816084658294973,-0.0012658227848100223
2019-07-15,0.003444337112330942,0.017600109093161453,0.0034689698434402505,0.01769960148814853,0.003203499980506175,0.017591533428426454,0.003444337112331164,0.017600109093161675,0.0034689698434404725,0.017699601488148087,0.0032034999805059527,0.017591533428426676,0.003444337112331164,0.017600109093161898,0.0034689698434404725,0.01769960148814831,0.0032034999805059527,0.017591533428426676,0.003591043514997727
2019-07-16,-0.0049422355496914205,-0.00884134619362753,-0.004924278221862033,-0.008845771832390437,-0.004757710034112628,-0.008844519489384806,-0.0049422355496915316,-0.00884134619362742,-0.004924278221862255,-0.008845771832390326,-0.004757710034112406,-0.008844519489384917,-0.0049422355496915316,-0.008841346193627642,-0.004924278221862366,-0.008845771832390548,-0.004757710034112295,-0.008844519489384917,0.005683014102294326
2019-07-17,0.0030159008854835356,0.00417805208045241,0.0029638540890302156,0.004125832214910696,0.003018037674453522,0.004070392152522917,0.0030159008854833136,0.00417805208045241,0.0029638540890306597,0.004125832214910474,0.0030180376744533,0.004070392152523139,0.0030159008854830915,0.004178052080452188,0.0029638540890306597,0.004125832214910696,0.0030180376744533,0.004070392152523139,-0.007743825868564369
2019-07-18,0.0014487889241927565,0.005483276702655804,0.0012872386425366589,0.005611191846374597,0.000995264812871266,0.0050648236006358704,0.0014487889241932006,0.005483276702656026,0.0012872386425366589,0.005611191846374597,0.000995264812871266,0.0050648236006358704,0.0014487889241932006,0.005483276702656248,0.0012872386425366589,0.005611191846374597,0.000995264812871266,0.0050648236006358704,-0.014764817549040243
2019-07-19,0.009747831858894607,0.009798705850095013,0.00961015871532478,0.009249132501368607,0.009442831285110032,0.009062764721623706,0.009747831858894607,0.009798705850095013,0.00961015871532478,0.009249132501368384,0.009442831285110254,0.009062764721623706,0.009747831858894607,0.009798705850095013,0.009610158715325001,0.009249132501368607,0.009442831285110254,0.009062764721623928,0.008349389852279954
2019-07-22,0.01069111394111144,0.024464313549570793,0.010646103877425706,0.023514876303906806,0.010274742000588644,0.023233295346916538,0.010691113941111219,0.024464313549571237,0.010646103877425483,0.02351487630390614,0.0102747420005882,0.023233295346916316,0.01069111394111144,0.02446431354957146,0.010646103877425706,0.023514876303906584,0.010274742000588422,0.023233295346916538,0.005520169851380041
2019-07-23,-0.01288617638314049,-0.012388216300478705,-0.012578710724439834,-0.012066936199420342,-0.012909176420002333,-0.01180690816277008,-0.012886176383140269,-0.012388216300478816,-0.012578710724439501,-0.012066936199419898,-0.01290917642000211,-0.011806908162769969,-0.01288617638314049,-0.012388216300479038,-0.012578710724439723,-0.01206693619942023,-0.012909176420002444,-0.011806908162770191,0.0008445945945945166
2019-07-24,0.005161029140363649,-0.023139188748324768,0.005550424693028466,-0.02320794625707512,0.004849996889858543,-0.023325933330766824,0.005161029140363649,-0.0231391887483251,0.005550424693028466,-0.023207946257074674,0.004849996889858543,-0.023325933330766935,0.005161029140363649,-0.023139188748325212,0.005550424693028466,-0.023207946257074896,0.004849996889858543,-0.023325933330767046,-0.00021097046413498521
2019-07-25,-0.006337963323205242,0.0017782529508933997,-0.007483410261536538,0.002594663278370657,-0.007574237994748656,0.0023248706033685007,-0.00668702390110254,0.0015502469790933393,-0.007483410261536649,0.002594663278370435,-0.007574237994748434,0.0023248706033685007,-0.007210942339811566,0.0012086646792741629,-0.007483410261536871,0.002594663278370657,-0.007574237994748434,0.0023248706033682787,0.00168811985650974
2019-07-26,-0.0024634288482052735,-0.0011290341026195527,-0.0035611297084556792,-0.0012842810826184659,-0.003327469945316186,-0.0008603965049425177,-0.0024634288482051625,-0.0011290341026195527,-0.003910651883349492,-0.0014880637718529544,-0.003327469945316075,-0.0008603965049426288,-0.0024634288482054956,-0.0011290341026195527,-0.00443526315073417,-0.0017933564758213505,-0.003327469945316297,-0.0008603965049422957,-0.0018959342742783658
2019-07-29,-0.0024696431916784167,0.0017975663097589134,-0.0023798740508098604,0.00185238365877205,-0.003930314305279126,0.0018316117010985788,-0.0024696431916785277,0.0017975663097589134,-0.0023798740508098604,0.001852383658772272,-0.004258409873050262,0.0016465073112030826,-0.0024696431916784167,0.0017975663097589134,-0.0023798740508096383,0.00185238365877205,-0.004751478770127382,0.0013688507263596161,-0.0006331785563529202
2019-07-30,-0.02634332443258125,-0.02558728358296125,-0.026894064995701794,-0.02549477743562445,-0.02686256318732516,-0.025540634795865658,-0.02634332443258114,-0.025587283582961362,-0.026894064995701128,-0.025494777435625005,-0.026862563187325494,-0.025540634795865547,-0.02634332443258136,-0.02558728358296125,-0.02689406499570146,-0.025494777435625116,-0.026862563187325605,-0.02554063479586499,-0.002111932418162654
2019-07-31,0.0006968731820915508,0.011016311002031154,0.0006466288103152973,0.010924074814259832,0.0006790676236951843,0.010644701418150326,0.0006968731820915508,0.011016311002031376,0.0006466288103150752,0.010924074814260276,0.0006790676236954063,0.010644701418150104,0.0006968731820917728,0.011016311002031154,0.0006466288103152973,0.010924074814260498,0.0006790676236954063,0.010644701418149882,-0.00232804232804229
2019-08-01,-0.004982364349267132,0.0017904888897177784,-0.004846443950882295,0.001818729328161961,-0.004829561843293861,0.0018398277654245732,-0.004982364349267132,0.0017904888897175564,-0.004846443950882073,0.001818729328161961,-0.004829561843293861,0.0018398277654245732,-0.004982364349267243,0.0017904888897177784,-0.004846443950882295,0.001818729328161961,-0.0048295618432940834,0.0018398277654245732,-0.007212558336868957
2019-08-02,-0.020800982851136407,-0.031756827629990325,-0.020976585633560085,-0.03166507197961688,-0.0210287645137045,-0.031621747338797634,-0.020800982851136074,-0.031756827629990436,-0.020976585633559752,-0.03166507197961754,-0.021028764513704723,-0.03162174733879752,-0.020800982851136074,-0.031756827629990325,-0.020976585633559863,-0.03166507197961743,-0.021028764513704723,-0.0316217473387973,-0.014957264957264904
2019-08-05,-0.004240630341467266,0.00019610493427002496,-0.004215097611021235,0.00023702270569092576,-0.0041731969043603545,0.0002761097954673275,-0.004240630341467488,0.0001961049342698029,-0.0042150976110210125,0.00023702270569070372,-0.0041731969043602435,0.00027610979546754955,-0.0042406303414678215,0.00019610493427002496,-0.004215097611021235,0.00023702270569092576,-0.0041731969043603545,0.0002761097954673275,-0.007809110629067195
2019-08-06,-0.0035484556948648383,0.010970568299281114,-0.003511456924784384,0.011052190913372506,-0.0035758039889366433,0.010822310154149584,-0.0035484556948647272,0.010970568299281336,-0.003511456924784384,0.011052190913372728,-0.0035758039889365323,0.01082231015414914,-0.003548455694864616,0.010970568299281114,-0.003511456924784495,0.011052190913372506,-0.0035758039889365323,0.010822310154149362,-0.005028421512899062
2019-08-07,0.0017700881000610735,0.02335545546654849,0.001767325601175207,0.023409278993786753,0.0017741349693558561,0.02320858178935059,0.0017700881000608515,0.023355455466548714,0.001767325601175207,0.02340927899378742,0.0017741349693558561,0.02320858178935037,0.0017700881000606294,0.02335545546654849,0.001767325601175207,0.02340927899378742,0.0017741349693558561,0.02320858178935037,-0.0035157108327839026
2019-08-08,0.02118937777877483,0.0337878428032905,0.02153269486528897,0.03362663903104157,0.021476379255710665,0.033619093093403496,0.021189377778775054,0.033787842803290946,0.021532694865288526,0.03362663903104224,0.021476379255710665,0.033619093093403274,0.021189377778775276,0.033787842803290724,0.021532694865289193,0.03362663903104246,0.021476379255710887,0.03361909309340305,0.008379272326350495
2019-08-12,-0.00906389217912551,-0.0009280486693652445,-0.008999727955918524,-0.0008435747039564623,-0.008963361583013696,-0.0008950813400347979,-0.009063892179125954,-0.0009280486693651335,-0.008999727955918302,-0.0008435747039566843,-0.008963361583013474,-0.0008950813400345758,-0.009063892179125954,-0.0009280486693654666,-0.008999727955918524,-0.0008435747039565733,-0.008963361583013807,-0.0008950813400347979,0.0
2019-08-13,-0.005077072570878305,-0.00914843331234827,-0.004806161663456265,-0.009109603977618508,-0.004865448602502709,-0.00920762728808544,-0.00507707257087775,-0.009148433312348492,-0.004806161663456154,-0.009109603977618619,-0.004865448602502931,-0.00920762728808533,-0.005077072570877972,-0.009148433312348159,-0.004806161663456265,-0.00910960397761873,-0.004865448602502598,-0.009207627288084996,-0.009840367373715186
2019-08-14,0.005903647539803103,0.014404757719886696,0.005791465897929227,0.014287544363587923,0.005782224914437917,0.014288363105831037,0.005903647539802881,0.014404757719886918,0.005791465897929449,0.014287544363588589,0.005782224914438139,0.014288363105830815,0.005903647539803103,0.014404757719886696,0.005791465897929227,0.014287544363588367,0.005782224914437917,0.014288363105830815,0.005962897526501587
2019-08-15,-0.014807887949779608,-0.007361998274398096,-0.014798052644160453,-0.0075254726182995,-0.01474028491534396,-0.00749549204251676,-0.014807887949779608,-0.007361998274398318,-0.01479805264416012,-0.007525472618299944,-0.014740284915344404,-0.00749549204251676,-0.014807887949779941,-0.007361998274398207,-0.014798052644160564,-0.007525472618299722,-0.014740284915344293,-0.007495492042516871,-0.010098792535674916
2019-08-16,0.006183509593109093,0.015671093031894845,0.006252413938999224,0.015818024551112364,0.006283558214039697,0.015865690916584185,0.006183509593109093,0.015671093031895067,0.006252413938999002,0.015818024551112364,0.006283558214039919,0.015865690916584185,0.006183509593108871,0.015671093031895067,0.006252413938999224,0.015818024551112586,0.006283558214039919,0.015865690916583963,0.01064537591483683
2019-08-19,0.008269956281065971,0.0047492511878342025,0.008236187560058061,0.004714106901949844,0.008273238391670157,0.004698867656211414,0.008269956281065971,0.0047492511878342025,0.008236187560058061,0.004714106901950066,0.008273238391670157,0.004698867656211192,0.008269956281066193,0.0047492511878342025,0.008236187560058283,0.004714106901949844,0.008273238391670157,0.004698867656211414,0.006144393241167556
2019-08-20,5.1538260689376614e-05,-0.0003348597429037037,-4.810982061764779e-05,-0.00035449598502912405,-4.349687682048131e-05,-0.00041111431220175465,5.1538260689376614e-05,-0.00033485974290359266,-4.810982061764779e-05,-0.00035449598502901303,-4.349687682048131e-05,-0.00041111431220164363,5.153826068959866e-05,-0.00033485974290348164,-4.8109820617758814e-05,-0.000354495985028902,-4.349687682025927e-05,-0.0004111143122015326,0.0010905125408942062
2019-08-21,-0.005308503952390353,-0.009196466577817586,-0.005017913900951854,-0.009275822507047948,-0.005132522867070444,-0.009345426575097515,-0.005308503952390242,-0.009196466577817586,-0.005017913900951743,-0.00927582250704817,-0.005132522867070555,-0.009345426575097515,-0.005308503952390686,-0.009196466577817586,-0.005017913900952076,-0.009275822507048281,-0.005132522867070777,-0.009345426575097515,0.0002178649237472019
2019-08-22,0.007934571440198601,0.006429084861232726,0.007909615589512198,0.006400983309193142,0.007930153268346452,0.00644294984270255,0.007934571440198601,0.006429084861232726,0.007909615589511976,0.006400983309193364,0.007930153268346896,0.00644294984270255,0.007934571440198823,0.006429084861232948,0.007909615589512198,0.006400983309193364,0.007930153268346896,0.006442949842702328,-0.0004356349379219804
2019-08-23,-0.006375548200552639,0.007588992298160457,0.0019291537434389383,0.006222986780813455,0.0019510389473438305,0.006359674324684761,-0.008105892269472115,0.005819077823319363,0.0019291537434387163,0.006222986780813455,0.0019510389473438305,0.006359674324684983,-0.010702505086614189,0.0031658637482405716,0.0019291537434387163,0.006222986780813233,0.0019510389473436085,0.006359674324684761,0.00021791239921542527
2019-08-26,-0.008341187058025334,-0.03058445791000186,-0.01641515906745561,-0.029621874536578385,-0.02102496002751364,-0.03035774628840604,-0.008341187058025445,-0.030584457910002194,-0.018124939354857705,-0.03134780290739747,-0.021024960027514084,-0.03035774628840615,-0.008341187058025334,-0.030584457910001972,-0.020689609785961793,-0.033935079022218595,-0.02102496002751386,-0.030357746288405818,-0.011982570806100101
2019-08-27,0.0021686197250825323,0.003966431603912524,0.0021549468881765232,0.003867850758677349,-0.0022746151994695873,-0.004619446178649844,0.0021686197250827544,0.003966431603912524,0.002154946888176301,0.003867850758677349,-0.0040103241730707895,-0.006387471618438223,0.0021686197250827544,0.003966431603912746,0.002154946888176301,0.0038678507586775712,-0.006613887633473259,-0.009037853910139337,0.00022050716648291946
2019-08-28,0.010218111332117141,-0.007001365912113755,0.010335268566858069,-0.0070669374975170784,0.010181824297413211,-0.006881462503451452,0.010218111332117363,-0.007001365912113755,0.010335268566858069,-0.0070669374975170784,0.010181824297413211,-0.006881462503451563,0.010218111332117363,-0.007001365912113866,0.010335268566858291,-0.0070669374975171895,0.010181824297413211,-0.006881462503451452,0.0057319223985889955
2019-08-29,0.0016483460667655603,0.009040683035586472,0.0016797494576286098,0.008908490610525233,0.0016738274280592158,0.009148557019496018,0.0016483460667653382,0.009040683035586694,0.0016797494576288319,0.008908490610525233,0.0016738274280592158,0.00914855701949624,0.0016483460667653382,0.009040683035586472,0.0016797494576288319,0.008908490610525233,0.0016738274280589938,0.009148557019496018,0.002630425252082569
2019-08-30,0.00078332499756395,-0.013554577469438556,0.0007716802166193304,-0.013318598169447693,0.0007595237668998056,-0.013592785502922533,0.00078332499756395,-0.013554577469438889,0.0007716802166191084,-0.013318598169447582,0.0007595237668998056,-0.013592785502922644,0.00078332499756395,-0.013554577469438667,0.0007716802166191084,-0.013318598169447471,0.0007595237668998056,-0.013592785502922533,0.011805859204197633
2019-09-02,0.0034229718546767707,0.0018076157686204297,0.0035478599227320995,0.0023225169667866474,0.0035517280843451182,0.0018333103498406889,0.0034229718546769927,0.0018076157686204297,0.0035478599227323215,0.0023225169667864254,0.003551728084344896,0.001833310349840911,0.0034229718546769927,0.0018076157686202077,0.0035478599227323215,0.0023225169667866474,0.003551728084344896,0.0018333103498406889,0.003241140881590221
2019-09-03,-0.008114261734175732,-0.006095106423459562,-0.008221532519883334,-0.0059274086430699535,-0.008124037966950493,-0.0061722539137920585,-0.008114261734175732,-0.006095106423459673,-0.008221532519883445,-0.0059274086430699535,-0.008124037966950493,-0.0061722539137922805,-0.00811426173417562,-0.006095106423459229,-0.008221532519883334,-0.0059274086430700645,-0.008124037966950381,-0.0061722539137920585,-0.0068920956278268886
2019-09-04,0.00833001589205784,0.0296363748037336,0.008542042422731155,0.029954749011733117,0.008523908746602693,0.029724795157868078,0.008330015892058285,0.029636374803734045,0.008542042422731155,0.029954749011732895,0.008523908746602693,0.0297247951578683,0.008330015892058062,0.02963637480373338,0.008542042422730933,0.029954749011732673,0.008523908746602693,0.029724795157868078,0.008241162437649052
2019-09-05,0.011110349991058976,0.003015742000676891,0.011509897314404105,0.0031939057301864082,0.01156032093811099,0.0033299974774505525,0.011110349991058976,0.003015742000676669,0.011509897314404105,0.003193905730186186,0.01156032093811099,0.0033299974774505525,0.011110349991058976,0.003015742000676669,0.011509897314404105,0.0031939057301864082,0.01156032093811099,0.0033299974774507746,0.00838890083888999
2019-09-06,0.003892786950095095,-0.0017171129315531886,0.003874450584033795,-0.0017401587574504829,0.0037689824953053286,-0.0018135669979785218,0.003892786950095317,-0.0017171129315529665,0.003874450584033795,-0.0017401587574502608,0.0037689824953055506,-0.0018135669979782998,0.003892786950095095,-0.0017171129315530775,0.003874450584034017,-0.001740158757450705,0.0037689824953055506,-0.0018135669979784108,0.005119453924914641
2019-09-09,0.00558343094471736,-0.008887031076835306,0.005706225978077573,-0.008690902595752004,0.005673859587585595,-0.008856723239493491,0.00558343094471736,-0.008887031076835528,0.0057062259780773505,-0.008690902595752226,0.0056738595875851505,-0.008856723239493713,0.005583430944717582,-0.008887031076835528,0.005706225978077573,-0.008690902595752004,0.0056738595875851505,-0.008856723239493713,0.002758913412563624
2019-09-10,-0.006908420713096164,-0.017362443976041475,-0.007134292396425379,-0.017453026757786483,-0.007135795609198969,-0.01722178130119223,-0.006908420713096164,-0.017362443976041808,-0.007134292396425379,-0.01745302675778626,-0.007135795609198747,-0.01722178130119245,-0.006908420713096275,-0.017362443976041364,-0.007134292396425379,-0.01745302675778615,-0.007135795609198747,-0.01722178130119234,-0.004867724867724799
2019-09-11,-0.001004644828702883,0.012327278372173955,-0.0009878968253481668,0.012555583645315727,-0.0009579288727524782,0.012265578843653868,-0.0010046448287032161,0.012327278372174177,-0.0009878968253482778,0.012555583645315505,-0.0009579288727524782,0.012265578843653868,-0.0010046448287031051,0.012327278372174177,-0.0009878968253482778,0.012555583645315505,-0.0009579288727525892,0.012265578843653868,0.002126754572522316
2019-09-12,0.009874986727354651,0.018091268965887197,0.010099347976037842,0.01858546780593806,0.010079361213262361,0.018402931566241287,0.009874986727354873,0.018091268965887197,0.010099347976037842,0.01858546780593806,0.010079361213262361,0.01840293156624151,0.009874986727354873,0.018091268965887197,0.010099347976038064,0.01858546780593806,0.010079361213262361,0.01840293156624173,0.0048811544991511635
2019-09-16,0.0074638678748166765,-0.00042163484605572954,0.007684620580372892,-0.0004828666972873652,0.007680178641100932,-0.00014619862269538153,0.0074638678748168985,-0.00042163484605572954,0.007684620580372892,-0.0004828666972873652,0.007680178641100932,-0.00014619862269538153,0.0074638678748168985,-0.00042163484605572954,0.007684620580372892,-0.0004828666972872542,0.00768017864110071,-0.00014619862269538153,0.003379091869060158
2019-09-17,-0.005479101092621619,-0.004089008111509473,-0.005612029732664059,-0.004006475069066373,-0.00558783863890322,-0.0043954079882631,-0.005479101092621841,-0.004089008111509362,-0.005612029732663948,-0.004006475069066484,-0.00558783863890322,-0.0043954079882631,-0.00547910109262173,-0.004089008111509584,-0.00561202973266417,-0.004006475069066706,-0.00558783863890322,-0.0043954079882631,0.0002104820037887034
2019-09-18,0.004560527197522868,0.015322741044814903,0.004602862202605973,0.015244902909864244,0.004567100351554165,0.015270477838437602,0.00456052719752309,0.015322741044815125,0.004602862202605973,0.015244902909864244,0.004567100351554165,0.015270477838437824,0.00456052719752309,0.015322741044814903,0.004602862202605751,0.015244902909864244,0.004567100351554165,0.015270477838437602,0.007996632996633002
2019-09-19,-0.004366121210277685,0.00829179339538988,-0.004372809994832139,0.008134746555343408,-0.004312116440890246,0.008523019012051991,-0.004366121210277907,0.008291793395390323,-0.004372809994832139,0.008134746555343408,-0.004312116440890024,0.008523019012051769,-0.004366121210277685,0.008291793395390101,-0.004372809994831917,0.008134746555343852,-0.004312116440890246,0.008523019012051991,-0.00542797494780789
2019-09-20,0.0014974599137096423,0.008245163604261085,0.0015334851755963719,0.007957391914128698,0.0014988397226287642,0.0081077615190277,0.0014974599137096423,0.008245163604261307,0.0015334851755961498,0.007957391914128475,0.0014988397226287642,0.0081077615190277,0.0014974599137096423,0.008245163604261085,0.0015334851755963719,0.007957391914128475,0.0014988397226289862,0.008107761519027923,0.0016792611251048584
2019-09-23,0.0003526674711327171,0.0007384071006943937,-0.00030945791787373444,0.004556529726529535,-0.00025105886623355556,0.00460148728589993,-0.0009283892218925338,0.000362877042610954,-0.0003094579178736234,0.004556529726529535,-0.00025105886623344453,0.00460148728589993,-0.0028487744705724127,-0.00019971533108176232,-0.00030945791787384547,0.0045565297265293125,-0.0002510588662336666,0.004601487285900152,-0.0004191114836545884
2019-09-24,-0.0006044069793922358,-0.011594107224561112,-0.0031245500215836275,-0.01303143673425966,-0.0031750820841409677,-0.0116056530907227,-0.0006044069793924578,-0.011594107224560779,-0.004420087054532673,-0.013438847280694333,-0.0031750820841410787,-0.01160565309072259,-0.0006044069793923468,-0.011594107224561112,-0.006362179251340971,-0.014049200730312461,-0.0031750820841408567,-0.011605653090722923,-0.00041928721174011585
2019-09-25,-0.010589513605363754,-0.012133379096877173,-0.010473933532179514,-0.012100037893528759,-0.01177285144195861,-0.012690138765628745,-0.010589513605363532,-0.01213337909687684,-0.010473933532179625,-0.012100037893528648,-0.013040335904031086,-0.013054740414529031,-0.010589513605363643,-0.01213337909687695,-0.01047393353217918,-0.012100037893528759,-0.014940375517536242,-0.013600960624314706,-0.005033557046979942
2019-09-26,0.0059142386929538215,-0.005451899776315328,0.0057960587520971,-0.0054508906476340435,0.005832072546744227,-0.005600414788156538,0.0059142386929535995,-0.005451899776315439,0.0057960587520971,-0.005450890647634488,0.005832072546744449,-0.00560041478815676,0.0059142386929538215,-0.005451899776315439,0.005796058752096878,-0.00545089064763471,0.005832072546744227,-0.005600414788156649,0.004005059021922497
2019-09-27,-0.012014325384397173,-0.019952193393892093,-0.011911450648429689,-0.020031142879823438,-0.01198984525579172,-0.020096580325531743,-0.012014325384397173,-0.01995219339389176,-0.0119114506484298,-0.020031142879823327,-0.01198984525579172,-0.020096580325531854,-0.012014325384397284,-0.01995219339389198,-0.011911450648429467,-0.020031142879823438,-0.011989845255791609,-0.02009658032553141,0.002729372244383743
2019-10-01,0.006496718069464613,0.009214413564212265,0.006437682781029519,0.009316146838882933,0.006466321455196322,0.009264532276805681,0.006496718069464613,0.009214413564212043,0.006437682781029741,0.009316146838883155,0.006466321455196322,0.009264532276805681,0.006496718069464613,0.009214413564212265,0.006437682781029519,0.009316146838883155,0.006466321455196322,0.00926453227680546,0.013819095477386911
2019-10-02,0.004667588607253803,0.015909419522202484,0.004603890168369595,0.015881206220039523,0.004688477242782874,0.015783456254242267,0.004667588607253803,0.01590941952220226,0.0046038901683698175,0.015881206220039523,0.004688477242782874,0.01578345625424249,0.004667588607253803,0.015909419522202484,0.004603890168369595,0.015881206220039745,0.0046884772427826515,0.015783456254242267,-0.0024783147459728205
2019-10-03,0.008639132471071953,0.009949732709867654,0.008788924117667518,0.009880804715443503,0.008833410708519063,0.009919529453228604,0.008639132471071731,0.009949732709867432,0.008788924117667518,0.009880804715443281,0.00883341070851884,0.009919529453229048,0.008639132471072175,0.009949732709867654,0.008788924117667296,0.009880804715443947,0.00883341070851884,0.009919529453229048,-0.006211180124223503
2019-10-04,0.0030861362452578867,0.004680910985708886,0.0029168540968658174,0.004778777899896003,0.0029584710349930265,0.004868945570949856,0.0030861362452578867,0.004680910985709108,0.0029168540968655954,0.004778777899896003,0.0029584710349930265,0.004868945570949634,0.0030861362452578867,0.004680910985708886,0.0029168540968658174,0.004778777899896003,0.0029584710349932486,0.004868945570949634,0.002083333333333437
2019-10-07,0.00553378336470467,0.02861047388428406,0.005656571551535539,0.028809426237530023,0.0056926633983882535,0.02922491919624748,0.005533783364704448,0.028610473884283616,0.005656571551535539,0.028809426237530023,0.0056926633983882535,0.029224919196247923,0.005533783364704448,0.028610473884283838,0.0056565715515353165,0.028809426237530245,0.0056926633983880315,0.0292249191962477,0.006652806652806653
2019-10-08,0.0014095295180045486,-0.01731566907028781,0.0016199573330950567,-0.01726447444434165,0.0015540739804289494,-0.01701816406191603,0.0014095295180045486,-0.017315669070287587,0.0016199573330950567,-0.017264474444341538,0.0015540739804291714,-0.01701816406191592,0.0014095295180045486,-0.017315669070287587,0.0016199573330950567,-0.01726447444434165,0.0015540739804291714,-0.01701816406191592,0.008054522924411334
2019-10-09,-0.014150080279236699,-0.008301492163416246,-0.01388135173357552,-0.008270442649580989,-0.013950922417723888,-0.008299616797807441,-0.014150080279236477,-0.008301492163416135,-0.013881351733575409,-0.008270442649580878,-0.013950922417723888,-0.008299616797807774,-0.01415008027923681,-0.008301492163416135,-0.013881351733575187,-0.0082704426495811,-0.013950922417723888,-0.008299616797807774,-0.006965785699651783
2019-10-14,0.01869040283636192,0.024275499899543806,0.018649370036339263,0.02412552090099518,0.018696975745889688,0.02447504654147714,0.018690402836361475,0.02427549989954314,0.018649370036339263,0.02412552090099518,0.018696975745889688,0.024475046541477807,0.018690402836361697,0.024275499899543584,0.01864937003633882,0.024125520900995845,0.018696975745889688,0.024475046541477585,0.015679801939343818
2019-10-15,0.005609811109264173,-0.008342480772040473,0.005779180693642028,-0.008384594447940152,0.005810549941549503,-0.008259831533252493,0.0056098111092646175,-0.00834248077204014,0.005779180693642028,-0.008384594447940152,0.005810549941549503,-0.008259831533252937,0.0056098111092646175,-0.008342480772040473,0.005779180693642028,-0.008384594447940596,0.005810549941549281,-0.008259831533252604,0.004671947999187465
2019-10-16,-0.0017842057382029264,-0.004939168581248654,-0.001967062261077235,-0.0050634439882840665,-0.0019471768289421876,-0.005131899598841305,-0.0017842057382029264,-0.004939168581248543,-0.001967062261077346,-0.0050634439882842885,-0.0019471768289421876,-0.005131899598841416,-0.0017842057382030374,-0.004939168581248765,-0.001967062261077235,-0.0050634439882843996,-0.0019471768289420766,-0.005131899598841305,0.005863323898099404
2019-10-17,0.003454288484727286,0.0194881409807639,0.0032803217701922183,0.019550032163394127,0.003303075970699787,0.019617710022108215,0.003454288484727064,0.019488140980763458,0.0032803217701924403,0.01955003216339435,0.003303075970699565,0.019617710022108437,0.003454288484727286,0.01948814098076368,0.0032803217701922183,0.019550032163394793,0.003303075970699565,0.019617710022108215,-0.0016080402010050232
2019-10-18,0.0011599547872351845,-0.003688899432166881,0.0012976476254271674,-0.0036590555562979743,0.0012682238050329975,-0.003750134230497748,0.0011599547872354066,-0.003688899432167103,0.0012976476254269453,-0.0036590555562978633,0.0012682238050332195,-0.003750134230497748,0.0011599547872354066,-0.003688899432166992,0.0012976476254271674,-0.0036590555562978633,0.0012682238050329975,-0.003750134230497637,-0.0006039863096436449
2019-10-21,-0.00391899539095697,-0.004240537805952571,-0.0038669478938044843,-0.0042753704774871615,-0.003911959509660612,-0.00435446235118675,-0.003918995390957192,-0.004240537805952238,-0.0038669478938044843,-0.0042753704774871615,-0.003911959509660501,-0.004354462351187083,-0.003918995390957192,-0.00424053780595246,-0.0038669478938043733,-0.0042753704774872725,-0.003911959509660501,-0.004354462351186972,0.00040290088638195165
2019-10-22,0.016094853039178236,0.006926417286407416,0.01610007841445138,0.00680994223162279,0.016055879063859635,0.006946062473087045,0.016094853039178236,0.006926417286407416,0.016100078414451602,0.006809942231622568,0.016055879063859413,0.006946062473087267,0.01609485303917846,0.006926417286407416,0.016100078414451158,0.006809942231622568,0.016055879063859413,0.006946062473087045,0.007853403141361293
2019-10-23,-0.0022244903476967837,0.0065960845961807735,-0.0022958224558744522,0.006596979723328289,-0.0021783574965779096,0.0066418862539008305,-0.0022244903476967837,0.006596084596180551,-0.0022958224558745632,0.006596979723328511,-0.0021783574965779096,0.0066418862539006085,-0.0022244903476967837,0.0065960845961807735,-0.0022958224558745632,0.006596979723328511,-0.0021783574965776875,0.0066418862539006085,-0.0019980019980019303
2019-10-24,0.009927084993479163,0.008703992530877391,0.006379476882332424,0.012367609457159645,0.006362764071341509,0.012506650594717339,0.009109433436505165,0.007640270508622926,0.006379476882332424,0.012367609457159423,0.006362764071341509,0.012506650594717783,0.00788448613763948,0.006046677973037706,0.006379476882332202,0.012367609457159645,0.006362764071341509,0.012506650594717561,0.00700700700700696
2019-10-25,-0.005585933652380692,-0.006931882081029461,-0.007205723531969688,-0.008186765862002399,-0.006559970967832451,-0.006048579855267633,-0.0055859336523809144,-0.006931882081029239,-0.008007864718668323,-0.009247700188038221,-0.00655997096783234,-0.006048579855267855,-0.005585933652380692,-0.006931882081029461,-0.009206591365341521,-0.01083711639579421,-0.00655997096783234,-0.006048579855267744,0.0009940357852884496
2019-10-28,0.001957154935072536,0.026629537958992033,0.0018835052001007213,0.026342247417825204,-0.0006961770703156622,0.026172484918984606,0.001957154935072314,0.02662953795899159,0.0018835052001007213,0.026342247417825204,-0.0015058645615440014,0.02506000879212289,0.001957154935072536,0.02662953795899181,0.0018835052001007213,0.026342247417825204,-0.0027158684702167646,0.023393376331109605,0.0049652432969216065
2019-10-29,-0.003857379756603052,-0.011435980431111492,-0.0040195416672546,-0.011512315448719446,-0.004046543860144913,-0.011366294744967531,-0.003857379756602941,-0.011435980431111381,-0.0040195416672546,-0.011512315448719446,-0.004046543860144691,-0.011366294744967642,-0.003857379756603163,-0.011435980431111381,-0.004019541667254489,-0.011512315448719446,-0.004046543860144691,-0.011366294744967753,0.0029644268774702276
2019-10-30,0.00596079004255734,0.014378296343850572,0.0059635462681006945,0.014240603319154221,0.005900746403827428,0.014231458058451718,0.005960790042557562,0.01437829634385035,0.0059635462681006945,0.014240603319154221,0.005900746403827428,0.014231458058452162,0.005960790042557562,0.01437829634385035,0.0059635462681006945,0.014240603319154443,0.005900746403827428,0.01423145805845194,0.0049261083743843415
2019-10-31,0.003480006759732479,-0.018188210193008758,0.0033547710389796315,-0.01813024089404891,0.00339128814645151,-0.01799432988787819,0.003480006759732257,-0.018188210193008536,0.0033547710389796315,-0.01813024089404891,0.00339128814645151,-0.017994329887878302,0.003480006759732257,-0.018188210193008536,0.0033547710389794094,-0.01813024089404902,0.00339128814645151,-0.017994329887878413,0.002941176470588225
2019-11-01,-0.002527659257498538,0.00867816851539338,-0.0026460062445269328,0.008481449803967145,-0.0026367663252527818,0.00839539816420487,-0.002527659257498427,0.00867816851539338,-0.0026460062445269328,0.008481449803967145,-0.0026367663252527818,0.008395398164204648,-0.002527659257498427,0.008678168515393159,-0.0026460062445269328,0.008481449803967145,-0.0026367663252526707,0.00839539816420487,0.0029325513196480912
2019-11-04,0.008179018384871561,-0.006790488009895457,0.008087979576641535,-0.006756320258731852,0.008000781828583658,-0.0068469234024921555,0.008179018384871117,-0.006790488009895346,0.008087979576641535,-0.006756320258731963,0.008000781828583658,-0.0068469234024923775,0.008179018384871117,-0.006790488009895124,0.008087979576641757,-0.006756320258731963,0.008000781828583658,-0.0068469234024923775,0.022417153996101558
2019-11-05,0.013556377976077005,0.0060869758413666375,0.0134717863717988,0.0061069790882659625,0.013501881169141416,0.006041730993680883,0.013556377976077005,0.0060869758413664155,0.0134717863717988,0.0061069790882659625,0.013501881169141194,0.006041730993680883,0.013556377976077005,0.006086975841366193,0.0134717863717988,0.0061069790882659625,0.013501881169141194,0.006041730993681105,0.004766444232602529
2019-11-06,-0.0004963861712515838,-0.011903075350799042,-0.0006040600248105044,-0.01199704671339008,-0.0005599056395299007,-0.01190927186566626,-0.0004963861712513618,-0.011903075350798709,-0.0006040600248103933,-0.011997046713389858,-0.0005599056395295676,-0.011909271865666038,-0.0004963861712512507,-0.011903075350798598,-0.0006040600248105044,-0.011997046713389858,-0.0005599056395296786,-0.011909271865666371,0.003795066413662118
2019-11-07,-0.005300849136689378,-0.034699054127811935,-0.005306454028243923,-0.034553786462174774,-0.005340250706320493,-0.03467524061308025,-0.005300849136689267,-0.03469905412781127,-0.005306454028244034,-0.034553786462174774,-0.005340250706320715,-0.03467524061308058,-0.005300849136689489,-0.03469905412781127,-0.005306454028243923,-0.034553786462174774,-0.005340250706320493,-0.03467524061308125,-0.00472589792060496
2019-11-08,-0.010135312135453711,0.014445820190109426,-0.010077678393777378,0.013926432432671554,-0.010105668382282551,0.013644735027637411,-0.01013531213545349,0.01444582019010876,-0.0100776783937776,0.013926432432671554,-0.010105668382282329,0.013644735027637633,-0.01013531213545349,0.01444582019010876,-0.010077678393777378,0.013926432432671554,-0.010105668382282329,0.013644735027638077,-0.003798670465337106
2019-11-11,-0.004604390917565149,-0.010031144991166197,-0.004497684354531795,-0.009898593335859074,-0.00456005179868757,-0.00990481285560818,-0.004604390917565593,-0.010031144991165863,-0.0044976843545314615,-0.009898593335858852,-0.004560051798687459,-0.009904812855608291,-0.004604390917565593,-0.010031144991165752,-0.004497684354531795,-0.009898593335858963,-0.004560051798687681,-0.009904812855608514,-0.015252621544328049
2019-11-12,0.016914263910753125,0.02609762048130615,0.017020609257486274,0.02614449560839005,0.016978271714420012,0.026188684489220515,0.016914263910753125,0.026097620481305484,0.017020609257486052,0.02614449560838983,0.01697827171441957,0.026188684489220515,0.016914263910753125,0.026097620481305484,0.017020609257486274,0.02614449560838983,0.01697827171441979,0.026188684489220737,0.00968054211035807
2019-11-13,-0.001018832962982219,0.0030327075415808036,-0.0011014787828809158,0.002924430106844067,-0.001091298347521752,0.00283476427559326,-0.001018832962982108,0.0030327075415808036,-0.0011014787828808048,0.002924430106844067,-0.0010912983475215299,0.00283476427559326,-0.001018832962982108,0.0030327075415810256,-0.0011014787828809158,0.002924430106844067,-0.001091298347521641,0.00283476427559326,-0.0047938638542665
2019-11-14,-0.006086727701315908,-0.009853132008016852,-0.006050958103859361,-0.009926060416269866,-0.0060660269167777114,-0.010120877010807328,-0.006086727701315908,-0.00985313200801674,-0.006050958103859583,-0.009926060416269866,-0.0060660269167778225,-0.010120877010807328,-0.006086727701315797,-0.009853132008016519,-0.006050958103859472,-0.009926060416269866,-0.0060660269167777114,-0.010120877010807439,-0.0009633911368014392
2019-11-15,0.014599028194955732,0.01936180155149625,0.014566821289122345,0.01909423442246716,0.014591562120455315,0.01900360533602785,0.014599028194955288,0.019361801551496027,0.014566821289122567,0.019094234422466938,0.014591562120455537,0.019003605336028073,0.014599028194955066,0.019361801551495805,0.014566821289122345,0.019094234422466938,0.014591562120455315,0.019003605336028295,0.0077145612343296754
2019-11-18,0.0009002485972546825,-0.0071668340667018215,0.0008842221090910041,-0.007273890505704372,0.0008957280985157912,-0.007370975946744962,0.0009002485972551266,-0.0071668340667017105,0.000884222109090782,-0.007273890505704261,0.0008957280985155691,-0.007370975946745295,0.0009002485972549046,-0.0071668340667017105,0.0008842221090910041,-0.00727389050570415,0.0008957280985155691,-0.007370975946745184,0.00765550239234436
2019-11-19,0.004571110991072214,-0.01152515207989202,0.004477388751274791,-0.011350887860363645,0.004535517330946703,-0.01135092204646393,0.004571110991071992,-0.01152515207989202,0.004477388751275013,-0.011350887860363645,0.004535517330946703,-0.01135092204646393,0.004571110991072214,-0.01152515207989191,0.004477388751275013,-0.011350887860363756,0.004535517330946481,-0.011350922046464151,0.008547008547008517
2019-11-20,-0.0019753100978495697,-0.026244682296841404,-0.0019896226823881147,-0.02603143370001737,-0.0020386842283938167,-0.025870862654750026,-0.0019753100978495697,-0.02624468229684085,-0.0019896226823884477,-0.026031433700017148,-0.0020386842283939277,-0.025870862654750137,-0.0019753100978494587,-0.02624468229684085,-0.0019896226823884477,-0.026031433700017037,-0.0020386842283937057,-0.025870862654750804,-0.025423728813559365
2019-11-21,-0.016826166631300765,0.010684332269901509,-0.015110257392317528,0.004229905750938512,-0.015063068815452718,0.004250519985604884,-0.017430425404896477,0.009104684440500277,-0.015110257392317195,0.00422990575093829,-0.015063068815452496,0.004250519985604662,-0.018336813565289822,0.006735212696396875,-0.015110257392317084,0.004229905750938512,-0.015063068815452718,0.004250519985604884,-0.0038647342995169476
2019-11-22,0.01596606813125856,-0.01149427314275664,0.013022298732596305,-0.012212616721494318,0.004304556731768994,-0.014326165443339423,0.015966068131258337,-0.01149427314275675,0.012424354717584185,-0.01375013837324257,0.004304556731768772,-0.014326165443339423,0.015966068131258115,-0.01149427314275664,0.01152743869506656,-0.016056420850866004,0.004304556731768772,-0.014326165443339867,-0.0038797284190106307
2019-11-25,-0.0007295170710972521,0.0028981435419233037,-0.0005680004670314265,0.0028541349926842763,-0.00029923640589313294,0.001302880977912091,-0.0007295170710973631,0.0028981435419235257,-0.0005680004670312044,0.0028541349926840542,-0.0008908199232461333,-0.00023057080461452717,-0.000729517071096919,0.0028981435419235257,-0.0005680004670314265,0.0028541349926840542,-0.0017781951992762446,-0.0025278789952789538,0.0
2019-11-26,0.0019783331428446793,0.01419893193250732,0.0019858427635186526,0.01442410157014451,0.0020362767125046144,0.014550509166770809,0.0019783331428449014,0.01419893193250732,0.0019858427635186526,0.014424101570144732,0.0020362767125046144,0.01455050916677103,0.0019783331428446793,0.01419893193250732,0.0019858427635188747,0.014424101570144732,0.0020362767125046144,0.01455050916677103,0.0019474196689386325
2019-11-27,0.00022408244675142797,-0.009981525646594935,0.00013535304249301383,-0.009495861075310308,9.448219322516493e-05,-0.009368561783954732,0.00022408244675142797,-0.009981525646594935,0.00013535304249301383,-0.009495861075310419,9.448219322516493e-05,-0.009368561783954843,0.00022408244675142797,-0.009981525646594935,0.00013535304249279179,-0.009495861075310419,9.448219322494289e-05,-0.009368561783954843,0.002915451895043608
2019-11-28,-0.0015591134315234845,-0.005651822051917388,-0.0015216590420310538,-0.005799516237325553,-0.0014847102396455814,-0.005689572738366455,-0.0015591134315235955,-0.00565182205191761,-0.0015216590420311649,-0.005799516237325331,-0.0014847102396454703,-0.005689572738366233,-0.0015591134315235955,-0.005651822051917388,-0.0015216590420310538,-0.005799516237325442,-0.0014847102396453593,-0.005689572738366455,-0.0009689922480621282
2019-11-29,-0.01673485726497137,-0.010303424774620762,-0.016741554050673235,-0.010383762878700131,-0.016829662027851522,-0.010391281024958454,-0.016734857264970926,-0.010303424774620762,-0.016741554050672902,-0.010383762878700464,-0.016829662027851522,-0.010391281024958676,-0.016734857264970926,-0.01030342477462054,-0.016741554050673235,-0.010383762878700464,-0.016829662027851744,-0.010391281024958565,-0.013579049466537207
2019-12-02,-0.008940264520373664,-0.01054802965738566,-0.00884996365897106,-0.010397672071734587,-0.008873254443903411,-0.01094251106607036,-0.008940264520373775,-0.010548029657385771,-0.00884996365897106,-0.010397672071734587,-0.008873254443903189,-0.01094251106607047,-0.008940264520373553,-0.010548029657385771,-0.008849963658971172,-0.010397672071734476,-0.008873254443903633,-0.010942511066070582,0.001966568338249708
2019-12-03,0.0052909573769364115,-0.0009774655072182226,0.005292496888477327,-0.0010779514855050465,0.005430386765780559,-0.0008861908559694154,0.0052909573769364115,-0.0009774655072181115,0.005292496888477105,-0.0010779514855051575,0.005430386765780337,-0.0008861908559693044,0.0052909573769364115,-0.0009774655072183336,0.005292496888477327,-0.0010779514855051575,0.005430386765780559,-0.0008861908559691933,0.0
2019-12-04,-0.0030991592016439418,-0.006351409119577767,-0.0030165627541415274,-0.006818821558245758,-0.003009890480338173,-0.007005274951316864,-0.0030991592016439418,-0.006351409119577878,-0.0030165627541411943,-0.006818821558245647,-0.003009890480338173,-0.0070052749513171975,-0.0030991592016438307,-0.006351409119577767,-0.0030165627541415274,-0.006818821558245536,-0.003009890480338062,-0.0070052749513171975,-0.0009813542688911214
2019-12-05,0.005148695319224794,0.01623939387754758,0.005098537961415905,0.016269362934883125,0.004996693346742687,0.016294981170576595,0.005148695319224794,0.01623939387754758,0.005098537961415905,0.016269362934882903,0.004996693346742465,0.01629498117057704,0.005148695319224794,0.01623939387754736,0.0050985379614161275,0.016269362934882903,0.004996693346742687,0.016294981170576817,0.011787819253438192
2019-12-06,-0.004352324947708097,0.02777505340023434,-0.004404487212232522,0.02783469963821683,-0.004331345864352687,0.028224020158963636,-0.004352324947707653,0.02777505340023456,-0.004404487212232411,0.02783469963821661,-0.004331345864352576,0.02822402015896408,-0.004352324947707986,0.02777505340023434,-0.004404487212232633,0.02783469963821683,-0.004331345864352798,0.02822402015896408,0.0
2019-12-09,0.014266426114601494,-0.0007242260044981741,0.014278798700857909,-0.0011545162722662594,0.01402747740583088,-0.0013448844218963973,0.014266426114600828,-0.0007242260044980631,0.014278798700857909,-0.0011545162722660374,0.01402747740583088,-0.0013448844218965084,0.01426642611460105,-0.0007242260044980631,0.01427879870085813,-0.0011545162722661484,0.014027477405831101,-0.0013448844218965084,0.007766990291262044
2019-12-10,-0.0014676620507905191,0.004837283218513289,-0.001513462242111796,0.0048491229706810746,-0.0016237787576427465,0.005161746676533685,-0.0014676620507906302,0.004837283218513511,-0.001513462242112018,0.0048491229706810746,-0.0016237787576428575,0.005161746676533685,-0.0014676620507907412,0.004837283218513289,-0.001513462242111796,0.0048491229706808525,-0.0016237787576428575,0.005161746676533685,-0.00578034682080919
2019-12-11,0.005135603477010697,-0.002811351301280518,0.005137302777961095,-0.0029351132988436612,0.00503361092766097,-0.0028733995685360503,0.005135603477010697,-0.002811351301280629,0.005137302777960873,-0.0029351132988436612,0.005033610927660748,-0.0028733995685361613,0.005135603477010697,-0.002811351301280629,0.005137302777960651,-0.00293511329884355,0.00503361092766097,-0.0028733995685359393,0.005813953488372103
2019-12-12,0.0025690790266812424,0.03245995148494796,0.0025432200499249102,0.03206900381376965,0.002644059639804963,0.03164830013427511,0.0025690790266812424,0.03245995148494818,0.0025432200499249102,0.032069003813769426,0.002644059639804963,0.031648300134275775,0.0025690790266810204,0.03245995148494818,0.0025432200499251323,0.032069003813769204,0.002644059639804963,0.03164830013427533,0.021194605009633882
2019-12-13,0.006056573068274451,-0.01306039855556873,0.006120768358106599,-0.01333970519662675,0.006159844726612906,-0.013494814257806076,0.006056573068274451,-0.01306039855556862,0.006120768358106599,-0.01333970519662675,0.006159844726612906,-0.013494814257806298,0.006056573068274451,-0.01306039855556873,0.006120768358106599,-0.01333970519662675,0.006159844726612906,-0.013494814257806298,0.01132075471698113
2019-12-16,0.012160962714407253,0.025978005193627585,0.012087815117744594,0.02579380673155174,0.0119327113090828,0.025655795361525957,0.012160962714407253,0.025978005193627807,0.012087815117744372,0.025793806731551516,0.0119327113090828,0.025655795361525957,0.012160962714407031,0.025978005193627585,0.012087815117744594,0.02579380673155174,0.011932711309083244,0.02565579536152618,-0.00093283582089565
2019-12-17,0.020080573915291167,-0.0020014913681294377,0.020092362726684465,-0.0018961892790917423,0.019958845731720576,-0.0019046913696365575,0.0200805739152905,-0.0020014913681295488,0.020092362726684243,-0.0018961892790916313,0.019958845731720132,-0.0019046913696362244,0.020080573915290723,-0.0020014913681294377,0.020092362726684687,-0.0018961892790916313,0.019958845731720354,-0.0019046913696365575,0.013071895424836555
2019-12-18,-0.007595073596183721,-0.020050152992178383,-0.007486042023781558,-0.020457511672175577,-0.007238600206548429,-0.02032604164288143,-0.00759507359618361,-0.020050152992178494,-0.007486042023781336,-0.020457511672175577,-0.007238600206548429,-0.020326041642881876,-0.007595073596183499,-0.020050152992178272,-0.007486042023781558,-0.020457511672175466,-0.00723860020654854,-0.020326041642881654,0.0009216589861751334
2019-12-19,-0.007570699292363092,-0.0003383586137910566,-0.007204958098285585,-0.0024690586196545183,-0.007127018082111913,-0.002418447176263827,-0.008848275886098378,-0.002155986937975918,-0.007204958098285363,-0.0024690586196544073,-0.007127018082111691,-0.002418447176263938,-0.010763444245175724,-0.004880727100024185,-0.0072049580982856964,-0.0024690586196544073,-0.007127018082111691,-0.002418447176263827,-0.0055248618784530246
2019-12-20,-0.008426159613338924,-0.008943999627621046,-0.007926811980066395,-0.013324976189147297,-0.0036109944488246226,-0.01994773047202114,-0.008426159613338813,-0.008943999627621158,-0.009220990852877864,-0.015096676249386154,-0.0036109944488246226,-0.019947730472021252,-0.008426159613339146,-0.008943999627620935,-0.011158630170987838,-0.017752567030246857,-0.0036109944488248447,-0.01994773047202114,-0.005555555555555536
2019-12-23,0.008205011710630039,0.005811138319108622,0.008337254306674202,0.005898396026038588,0.0067258763790145615,0.003866480737985123,0.008205011710630261,0.005811138319108622,0.008337254306674202,0.005898396026038588,0.00538544554543452,0.002068814316419143,0.008205011710630261,0.0058111383191084,0.008337254306674202,0.005898396026038588,0.0033760546935721614,-0.0006260016872879914,0.0
2019-12-24,-0.00672423465807892,0.007487216592456436,-0.006729368327267671,0.007598242510488573,-0.006724290848583503,0.007830113322636167,-0.006724234658079253,0.007487216592456214,-0.006729368327267671,0.007598242510488573,-0.006724290848583392,0.00783011332263639,-0.006724234658079031,0.007487216592456436,-0.006729368327267671,0.007598242510488795,-0.006724290848583281,0.007830113322636167,-0.0009310986964619072
2019-12-25,0.006973211369551757,0.00010287905182360113,0.0070203076539987475,2.0386262814975353e-05,0.007052953820385621,-0.0002258548090455781,0.006973211369552201,0.00010287905182360113,0.0070203076539987475,2.0386262815197398e-05,0.007052953820385399,-0.0002258548090456891,0.006973211369551979,0.00010287905182382318,0.0070203076539987475,2.0386262815197398e-05,0.007052953820385621,-0.0002258548090456891,0.0018639328984155767
2019-12-26,-0.0016094943934966688,0.012015338073808612,-0.0015607776991498623,0.01216119651697678,-0.0015466622840919486,0.012103072547846372,-0.0016094943934970019,0.012015338073808612,-0.0015607776991497513,0.01216119651697678,-0.0015466622840917266,0.012103072547846816,-0.0016094943934970019,0.012015338073808612,-0.0015607776991497513,0.012161196516977002,-0.0015466622840919486,0.012103072547846594,0.0
2019-12-27,0.010087636087996454,-0.0033362553642195536,0.010191573338499182,-0.003496932174245182,0.010182854187314128,-0.0034422900490302943,0.010087636087996898,-0.0033362553642193316,0.01019157333849896,-0.003496932174245293,0.010182854187313684,-0.0034422900490304054,0.010087636087996676,-0.0033362553642194426,0.010191573338498738,-0.003496932174245404,0.010182854187313684,-0.0034422900490304054,0.006511627906976791
2019-12-30,-0.004150689665781471,0.002399294824795728,-0.004331882434912004,0.0024477525562369706,-0.00439334488616272,0.0023167196460145423,-0.004150689665781804,0.002399294824795506,-0.004331882434912004,0.0024477525562369706,-0.00439334488616272,0.0023167196460145423,-0.004150689665781582,0.002399294824795728,-0.004331882434911893,0.0024477525562371927,-0.00439334488616272,0.0023167196460145423,-0.0027726432532346745
2019-12-31,-0.011053457290767454,0.002043177624010628,-0.011028866234953694,0.0021981894064440066,-0.010986689681858008,0.0022154802707963217,-0.011053457290767343,0.002043177624010628,-0.011028866234953583,0.0021981894064437846,-0.010986689681857786,0.0022154802707963217,-0.011053457290767454,0.002043177624010628,-0.011028866234953472,0.0021981894064440066,-0.010986689681857675,0.0022154802707963217,-0.006487488415199305
2020-01-02,0.002223386626593049,0.013584770114704714,0.0023437417858271914,0.013710279604896014,0.00239635425197382,0.013653573942053354,0.002223386626593271,0.013584770114704492,0.0023437417858267473,0.013710279604896236,0.002396354251974042,0.013653573942053354,0.002223386626593049,0.013584770114704492,0.0023437417858267473,0.013710279604896236,0.002396354251974042,0.013653573942053354,0.009328358208955168
2020-01-03,-0.004656152167043293,-0.028197375386675216,-0.0047635963337887555,-0.028286144801033752,-0.004853584927490107,-0.028389880280268565,-0.004656152167043404,-0.028197375386675105,-0.004763596333788533,-0.028286144801033752,-0.004853584927490107,-0.028389880280268898,-0.004656152167043293,-0.028197375386674994,-0.004763596333788422,-0.028286144801034196,-0.004853584927490107,-0.028389880280268676,-0.0009242144177450395
2020-01-06,-0.014788609607585879,-0.01610689038957347,-0.014828921207055035,-0.016069299697847095,-0.014870816092361738,-0.01627377704147237,-0.01478860960758599,-0.01610689038957347,-0.014828921207054924,-0.016069299697847206,-0.014870816092361516,-0.016273777041472592,-0.014788609607585879,-0.01610689038957347,-0.014828921207054924,-0.01606929969784765,-0.014870816092361516,-0.01627377704147226,-0.007400555041628065
2020-01-07,0.005620646164258947,-0.011313782206272549,0.005829704568689031,-0.011279269506767609,0.005923717033634812,-0.011247983697118769,0.005620646164258947,-0.011313782206272549,0.005829704568689031,-0.011279269506767498,0.005923717033634812,-0.011247983697118769,0.005620646164258725,-0.011313782206272438,0.005829704568689031,-0.011279269506768164,0.005923717033634812,-0.011247983697118769,-0.00745573159366264
2020-01-08,-0.0003858827680742749,0.002707577344696954,-0.00033834023829237836,0.0027341640226967723,-0.0002859833813625423,0.0026628314498340355,-0.0003858827680742749,0.002707577344696732,-0.0003383402382924894,0.0027341640226967723,-0.00028598338136276436,0.0026628314498340355,-0.0003858827680741639,0.002707577344696732,-0.0003383402382924894,0.0027341640226969943,-0.00028598338136276436,0.0026628314498342576,-0.0046948356807511304
2020-01-09,0.013370857297505534,0.01650540756490848,0.013501892012513839,0.01650022171493526,0.01354664348722645,0.01675476091756445,0.013370857297505756,0.016505407564908703,0.013501892012513839,0.01650022171493526,0.013546643487226229,0.01675476091756467,0.013370857297505534,0.016505407564908703,0.013501892012513617,0.016500221714935925,0.013546643487226229,0.01675476091756445,0.014150943396226356
2020-01-10,-0.0010212930271934484,0.006988725340549173,-0.0010064345435570887,0.006998841166031999,-0.001027740981887626,0.0069580200687084925,-0.0010212930271936704,0.006988725340548951,-0.0010064345435571997,0.006998841166031999,-0.001027740981887515,0.0069580200687084925,-0.0010212930271934484,0.006988725340548951,-0.0010064345435573108,0.006998841166032221,-0.001027740981887404,0.0069580200687084925,0.0018604651162790198
2020-01-13,0.011720028708607222,0.017740189341348245,0.011746494494604631,0.01760937134396623,0.011666273606345756,0.017382012444529416,0.011720028708607444,0.017740189341348023,0.011746494494604631,0.01760937134396623,0.011666273606345534,0.017382012444529638,0.011720028708607444,0.017740189341348023,0.01174649449460441,0.01760937134396645,0.011666273606345534,0.017382012444529416,0.006499535747446661
2020-01-14,-0.0004811116778833391,0.008631605281500532,-0.00039294897027453146,0.008838406784821062,-0.0003876623653842337,0.009307892943522633,-0.0004811116778833391,0.008631605281500532,-0.00039294897027442044,0.008838406784821062,-0.0003876623653841227,0.009307892943522855,-0.0004811116778834501,0.008631605281500532,-0.0003929489702743094,0.008838406784821062,-0.0003876623653842337,0.009307892943522633,0.007380073800737907
2020-01-15,-0.006450691795683694,-0.01358787429155317,-0.00652102234989127,-0.01368036086922797,-0.00653986683363339,-0.013729343026810503,-0.006450691795683361,-0.013587874291553281,-0.006521022349891159,-0.013680360869227748,-0.006539866833633279,-0.013729343026810614,-0.006450691795683472,-0.013587874291553281,-0.00652102234989127,-0.013680360869228081,-0.006539866833633057,-0.013729343026810503,-0.008241758241758323
2020-01-16,-0.0005726145598938803,-0.002154715482437952,-0.0005302383233835029,-0.0020481954897303423,-0.00047332818269696375,-0.0015801470371534787,-0.0005726145598942134,-0.002154715482437841,-0.0005302383233833918,-0.0020481954897304533,-0.0004733281826970748,-0.0015801470371535897,-0.0005726145598939913,-0.002154715482437841,-0.0005302383233833918,-0.0020481954897305643,-0.0004733281826972968,-0.0015801470371534787,-0.004616805170821747
2020-01-17,0.004449322852974058,-0.004967482242132726,0.00427377770079862,0.0018246378464668034,0.004203451531443081,0.0019105921377922108,0.003925154677898224,-0.005787474274305371,0.00427377770079862,0.0018246378464665813,0.004203451531443081,0.0019105921377922108,0.003139393332031837,-0.007015927906336539,0.00427377770079862,0.0018246378464668034,0.004203451531443081,0.0019105921377924329,0.0
2020-01-20,0.0039805623498170295,0.016009534082056076,0.0044437777353179,0.01275232137813287,0.0031217157765892622,0.011857554135105142,0.0039805623498170295,0.016009534082056076,0.003920705368901434,0.01192534386147548,0.0031217157765892622,0.011857554135105364,0.0039805623498168075,0.016009534082056076,0.0031346212515437344,0.01068642507435702,0.0031217157765892622,0.011857554135105364,0.002782931354359919
2020-01-30,-0.06287886094094008,-0.0819102286795046,-0.06272601082535223,-0.08134510465841582,-0.06447096042045664,-0.07890662582428531,-0.06287886094094142,-0.08191022867950426,-0.06272601082535079,-0.08134510465841616,-0.0649646429800601,-0.07964336710876718,-0.06287886094094164,-0.08191022867950482,-0.06272601082535201,-0.08134510465841638,-0.0657065594796441,-0.0807484790354891,-0.037927844588344084
2020-01-31,0.002367685097913519,-0.005879761835727804,0.0023892039549295863,-0.005679219718262685,0.0024485221027075177,-0.005801924151495497,0.002367685097913297,-0.005879761835727915,0.0023892039549295863,-0.005679219718262574,0.0024485221027077397,-0.005801924151495386,0.002367685097913519,-0.005879761835727693,0.0023892039549295863,-0.005679219718262352,0.0024485221027075177,-0.005801924151495275,-0.009615384615384581
2020-02-03,-0.003824948824049712,-0.008352659040425148,-0.0038267220179099004,-0.00789904934090202,-0.003825698209807271,-0.008348952135940446,-0.003824948824049712,-0.008352659040424815,-0.0038267220179099004,-0.007899049340902131,-0.003825698209807382,-0.008348952135940002,-0.003824948824049712,-0.008352659040425259,-0.0038267220179099004,-0.007899049340902242,-0.0038256982098076042,-0.008348952135940113,-0.011650485436893177
2020-02-04,0.01914806337144115,0.035940723924097195,0.01911768037617456,0.03609883534815728,0.01914128101722712,0.0360612977092849,0.019148063371441593,0.03594072392409697,0.01911768037617434,0.03609883534815728,0.019141281017227785,0.03606129770928379,0.019148063371441593,0.03594072392409742,0.01911768037617456,0.03609883534815728,0.019141281017228007,0.03606129770928379,0.01866404715127712
2020-02-05,7.458500745927132e-05,-0.02081199769990183,0.0001083502101684175,-0.02117683763933964,0.00015161785329187438,-0.02124363589480882,7.458500745927132e-05,-0.02081199769990194,0.00010835021016819546,-0.02117683763933953,0.00015161785329165234,-0.021243635894808044,7.458500745927132e-05,-0.020811997699902163,0.00010835021016819546,-0.02117683763933964,0.00015161785329165234,-0.021243635894808044,0.0028929604628735728
2020-02-06,0.022705778296479906,0.028637970544380442,0.02272735221551292,0.027921626123098564,0.022753664728864864,0.02838474927813084,0.022705778296480572,0.028637970544380442,0.022727352215512253,0.027921626123098786,0.02275366472886553,0.02838474927812995,0.02270577829648035,0.028637970544380664,0.02272735221551292,0.027921626123098564,0.022753664728865752,0.02838474927812973,0.017307692307692246
2020-02-07,-0.009390996655846418,-0.03593018967924633,-0.009342306252486554,-0.03625605337226501,-0.009390288616201503,-0.036583953430739724,-0.009390996655846418,-0.035930189679246216,-0.009342306252486443,-0.03625605337226534,-0.009390288616201614,-0.036583953430738725,-0.009390996655846418,-0.03593018967924633,-0.009342306252486665,-0.03625605337226512,-0.009390288616201725,-0.036583953430738614,-0.013232514177693666
2020-02-10,-0.00875266527807328,0.0007455182300324381,-0.008668036901097076,0.0008315262490783404,-0.008607076894282528,0.0012245913873309977,-0.008752665278073724,0.0007455182300324381,-0.008668036901096632,0.0008315262490783404,-0.008607076894282972,0.0012245913873309977,-0.008752665278073612,0.0007455182300322161,-0.008668036901096965,0.0008315262490781183,-0.008607076894282861,0.0012245913873312197,-0.004789272030651381
2020-02-11,0.009217521732848066,0.033253566037354076,0.009321846725589333,0.03296445566859085,0.00934035456919502,0.034242632811971596,0.00921752173284851,0.033253566037353854,0.009321846725589111,0.03296445566859085,0.009340354569195242,0.03424263281197071,0.009217521732848288,0.0332535660373543,0.009321846725589333,0.032964455668591075,0.009340354569195464,0.034242632811970486,0.009624639076034613
2020-02-12,0.009193902410193466,0.032914924714202876,0.009204266184759557,0.033005317671726875,0.009147453091826074,0.03314080298221378,0.009193902410193688,0.032914924714202654,0.009204266184759113,0.0330053176717271,0.009147453091826296,0.03314080298221267,0.009193902410193688,0.0329149247142031,0.009204266184759335,0.0330053176717271,0.009147453091826074,0.03314080298221267,0.011439466158245759
2020-02-13,0.008996668205122793,0.0006820829537637074,0.008803964897836414,0.00045481621376763925,0.008725792814031852,-4.4038831797599265e-05,0.008996668205123015,0.0006820829537637074,0.008803964897836192,0.00045481621376763925,0.008725792814032074,-4.403883179748824e-05,0.008996668205123015,0.0006820829537637074,0.008803964897836192,0.00045481621376763925,0.008725792814032296,-4.4038831797599265e-05,0.0009425070688031667
2020-02-14,-0.0032194929019909724,-0.002555877995881861,-0.003263994427432304,-0.00250723669837849,-0.003197712827579413,-0.0023219507256089233,-0.0032194929019910834,-0.002555877995881861,-0.003263994427432082,-0.002507236698378712,-0.003197712827579524,-0.0023219507256090344,-0.0032194929019910834,-0.002555877995881861,-0.003263994427432082,-0.00250723669837849,-0.003197712827579746,-0.0023219507256090344,0.0009416195856872811
2020-02-17,-0.0029153049988142055,-0.03013696754594608,-0.0029704903865037657,-0.030638168271559407,-0.003010512543343502,-0.030744751372406176,-0.0029153049988143165,-0.03013696754594597,-0.0029704903865038768,-0.03063816827155952,-0.003010512543343391,-0.03074475137240551,-0.0029153049988143165,-0.03013696754594619,-0.0029704903865039878,-0.03063816827155985,-0.00301051254334328,-0.0307447513724054,-0.006585136406397019
2020-02-18,-0.01290305420404958,-0.017445239785892297,-0.012855658149140914,-0.01737984360870004,-0.012746008019338007,-0.017372365426833847,-0.01290305420404958,-0.01744523978589252,-0.01285565814914058,-0.017379843608700152,-0.01274600801933845,-0.01737236542683318,-0.012903054204049691,-0.01744523978589252,-0.012855658149140914,-0.01737984360869993,-0.012746008019338562,-0.01737236542683318,-0.012310606060606077
2020-02-19,0.007849131712576618,0.02928986767510744,0.007751678474679613,0.029702345870218583,0.007758210599172477,0.02961468258592692,0.007849131712576618,0.02928986767510766,0.007751678474679391,0.029702345870218805,0.007758210599172477,0.029614682585926033,0.007849131712576618,0.02928986767510766,0.007751678474679391,0.029702345870218805,0.007758210599172699,0.029614682585926033,0.0086289549376799
2020-02-20,-0.006839154620148169,0.0033770866657618637,-0.006746605637114267,0.003587727701394261,-0.006703667828336757,0.0037743429184942112,-0.006839154620148169,0.0033770866657618637,-0.006746605637114045,0.003587727701394261,-0.006703667828336868,0.0037743429184942112,-0.006839154620148391,0.0033770866657618637,-0.006746605637114267,0.003587727701394261,-0.006703667828336979,0.003774342918493989,-0.0019011406844107182
2020-02-21,-0.006409995995147466,-0.004690815844795804,-0.00645747109072492,-0.004706627496973259,-0.006455757472321855,-0.004829021316944959,-0.006409995995147577,-0.004690815844795582,-0.006457471090724809,-0.004706627496973259,-0.006455757472321966,-0.004829021316945181,-0.006409995995147466,-0.004690815844795582,-0.006457471090724809,-0.004706627496973259,-0.006455757472321966,-0.004829021316944848,-0.003809523809523818
2020-02-24,-0.013183252107641041,-0.011337336406539444,-0.013141761357566284,-0.011690026879231707,-0.013139793461521831,-0.011370304384593188,-0.013183252107641708,-0.011337336406539333,-0.013141761357565729,-0.011690026879231818,-0.013139793461522165,-0.011370304384592522,-0.013183252107641596,-0.011337336406539333,-0.013141761357566173,-0.011690026879231707,-0.013139793461522276,-0.011370304384592744,-0.011472275334607929
2020-02-25,-0.0021370134512314065,0.0026131945343748075,0.0032922065935629963,0.01578725634318201,0.003251683009646511,0.015682589205318065,-0.003628184404122825,0.0008353524439599358,0.0032922065935629963,0.01578725634318201,0.003251683009646511,0.01568258920531762,-0.005863544257268205,-0.0018270554706739661,0.0032922065935629963,0.015787256343181788,0.003251683009646511,0.01568258920531762,0.0
2020-02-26,-0.010131389242270417,-0.024886879130237904,-0.014998909139767314,-0.028883025539442886,-0.01075700379728306,-0.028661146235029578,-0.010131389242270417,-0.024886879130237793,-0.016475264568263315,-0.030603739280335107,-0.01075700379728306,-0.02866114623502858,-0.010131389242270195,-0.024886879130237793,-0.01868966371969305,-0.03318319833409911,-0.010757003797283282,-0.02866114623502869,-0.008704061895551285
2020-02-27,-0.011970175407014727,-0.03851247210242459,-0.012048903493127372,-0.038508278432799914,-0.015624349410309213,-0.0373942893016892,-0.01197017540701506,-0.038512472102424145,-0.012048903493127372,-0.03850827843279947,-0.01711876659963152,-0.03914035023872986,-0.011970175407014727,-0.03851247210242492,-0.012048903493127261,-0.03850827843279969,-0.019358992767117167,-0.041755234115216866,-0.009756097560975618
2020-03-02,-0.007255757237535354,0.000313517411290265,-0.007188539636628022,0.00031083418796917783,-0.007235362723159722,7.308360928881541e-05,-0.007255757237535465,0.000313517411290265,-0.007188539636628244,0.0003108341879693999,-0.007235362723159722,7.308360928859337e-05,-0.007255757237535465,0.00031351741129048705,-0.007188539636628355,0.00031083418796917783,-0.007235362723159722,7.308360928859337e-05,-0.011822660098522175
2020-03-03,0.01253846233369127,0.009819276964150747,0.012543177681720419,0.009802735137168117,0.012525834987521911,0.009927238697771124,0.012538462333691491,0.009819276964150747,0.012543177681720419,0.009802735137168117,0.012525834987521911,0.009927238697771124,0.01253846233369127,0.009819276964150747,0.012543177681720419,0.009802735137168117,0.012525834987522133,0.009927238697770902,0.012961116650049842
2020-03-04,0.005735932170903624,-0.0013946389410078863,0.0056919751479231895,-0.0014808763448512785,0.005737149425642629,-0.0013129996214950035,0.005735932170903846,-0.0013946389410078863,0.0056919751479231895,-0.0014808763448513895,0.005737149425642407,-0.0013129996214947814,0.005735932170903402,-0.0013946389410079973,0.0056919751479231895,-0.0014808763448512785,0.005737149425642407,-0.0013129996214951145,0.0019685039370078705
2020-03-05,0.008143455322270565,0.02446997116852856,0.00819660117774701,0.024471727203601246,0.008200901406679506,0.02434297596312862,0.008143455322270787,0.024469971168528337,0.00819660117774701,0.0244717272036008,0.008200901406679506,0.0243429759631284,0.008143455322270787,0.02446997116852878,0.008196601177747231,0.024471727203601246,0.008200901406679728,0.0243429759631284,0.01080550098231825
2020-03-06,-0.011008145023580718,-0.019059150691899895,-0.010947925743257647,-0.019076955384504712,-0.010999659767214953,-0.019150537300248405,-0.011008145023580829,-0.019059150691899562,-0.010947925743257647,-0.01907695538450438,-0.010999659767214953,-0.01915053730024807,-0.011008145023580718,-0.019059150691900006,-0.01094792574325787,-0.0190769553845046,-0.010999659767215064,-0.01915053730024807,-0.016520894071914483
2020-03-09,-0.021256829115632092,-0.05490386147021342,-0.021220305676751483,-0.05502312093633277,-0.02126379948940038,-0.05504594716094835,-0.021256829115632536,-0.054903861470212756,-0.021220305676751594,-0.05502312093633177,-0.021263799489399937,-0.05504594716094813,-0.021256829115632092,-0.05490386147021342,-0.021220305676751594,-0.05502312093633244,-0.02126379948940038,-0.05504594716094746,-0.020750988142292592
2020-03-10,-0.0010388837992862943,0.017254242141661047,-0.0010393634909998672,0.01723466365001447,-0.001063742214293728,0.017134014651752905,-0.0010388837992866273,0.017254242141660603,-0.0010393634909998672,0.017234663650014248,-0.001063742214293617,0.017134014651752683,-0.0010388837992866273,0.017254242141660825,-0.0010393634909998672,0.017234663650014692,-0.001063742214293839,0.017134014651752683,-0.006256306760847541
2020-03-11,-0.00021528662697678502,0.004366043583390988,-0.007249752016381783,-0.029955318479170656,-0.007255565098103767,-0.029943760803235353,-0.0014479234445666789,0.002620497446362169,-0.007249752016381783,-0.02995531847916999,-0.007255565098103656,-0.029943760803235242,-0.003296878670952186,2.1782408188286695e-06,-0.007249752016381672,-0.029955318479170434,-0.007255565098103545,-0.029943760803234798,-0.011982128350934262
2020-03-12,-0.030053837472219902,-0.06191190152913384,-0.013893997144220238,-0.016888276729436713,-0.03891426940325193,-0.07094201126968513,-0.031262493126460233,-0.06354640474986717,-0.015094571949056945,-0.018580866688571507,-0.03891426940325149,-0.07094201126968436,-0.03306983922137352,-0.06598750771663253,-0.016895434156311784,-0.021119751627273975,-0.038914269403252044,-0.07094201126968347,-0.03391572456320657
2020-03-13,-0.0441074427796323,-0.08034116718958006,0.03607002126911141,0.04615928351055221,-0.04260463373146006,-0.07867911042241538,-0.04525086648157328,-0.08191941784659895,0.03477896828310656,0.04433647953181552,-0.04371670444537745,-0.08022780956829856,-0.04696600203448431,-0.08428679383212889,0.032848410506458814,0.04161415256183498,-0.04538481051625498,-0.08255085828712261,-0.0238297872340425
2020-03-16,0.0,0.0,-0.007101047815225248,-0.008489749280027659,-0.03457404052387292,-0.07228923478400529,0.0,0.0,-0.008368112367887481,-0.010239675867227294,-0.035777063526335695,-0.07390565677691419,0.0,0.0,-0.010268709196881165,-0.01286456574802708,-0.03757598691527886,-0.07631975573516825,-0.0387968613775066
2020-03-17,0.0,0.0,0.0,0.0,-0.013027401792248261,-0.05366876840074741,0.0,0.0,0.0,0.0,-0.014229548152553617,-0.05529754217748806,0.0,0.0,0.0,0.0,-0.01603276769301165,-0.05774070284259991,-0.02426303854875289
2020-03-18,0.0,0.0,0.0,0.0,0.0,0.0,0.0,0.0,0.0,0.0,0.0,0.0,0.0,0.0,0.0,0.0,0.0,0.0,-0.03439460841273534
2020-03-19,0.0,0.0,0.0,0.0,0.0,0.0,0.0,0.0,0.0,0.0,0.0,0.0,0.0,0.0,0.0,0.0,0.0,0.0,-0.046690734055354954
2020-03-20,0.0,0.0,0.0,0.0,0.0,0.0,0.0,0.0,0.0,0.0,0.0,0.0,0.0,0.0,0.0,0.0,0.0,0.0,0.060338298409492674
2020-03-23,0.0,0.0,0.0,0.0,0.0,0.0,0.0,0.0,0.0,0.0,0.0,0.0,0.0,0.0,0.0,0.0,0.0,0.0,-0.028571428571428692
2020-03-24,0.0,0.0,0.0,0.0,0.0,0.0,0.0,0.0,0.0,0.0,0.0,0.0,0.0,0.0,0.0,0.0,0.0,0.0,0.04338235294117654
2020-03-25,0.0,0.0,0.0,0.0,0.0,0.0,0.0,0.0,0.0,0.0,0.0,0.0,0.0,0.0,0.0,0.0,0.0,0.0,0.028893587033121948
2020-03-26,0.0,0.0,0.0,0.0,0.0,0.0,0.0,0.0,0.0,0.0,0.0,0.0,0.0,0.0,0.0,0.0,0.0,0.0,0.009360730593607425
2020-03-27,0.0,0.0,0.0,0.0,0.0,0.0,0.0,0.0,0.0,0.0,0.0,0.0,0.0,0.0,0.0,0.0,0.0,0.0,-0.007011988237955236
2020-03-30,0.0,0.0,0.0,0.0,0.0,0.0,0.0,0.0,0.0,0.0,0.0,0.0,0.0,0.0,0.0,0.0,0.0,0.0,-0.012300683371298415
2020-03-31,0.0,0.0,0.0,0.0,0.0,0.0,0.0,0.0,0.0,0.0,0.0,0.0,0.0,0.0,0.0,0.0,0.0,0.0,0.004151291512915156
2020-04-01,0.0,0.0,0.0,0.0,0.0,0.0,0.0,0.0,0.0,0.0,0.0,0.0,0.0,0.0,0.0,0.0,0.0,0.0,0.0
2020-04-06,0.0,0.0,0.0,0.0,0.0,0.0,0.0,0.0,0.0,0.0,0.0,0.0,0.0,0.0,0.0,0.0,0.0,0.0,0.00941662838768953
2020-04-07,0.0,0.0,0.0,0.0,0.0,0.0,0.0,0.0,0.0,0.0,0.0,0.0,0.0,0.0,0.0,0.0,0.0,0.0,0.019795221843003308
2020-04-08,0.0,0.0,0.0,0.0,0.0,0.0,0.0,0.0,0.0,0.0,0.0,0.0,0.0,0.0,0.0,0.0,0.0,0.0,0.015171798304328465
2020-04-09,0.0,0.0,0.0,0.0,0.0,0.0,0.0,0.0,0.0,0.0,0.0,0.0,0.0,0.0,0.0,0.0,0.0,0.0,-0.00219780219780219
2020-04-10,0.0,0.0,0.0,0.0,0.0,0.0,0.0,0.0,0.0,0.0,0.0,0.0,0.0,0.0,0.0,0.0,0.0,0.0,-0.001321585903083622
2020-04-13,0.0,0.0,0.0,0.0,0.0,0.0,0.0,0.0,0.0,0.0,0.0,0.0,0.0,0.0,0.0,0.0,0.0,0.0,-0.003970004411116168
2020-04-14,0.0,0.0,0.0,0.0,0.0,0.0,0.0,0.0,0.0,0.0,0.0,0.0,0.0,0.0,0.0,0.0,0.0,0.0,0.024579273693534187
2020-04-15,0.0,0.0,0.0,0.0,0.0,0.0,0.0,0.0,0.0,0.0,0.0,0.0,0.0,0.0,0.0,0.0,0.0,0.0,0.0049708234277068275
2020-04-16,0.0,0.005625512245547304,0.0,0.0,0.0,0.0,0.0,0.005123327220705631,0.0,0.0,0.0,0.0,0.0,0.004370989400929393,0.0,0.0,0.0,0.0,-0.003225806451612856
2020-04-17,0.0,0.006977312020382875,0.0,-0.01977346956112891,0.0,0.0,0.0,0.006452273347690163,0.0,-0.02026297094961238,0.0,0.0,0.0,0.005664715338651538,0.0,-0.02099630704920119,0.0,0.0,0.027615965480043192
2020-04-20,0.0,-0.0027798603081098383,0.0,0.0005662432720587862,0.0,-0.0027798603081097273,0.0,-0.003277847893474073,0.0,9.280214865081682e-05,0.0,-0.003277847893474184,0.0,-0.004023897408523824,0.0,-0.0006173595364612483,0.0,-0.004023897408523824,-0.0018895653999581041
2020-04-21,0.0,-0.002015713439528999,0.0,-0.002323448526839522,0.0,-0.0011938164690469266,0.0,-0.002015713439528888,0.0,-0.00282166403319295,0.0,-0.0016898628516396341,0.0,-0.002015713439528999,0.0,-0.00356805500322821,0.0,-0.0024339324255290284,-0.027135044173327683
2020-04-22,0.0,0.011997472411650723,0.0,0.012088040815207535,0.0,0.011179810320678163,0.0,0.011997472411650723,0.0,0.012088040815207313,0.0,0.010674851613901248,0.0,0.011997472411650723,0.0,0.012088040815207313,0.0,0.009918358461495691,-0.0017297297297297343
2020-04-23,0.0,0.0007983354825853439,0.0,0.0006722929128506472,0.0,0.0006900856452238813,0.0,0.0002834290042945664,0.0,0.0006722929128506472,0.0,0.0006900856452238813,0.0,-0.0004889307131415999,0.0,0.0006722929128508692,0.0,0.0006900856452241033,0.006064544076239908
2020-04-24,0.0029133811662731546,0.0023054574201621936,0.0,-0.0012263194420518708,0.0,-0.0017569517012238078,0.0026628094283178694,0.0010564786570217422,0.0,-0.0017419883547518111,0.0,-0.0017569517012238078,0.0022871864977129786,-0.0008111640270398457,0.0,-0.0025154917238019436,0.0,-0.0017569517012239189,-0.001291711517761085
2020-04-27,0.0009836065573771702,0.007557519516766531,-0.001944622525346884,0.0010681794603504269,0.0,0.0012771944848635197,0.0009836065573771702,0.007557519516766309,-0.0021939805209684193,-0.00017925752340064438,0.0,0.0007569682930685939,0.0009836065573771702,0.007557519516766309,-0.002567783974819271,-0.0020445947295139044,0.0,-2.3370994624016816e-05,0.01983186031472295
2020-04-28,0.010481493612839898,0.0009695457812544106,0.010066058508965137,0.001164438603885376,0.007767450614540872,-0.00661437715932589,0.010481493612839898,0.0009695457812546326,0.010066058508965137,0.001164438603885376,0.0075156661171980055,-0.00785224086380043,0.010481493612839898,0.0009695457812546326,0.010066058508965359,0.001164438603885376,0.007138225183338065,-0.009703262802487234,-0.001690974424012004
2020-04-29,0.007131280388979144,0.005384653438562648,0.0068514481469947874,0.005255268117458467,0.006836544437538894,0.005057195333691311,0.007131280388978922,0.00538465343856287,0.0068514481469947874,0.005255268117458467,0.006836544437538894,0.005057195333691089,0.007131280388978922,0.00538465343856287,0.0068514481469947874,0.005255268117458689,0.006836544437538894,0.005057195333691089,0.014185898793140028
2020-04-30,-0.003862246540070835,0.008726746572915278,-0.003711722858026678,0.008676480283708932,-0.0037037037037037646,0.008221917766993547,-0.003862246540070835,0.008726746572915056,-0.003711722858026567,0.008676480283709154,-0.0037037037037036535,0.00822191776699377,-0.003862246540070835,0.008726746572915056,-0.003711722858026789,0.00867648028370871,-0.0037037037037037646,0.008221917766993547,0.0215031315240084
2020-05-04,-0.0058158319870760256,0.0015646209203821204,-0.005588326606643879,0.0014682055478381084,-0.005576208178438846,0.0008918923963034953,-0.0058158319870759145,0.0015646209203821204,-0.00558832660664399,0.0014682055478381084,-0.005576208178438735,0.0008918923963034953,-0.0058158319870760256,0.0015646209203823425,-0.00558832660664399,0.0014682055478381084,-0.005576208178438735,0.0008918923963034953,-0.02513795217657877
2020-05-05,0.0006499837504061468,-0.010667846645336376,0.0006244146113019156,-0.010333554378825327,0.0006230529595017131,-0.01015390252087911,0.0006499837504061468,-0.010667846645336265,0.0006244146113019156,-0.010333554378825438,0.0006230529595014911,-0.010153902520879221,0.0006499837504063688,-0.010667846645336265,0.0006244146113019156,-0.010333554378825327,0.0006230529595017131,-0.010153902520879221,0.0016771488469602414
2020-05-06,-0.0013796687236116156,0.0017844018961028496,0.0018720748829952338,-0.006234730145570522,0.0018679950186799577,-0.006113074084139747,-0.001649886326729355,0.0005139581952406935,0.0018720748829952338,-0.006234730145570522,0.0018679950186799577,-0.006113074084139636,-0.0020552127314062973,-0.0013917073560522075,0.0018720748829952338,-0.006234730145570522,0.0018679950186799577,-0.006113074084139636,-0.000837170364169082
2020-05-07,-0.00037485942771464664,0.005784902601306374,-0.0010180629087510606,0.0067391921393897825,-0.0006215040397763438,0.016451559868912558,-0.0006246096189881367,0.004531588080931126,-0.0012815322329492451,0.005469800482303944,-0.0006215040397762328,0.016451559868912558,-0.0009990009990010762,0.0026574619837651525,-0.0016767362192463553,0.0035657129966750745,-0.0006215040397762328,0.016451559868912558,0.006284038542103021
2020-05-08,-0.0011820330969266601,0.01619729968179806,-0.003002378780854298,0.004195251391517996,0.001155472636815924,0.007930505311083635,-0.0011820330969267712,0.016197299681798505,-0.0032514725025830638,0.002943917744924196,0.0008893034825869783,0.006653841026639462,-0.0011820330969266601,0.016197299681798283,-0.0036248797931041077,0.001072753719280728,0.0004900497512438928,0.00473884459997298,0.005203996669442157
2020-05-11,-0.0002958579881656709,1.6516270663347044e-05,-0.0002928257686676261,-4.798241569026196e-05,-0.0021430642754249885,-0.012072476376501329,-0.0002958579881656709,1.6516270663347044e-05,-0.0002928257686676261,-4.798241569026196e-05,-0.0023923726915960897,-0.013303538711234908,-0.0002958579881657819,1.6516270663347044e-05,-0.0002928257686675151,-4.798241569037298e-05,-0.0027661018227056466,-0.015144390318116763,0.008904535100434874
2020-05-12,-0.0026635099141758545,-0.0008149991258900036,-0.002636203866432263,-0.0007648165793588957,-0.0026580035440046945,-2.0621227432404687e-05,-0.0026635099141757435,-0.0008149991258900036,-0.002636203866432374,-0.0007648165793590067,-0.0026580035440046945,-2.0621227432293665e-05,-0.0026635099141757435,-0.0008149991258898925,-0.002636203866432374,-0.0007648165793588957,-0.0026580035440046945,-2.0621227432404687e-05,-0.012725779967159179
2020-05-13,0.0029673590504450953,0.013931183149882065,0.002936857562408246,0.013806753517048076,0.0029612081729346595,0.013271433405598998,0.0029673590504450953,0.013931183149882065,0.002936857562408246,0.013806753517048076,0.0029612081729346595,0.01327143340559922,0.0029673590504450953,0.013931183149882065,0.002936857562408246,0.013806753517048076,0.0029612081729346595,0.01327143340559922,0.0031185031185030354
2020-05-14,0.0008875739644971237,-0.006982368453781529,0.0008784773060028783,-0.006865255423425531,0.0008857395925598865,-0.007054527165852198,0.0008875739644971237,-0.006982368453781862,0.0008784773060028783,-0.00686525542342542,0.0008857395925596645,-0.007054527165852087,0.0008875739644971237,-0.006982368453781751,0.0008784773060028783,-0.00686525542342542,0.0008857395925598865,-0.007054527165852198,-0.011398963730569922
2020-05-15,-0.0011823825007389877,0.023654230290408806,-0.001170275014628408,0.023266555927759835,-0.0011799410029498247,0.022281157462457513,-0.0011823825007389877,0.02365423029040903,-0.001170275014628408,0.02326655592775939,-0.0011799410029498247,0.022281157462457957,-0.0011823825007390987,0.02365423029040903,-0.001170275014628297,0.023266555927759613,-0.0011799410029500468,0.022281157462457735,0.004402515723270328
2020-05-18,0.005327019828351487,-0.009123226545146412,0.005272407732864748,-0.008928015341101436,0.005316007088009389,-0.00882673814128998,0.005327019828351709,-0.009123226545146412,0.005272407732864748,-0.008928015341101103,0.005316007088009611,-0.008826738141290313,0.005327019828351709,-0.009123226545146301,0.005272407732864748,-0.008928015341101214,0.005316007088009611,-0.008826738141290091,-0.008557712377374127
2020-05-19,-0.0035325287017956564,0.013298700277131204,-0.0034965034965035446,0.013064571067052944,-0.003525264394829586,0.012636771223604626,-0.0035325287017957674,0.013298700277131204,-0.0034965034965035446,0.013064571067052944,-0.003525264394829697,0.012636771223604626,-0.0035325287017956564,0.013298700277131204,-0.0034965034965035446,0.013064571067052944,-0.003525264394829697,0.012636771223604626,0.0094736842105263
2020-05-20,0.0017725258493352936,-0.007202456737876117,0.0017543859649122862,-0.0070841140213299125,0.001768867924528239,-0.006915990695359753,0.0017725258493352936,-0.007202456737876228,0.0017543859649122862,-0.007084114021330135,0.001768867924528239,-0.006915990695359864,0.0017725258493352936,-0.007202456737876228,0.0017543859649122862,-0.007084114021330135,0.001768867924528239,-0.006915990695359864,0.0
2020-05-21,0.0008846947803007321,0.0033617649237436265,0.0008756567425569628,0.0032457979134641324,0.0008828722778104758,0.0031445614393308396,0.0008846947803007321,0.0033617649237438485,0.0008756567425569628,0.0032457979134643544,0.0008828722778104758,0.0031445614393310617,0.0008846947803007321,0.0033617649237436265,0.0008756567425569628,0.0032457979134643544,0.0008828722778104758,0.0031445614393310617,0.008759124087591053
2020-05-22,0.0005892751915144157,-0.007629333834190621,0.0005832604257800522,-0.007576939192795229,0.0005880623346075087,-0.007300610414824549,0.0005892751915144157,-0.007629333834190621,0.0005832604257800522,-0.00757693919279534,0.0005880623346075087,-0.007300610414824771,0.0005892751915144157,-0.007629333834190621,0.0005832604257800522,-0.007576939192795229,0.0005880623346075087,-0.00730061041482466,-0.016745916890634538
2020-05-25,0.00795815267229072,0.018555806168030653,0.006703584960652931,0.01780839030959691,0.006758742286218089,0.01670186775692195,0.006943919066328075,0.017183283512283154,0.006703584960652931,0.017808390309597355,0.006758742286218089,0.016701867756922395,0.00542541265740093,0.015129625982804207,0.006703584960652931,0.017808390309597133,0.006758742286218089,0.016701867756922173,0.002523128679562614
2020-05-26,0.00406879685543915,0.02211782870547596,-0.0006274630265935555,0.0158828746039128,0.0,0.014850104665130592,0.00406879685543915,0.022117828705476406,-0.0016415334012599425,0.014491828272675145,0.0,0.014850104665130592,0.0040687968554389276,0.022117828705476184,-0.0031597954209575674,0.012410454416996064,0.0,0.014850104665130814,0.01468120805369133
2020-05-27,-0.0006532053900455415,-0.007215098987763735,-0.0006682836974375439,-0.007429016159891666,-0.006035318485099417,-0.014625729117811126,-0.0006532053900455415,-0.007215098987763957,-0.0006682836974375439,-0.007429016159891999,-0.0070495705193626135,-0.015940965343437252,-0.0006532053900453194,-0.007215098987763624,-0.0006682836974375439,-0.007429016159891888,-0.008568104519065312,-0.017911358536245592,-0.0020669698222406385
2020-05-28,0.008679484415142102,0.004009473121971974,0.00853454821027011,0.003731460927542285,0.008496783675265407,0.0038502205658890176,0.008679484415142102,0.004009473121971974,0.008534548210270332,0.003731460927542507,0.008496783675265629,0.0038502205658887956,0.00867948441514188,0.004009473121971752,0.00853454821027011,0.003731460927542507,0.008496783675265407,0.0038502205658890176,-0.0057995028997515075
2020-05-29,0.011200632815069778,0.025162664204023466,0.011068188919060029,0.024980913695106688,0.011028723660536643,0.025042858083040853,0.01120063281507,0.025162664204023688,0.011068188919060251,0.02498091369510691,0.011028723660537088,0.02504285808304041,0.01120063281507,0.025162664204023688,0.011068188919059807,0.024980913695107132,0.011028723660537088,0.02504285808304063,0.0047916666666665275
2020-06-01,0.007333349574606629,0.0016217669239815269,0.007293339886900174,0.00221323671197049,0.0072644513082094075,0.0020115841722401218,0.007333349574606407,0.0016217669239815269,0.007293339886900174,0.002213236711970712,0.0072644513082094075,0.002011584172240344,0.007333349574606185,0.0016217669239813048,0.007293339886900396,0.00221323671197049,0.00726445130820963,0.0020115841722401218,0.00684221438938426
2020-06-02,0.0012823678694113827,-0.03693541902693731,0.0015079380770277595,-0.03666874840609913,0.0015512244196942415,-0.036594258430740934,0.0012823678694113827,-0.03693541902693753,0.0015079380770277595,-0.03666874840609935,0.0015512244196940195,-0.03659425843074038,0.0012823678694116047,-0.0369354190269372,0.0015079380770277595,-0.036668748406099794,0.0015512244196940195,-0.0365942584307406,0.007001647446457815
2020-06-03,-0.000475067790572159,0.014355956480966103,-0.0003957369816852685,0.014300868665771516,-0.0003772568511902774,0.015012227742171147,-0.000475067790572159,0.014355956480966325,-0.0003957369816853795,0.014300868665771294,-0.0003772568511902774,0.015012227742170925,-0.00047506779057204795,0.014355956480966103,-0.00039573698168549054,0.014300868665771738,-0.00037725685119038843,0.015012227742171147,0.016564417177914237
2020-06-04,0.0012776818803945655,-0.004362049857666417,0.0012693027996901751,-0.004191860304767481,0.0012401953447074288,-0.0041427585947093615,0.0012776818803945655,-0.004362049857666306,0.0012693027996901751,-0.00419186030476737,0.0012401953447072067,-0.004142758594708917,0.0012776818803943435,-0.004362049857666528,0.0012693027996903972,-0.004191860304767592,0.0012401953447074288,-0.004142758594709028,0.005230335948501308
2020-06-05,0.0008998584731618742,-0.00669304582396435,0.0009731316973040638,-0.006422427673763553,0.0009777151512457838,-0.006508722694455571,0.0008998584731620962,-0.006693045823964461,0.0009731316973042858,-0.006422427673763664,0.0009777151512460058,-0.006508722694455571,0.0008998584731620962,-0.00669304582396435,0.0009731316973042858,-0.006422427673763664,0.0009777151512457838,-0.006508722694455571,0.0076045627376426506
2020-06-08,-0.0051700254071702645,0.004798281866054799,-0.004998987049071424,0.004621918312641693,-0.004960893265314903,0.0050512394378021686,-0.0051700254071703755,0.004798281866054799,-0.004998987049071868,0.004621918312641693,-0.004960893265315125,0.0050512394378019465,-0.0051700254071702645,0.004798281866055021,-0.004998987049071646,0.004621918312641915,-0.004960893265315014,0.0050512394378021686,0.012909632571995955
2020-06-09,-0.0025941452645139584,0.0027128687510329375,-0.0025288330694989147,0.002662382382543349,-0.002506641928286424,0.0028775944142238608,-0.0025941452645137364,0.0027128687510331595,-0.0025288330694986927,0.002662382382543349,-0.002506641928286757,0.0028775944142238608,-0.0025941452645138474,0.0027128687510329375,-0.0025288330694988037,0.002662382382543127,-0.002506641928286313,0.0028775944142236387,0.0039215686274509665
2020-06-10,0.006841307836029431,0.021587694590326834,0.006633026653243057,0.021668053600364168,0.006595193889808559,0.021923555192409072,0.006841307836029209,0.021587694590326834,0.006633026653242835,0.021668053600364168,0.0065951938898090035,0.021923555192408406,0.006841307836029209,0.02158769459032661,0.006633026653243057,0.021668053600364834,0.006595193889808559,0.02192355519240885,0.0087890625
2020-06-11,-0.004104533686606016,-0.0016949069287436336,-0.004179689331475611,-0.0014366636085292317,-0.004203187681950715,-0.0017619652297484745,-0.0041045336866057935,-0.0016949069287436336,-0.004179689331475389,-0.0014366636085293427,-0.004203187681950826,-0.0017619652297483634,-0.0041045336866057935,-0.0016949069287437446,-0.0041796893314755,-0.0014366636085292317,-0.004203187681950937,-0.0017619652297484745,-0.015488867376573068
2020-06-12,-0.0056336621150934185,0.005835683036480965,-0.005724930751839885,0.005504959242281338,-0.005716183288622556,0.006159720502403543,-0.0056336621150935295,0.005835683036480965,-0.005724930751839996,0.005504959242281338,-0.005716183288622778,0.006159720502403321,-0.0056336621150936406,0.005835683036480965,-0.005724930751839996,0.0055049592422811156,-0.005716183288622667,0.006159720502403321,-0.009832841691248762
2020-06-15,-0.0036507381648984705,-0.04318412931276028,-0.0035561644906608736,-0.0430413609218655,-0.0035289924878323387,-0.043121695277167804,-0.0036507381648982484,-0.0431841293127605,-0.0035561644906610956,-0.04304136092186572,-0.0035289924878321166,-0.043121695277166805,-0.0036507381648984705,-0.043184129312759945,-0.0035561644906608736,-0.043041360921865945,-0.0035289924878321166,-0.04312169527716736,-0.011717974180734947
2020-06-16,0.01527595689273964,0.0499057401433165,0.015123735095754043,0.04971668829661402,0.015067721363719144,0.04944929372513651,0.015275956892739417,0.049905740143316946,0.015123735095754265,0.04971668829661402,0.015067721363719144,0.04944929372513518,0.01527595689273964,0.04990574014331628,0.01512373509575382,0.049716688296614686,0.015067721363719144,0.049449293725135846,0.02290996784565924
2020-06-17,0.0047419455580188785,-0.005001289534953934,0.00477089533860231,-0.004926111983228343,0.004754800325591946,-0.004596552841287682,0.0047419455580191006,-0.005001289534954156,0.004770895338602754,-0.004926111983228121,0.004754800325592168,-0.004596552841287571,0.0047419455580191006,-0.005001289534954156,0.004770895338602532,-0.004926111983228232,0.004754800325591724,-0.004596552841287571,-0.0019646365422396617
2020-06-18,0.0033433580507145066,0.01880188095623403,0.0033761233939055835,0.018729914331076625,0.0033724715791192406,0.019147322762365526,0.0033433580507145066,0.01880188095623425,0.0033761233939058055,0.018729914331076403,0.0033724715791194626,0.019147322762365304,0.0033433580507145066,0.01880188095623425,0.0033761233939055835,0.018729914331076625,0.0033724715791194626,0.019147322762365526,0.0009842519685039353
2020-06-19,0.018025553039565656,0.011445937501777914,0.017849430448988457,0.0111874879649001,0.017759722185886062,0.0114192460332172,0.018025553039565656,0.011445937501777914,0.017849430448988457,0.011187487964900322,0.017759722185886284,0.011419246033216757,0.018025553039565434,0.011445937501777692,0.017849430448988457,0.011187487964900322,0.017759722185886062,0.011419246033216535,-0.000983284169124965
2020-06-22,0.010246948732932859,0.016504039617577293,0.009217696660030583,0.015688205783294995,0.00918208440272239,0.016343252449891654,0.009392544173387973,0.014909070877143327,0.009217696660030805,0.015688205783294995,0.009182084402722834,0.016343252449891432,0.008112536144998073,0.01251960236368621,0.009217696660030583,0.015688205783295217,0.009182084402722612,0.016343252449891876,0.003937007874015741
2020-06-23,-0.00687273784906095,0.02043914543975145,-0.012760653040293168,0.016103526955861147,-0.004158425928642795,0.004287647916343396,-0.006872737849061061,0.02043914543975145,-0.013610592700295077,0.014446957381252234,-0.004158425928643017,0.004287647916343396,-0.006872737849061505,0.02043914543975145,-0.014883911734348887,0.011965202887553872,-0.004158425928642906,0.004287647916343396,0.0039215686274509665
2020-06-24,0.008347544361879011,0.03433709838774357,0.008239117165594667,0.03214817801898873,0.0019590754166631807,0.028264133122054114,0.008347544361879011,0.03433709838774379,0.008239117165594223,0.032148178018988505,0.001099751671009841,0.026558710603921343,0.008347544361879233,0.03433709838774357,0.008239117165594667,0.03214817801898873,-0.00018762593147925166,0.024003768111375168,0.00390625
2020-06-29,-0.007860530769628782,-0.02263645664137892,-0.007706724887451055,-0.02139742676883205,-0.007640811486074428,-0.020229316763335503,-0.00786053076962867,-0.022636456641379032,-0.007706724887450833,-0.021397426768831718,-0.007640811486074428,-0.020229316763335503,-0.007860530769628782,-0.02263645664137892,-0.007706724887451166,-0.02139742676883183,-0.007640811486074317,-0.020229316763335725,-0.0077821011673151474
2020-06-30,0.010682595957389074,0.00971980855180088,0.010749759098247047,0.011032175321919802,0.010461582368443745,0.012807728132844698,0.010682595957389074,0.00971980855180088,0.010749759098246825,0.01103217532191958,0.010461582368443745,0.012807728132844698,0.010682595957389296,0.009719808551800657,0.010749759098247047,0.01103217532191958,0.010461582368443523,0.012807728132844698,0.006862745098039191
2020-07-01,0.008225967263578937,0.021712779723483067,0.008270409414620206,0.021633533425408302,0.00828767897949545,0.021429348512677526,0.008225967263578937,0.021712779723483067,0.008270409414619984,0.021633533425407858,0.00828767897949545,0.02142934851267775,0.00822596726357916,0.02171277972348329,0.008270409414620206,0.02163353342540808,0.00828767897949545,0.02142934851267775,0.00778967867575453
2020-07-02,0.01017002854458049,0.031336395392857375,0.01017068365220064,0.029671497955659598,0.01010745247916045,0.0287481742337945,0.010170028544580267,0.0313363953928576,0.01017068365220064,0.029671497955659154,0.01010745247916045,0.0287481742337945,0.01017002854458049,0.03133639539285715,0.01017068365220064,0.029671497955659376,0.010107452479160672,0.02874817423379472,0.008695652173912993
2020-07-03,0.024501291867654595,0.02858924655902939,0.02431519019226136,0.02925267702067713,0.024280724879690574,0.02846415583304962,0.024501291867654817,0.028589246559029613,0.024315190192261138,0.02925267702067691,0.024280724879690352,0.02846415583304962,0.02450129186765526,0.02858924655902939,0.024315190192261804,0.029252677020676687,0.024280724879691018,0.02846415583304962,0.011494252873563093
2020-07-06,0.03007711278832237,0.0340836859335798,0.030099577525675825,0.03345729245026341,0.02987490821349259,0.0326906983467079,0.03007711278832237,0.0340836859335798,0.03009957752567516,0.033457292450262965,0.02987490821349259,0.032690698346708125,0.030077112788323035,0.034083685933579355,0.030099577525675825,0.03345729245026341,0.02987490821349259,0.032690698346708125,0.01799242424242431
2020-07-07,-0.0021796772003839227,-0.028126259637433426,-0.002344116230737825,-0.027880746467740858,-0.0021890506277139066,-0.026780723414678742,-0.0021796772003839227,-0.028126259637433537,-0.002344116230737936,-0.027880746467740747,-0.0021890506277139066,-0.026780723414678742,-0.0021796772003837006,-0.028126259637433093,-0.002344116230737825,-0.027880746467740858,-0.0021890506277140176,-0.026780723414678964,0.0027906976744185297
2020-07-08,0.017807410140119773,0.021716763345727585,0.017664074613072955,0.021623407362261204,0.01760216129453762,0.021412655599233332,0.01780741014011933,0.021716763345727585,0.01766407461307251,0.021623407362260982,0.017602161294537844,0.021412655599233554,0.017807410140119773,0.021716763345727363,0.017664074613072955,0.021623407362260982,0.017602161294538288,0.021412655599233554,0.008348794063079756
2020-07-09,0.0036185877708558856,-0.016079631773515124,0.0036880935621381727,-0.0160251130743001,0.0036054269097078873,-0.016272301610861906,0.0036185877708561076,-0.016079631773515235,0.0036880935621381727,-0.016025113074299546,0.0036054269097076652,-0.016272301610861906,0.0036185877708561076,-0.016079631773515235,0.0036880935621381727,-0.016025113074299657,0.0036054269097078873,-0.016272301610862017,0.0009199632014718073
2020-07-10,-0.020153735809835704,-0.036773893377388456,-0.019950077330900706,-0.03490365990829358,-0.01984307646357275,-0.033825798325837764,-0.020153735809835482,-0.03677389337738857,-0.019950077330900262,-0.03490365990829325,-0.01984307646357264,-0.0338257983258381,-0.02015373580983615,-0.036773893377388345,-0.019950077330900706,-0.03490365990829336,-0.019843076463572862,-0.033825798325837986,-0.006433823529411797
2020-07-13,0.01608072990143028,0.03329591242244567,0.01628679745174444,0.03251934674355805,0.01627326575049981,0.03161359528695917,0.016080729901430058,0.033295912422445895,0.016286797451744217,0.03251934674355739,0.01627326575049981,0.031613595286959395,0.0160807299014305,0.03329591242244567,0.01628679745174466,0.03251934674355739,0.016273265750500032,0.03161359528695962,0.013876040703052706
2020-07-14,-0.013731799692147328,-0.03742758609785524,-0.013625982711501838,-0.036687781390484564,-0.013555116500194142,-0.03605187290162759,-0.013731799692147328,-0.03742758609785535,-0.013625982711501727,-0.03668778139048412,-0.013555116500194253,-0.0360518729016277,-0.01373179969214755,-0.037427586097855126,-0.01362598271150195,-0.03668778139048401,-0.013555116500194364,-0.03605187290162781,0.007299270072992803
2020-07-15,-0.0008853865736673239,-0.025055056191494396,-0.000810752721741359,-0.023397222128453188,-0.0007215390067244476,-0.02220632978867476,-0.0008853865736672129,-0.025055056191494507,-0.000810752721741248,-0.023397222128452855,-0.0007215390067244476,-0.022206329788675094,-0.0008853865736673239,-0.025055056191494396,-0.000810752721741359,-0.023397222128452744,-0.0007215390067244476,-0.022206329788675316,0.0036231884057971175
2020-07-16,0.00024014706797981233,0.01872913917012342,0.00036839065493698975,0.019930855311834694,0.0002760648788686648,0.019970584708900674,0.0002401470679795903,0.0187291391701232,0.00036839065493698975,0.019930855311834472,0.0002760648788684428,0.019970584708901118,0.0002401470679795903,0.01872913917012342,0.00036839065493698975,0.019930855311834472,0.0002760648788686648,0.019970584708901118,-0.008122743682310363
2020-07-17,-0.009764890971206697,-0.034280298149161004,-0.009857948070603362,-0.034111320244169296,-0.00970843219217421,-0.0335200566719156,-0.009764890971206808,-0.03428029814916089,-0.009857948070603029,-0.034111320244169074,-0.009708432192174099,-0.03352005667191593,-0.009764890971206808,-0.03428029814916089,-0.009857948070603362,-0.034111320244169185,-0.00970843219217421,-0.03352005667191571,0.008189262966332933
2020-07-20,0.009432439187007091,0.01468205017602453,0.009521186760737876,0.015767830267414684,0.009318054868239,0.016042689966803136,0.009432439187007313,0.01468205017602453,0.009521186760737432,0.015767830267414684,0.009318054868239,0.01604268996680336,0.009432439187007091,0.01468205017602453,0.009521186760737876,0.015767830267414462,0.009318054868239223,0.016042689966803136,0.0018050541516245744
2020-07-21,0.0337842438332292,0.04727186217115942,0.03362477457256863,0.04572509611651698,0.033590693725916276,0.04496130920408503,0.03378424383322942,0.04727186217115942,0.03362477457256796,0.04572509611651632,0.0335906937259165,0.04496130920408503,0.03378424383323031,0.047271862171158974,0.03362477457256863,0.04572509611651676,0.03359069372591694,0.044961309204085476,0.014414414414414267
2020-07-22,0.02229743006422069,0.030384584391897063,0.027150512426451723,0.02937438282016247,0.027211924092891415,0.02909689283871253,0.02124025841128896,0.029677814413450188,0.02715051242645128,0.029374382820162026,0.027211924092891415,0.02909689283871275,0.01965450093189114,0.02861898199439139,0.027150512426451945,0.029374382820162026,0.027211924092891415,0.02909689283871275,0.002664298401421128
2020-07-23,0.008258530123583574,0.00295645677472689,0.011872601381319736,0.004896417611663928,0.005799935511659138,0.006688835586737829,0.00825853012358313,0.00295645677472689,0.010819939135434442,0.0041820415236328845,0.005799935511659138,0.006688835586737829,0.00825853012358313,0.002956456774727112,0.009240945766606723,0.0031118141731878435,0.005799935511659138,0.006688835586737607,-0.0008857395925598865
2020-07-24,-0.031095829168046096,-0.038175961459755214,-0.030852240923362473,-0.03791345946578051,-0.0310595976426018,-0.03876875158131077,-0.031095829168045652,-0.0381759614597551,-0.03085224092336225,-0.03791345946578095,-0.03206582775107769,-0.03947967796237628,-0.03109582916804554,-0.03817596145975466,-0.030852240923361918,-0.037913459465780286,-0.03357706337616928,-0.040544737207664716,-0.0035460992907800915
2020-07-27,0.012440548965951148,0.024827064973857338,0.012499603246250102,0.02467144046897829,0.012216414504657713,0.024599542571445365,0.012440548965951148,0.024827064973857338,0.012499603246250102,0.02467144046897851,0.012216414504657713,0.0245995425714447,0.012440548965951148,0.024827064973856894,0.01249960324624988,0.024671440468978068,0.012216414504657713,0.024599542571445365,0.048932384341636936
2020-07-28,-0.011073093091132136,-0.031053915183266945,-0.011310197796273735,-0.03141236099516442,-0.010965100759873891,-0.03141695154483082,-0.011073093091132025,-0.031053915183266723,-0.011310197796273513,-0.031412360995164534,-0.010965100759874002,-0.03141695154482993,-0.011073093091132025,-0.03105391518326661,-0.011310197796273513,-0.03141236099516409,-0.010965100759873891,-0.03141695154483071,0.0025445292620864812
2020-07-29,0.0016319494785224098,0.0278015737689965,0.0016572371171541533,0.02829119599848573,0.0016475086181904075,0.028382720370630388,0.0016319494785224098,0.027801573768996057,0.0016572371171539313,0.028291195998485952,0.0016475086181904075,0.02838272037062972,0.0016319494785221877,0.027801573768995835,0.0016572371171539313,0.028291195998485508,0.0016475086181901855,0.028382720370630166,-0.009306260575296155
2020-07-30,0.01755583331377486,0.017901954210236992,0.017441038519141916,0.017663089250133712,0.017594753557633513,0.01786472852982346,0.017555833313774638,0.017901954210236992,0.017441038519141916,0.017663089250133934,0.017594753557633513,0.017864728529822793,0.017555833313774638,0.01790195421023677,0.017441038519141694,0.017663089250133712,0.017594753557633735,0.01786472852982346,0.016225448334756587
2020-07-31,0.006436158520907176,0.0102721378181716,0.006436919766766636,0.01015696830193491,0.006326538357440459,0.010024052150000795,0.006436158520906954,0.0102721378181716,0.006436919766766636,0.010156968301935132,0.006326538357440681,0.010024052150000795,0.006436158520906954,0.0102721378181716,0.006436919766766636,0.010156968301934688,0.006326538357440459,0.010024052150000795,-0.003361344537815225
2020-08-03,-0.0075549966121480905,0.001924266187530943,-0.007465349081950734,0.0018645411751829766,-0.007657505585818347,0.0016111374319982552,-0.007554996612147646,0.001924266187531165,-0.007465349081950623,0.0018645411751829766,-0.00765750558581868,0.0016111374319980332,-0.007554996612147646,0.001924266187530943,-0.007465349081950512,0.0018645411751829766,-0.007657505585818458,0.0016111374319984773,-0.015177065767284947
2020-08-04,0.031575771837898836,0.03644586513532788,0.03185671961855685,0.036095355237647064,0.03190922691315734,0.03622900721389444,0.031575771837898614,0.03644586513532766,0.031856719618556184,0.036095355237647286,0.031909226913157784,0.03622900721389377,0.03157577183789839,0.036445865135327216,0.031856719618556184,0.03609535523764684,0.03190922691315734,0.036229007213894215,0.011986301369863117
2020-08-05,0.0219063951936731,0.021166846378001702,0.02160582458631355,0.021153413724754433,0.021856455936453356,0.021055885232992066,0.02190639519367288,0.021166846378001702,0.021605824586313105,0.021153413724754655,0.0218564559364538,0.021055885232991622,0.02190639519367288,0.021166846378001702,0.021605824586313105,0.02115341372475399,0.021856455936453578,0.021055885232992066,0.008460236886632888
2020-08-06,0.008309106563896052,0.0005281180535463559,0.008424750135683556,0.00028451555579267485,0.008379853284300465,0.00025749238198469193,0.00830910656389583,0.0005281180535465779,0.008424750135683556,0.00028451555579267485,0.008379853284300465,0.00025749238198469193,0.008309106563895607,0.0005281180535463559,0.008424750135683556,0.00028451555579267485,0.008379853284300243,0.0002574923819844699,0.01090604026845643
2020-08-07,-0.03414618907106992,-0.01300364010888333,-0.034237374929563025,-0.012936533265746508,-0.034085651473457323,-0.012947901687119345,-0.03414618907106948,-0.01300364010888344,-0.03423737492956269,-0.012936533265746397,-0.03408565147345766,-0.012947901687119234,-0.034146189071069255,-0.01300364010888333,-0.03423737492956258,-0.012936533265746286,-0.03408565147345721,-0.012947901687119234,-0.00663900414937757
2020-08-10,-0.002022720526617894,0.009617087382454592,-0.0019001369774458432,0.009183388458594344,-0.001876282636351756,0.009172763345865809,-0.002022720526618005,0.009617087382454592,-0.0019001369774456212,0.009183388458594122,-0.001876282636351756,0.009172763345865587,-0.0020227205266176718,0.009617087382454814,-0.0019001369774458432,0.009183388458594122,-0.001876282636351756,0.009172763345865587,0.00835421888053478
2020-08-11,0.003097954465357544,-0.03549466287584668,0.0028329355595371197,-0.0355857883941475,0.0030010992700364447,-0.03585548092310897,0.003097954465357322,-0.03549466287584635,0.0028329355595368977,-0.0355857883941475,0.0030010992700364447,-0.035855480923108085,0.003097954465357322,-0.03549466287584624,0.0028329355595371197,-0.035585788394147055,0.0030010992700364447,-0.03585548092310853,-0.006628003314001596
2020-08-12,0.0023668721632661427,0.01120298136506137,0.002198866853752035,0.010704762835971549,0.002567189936856673,0.010825897268603946,0.0023668721632663647,0.011202981365061149,0.002198866853752035,0.010704762835971326,0.002567189936856673,0.010825897268603724,0.0023668721632661427,0.011202981365060927,0.002198866853752035,0.010704762835971326,0.002567189936856895,0.010825897268603724,-0.014178482068390341
2020-08-13,-0.012768082388806667,0.019297370091628574,-0.01249179959210911,0.01908085831464912,-0.012744928454121007,0.01862997464045879,-0.01276808238880689,0.019297370091628796,-0.012491799592108777,0.019080858314648896,-0.01274492845412123,0.01862997464045879,-0.012768082388806556,0.019297370091628796,-0.012491799592108999,0.019080858314648674,-0.01274492845412123,0.018629974640459013,0.010998307952622577
2020-08-14,0.03044401017754006,0.04525683887414944,0.030293499126483603,0.04469572119526988,0.030538020575037628,0.045128482353362864,0.03044401017754028,0.045256838874149,0.03029349912648316,0.04469572119527032,0.030538020575038072,0.045128482353361754,0.030444010177539838,0.04525683887414855,0.03029349912648316,0.04469572119526988,0.03053802057503785,0.045128482353363086,-0.0008368200836819106
2020-08-17,0.008514336295731173,-0.017362159037884628,0.008548378338926854,-0.017164297552530683,0.008512638108758352,-0.01720748611068723,0.008514336295730951,-0.017362159037884517,0.008548378338927076,-0.01716429755253046,0.008512638108758575,-0.01720748611068701,0.008514336295730729,-0.017362159037884517,0.008548378338927076,-0.017164297552530683,0.00851263810875813,-0.017207486110687564,0.010887772194304812
2020-08-18,-0.033996898081943394,-0.021899970628417642,-0.03403728451764365,-0.022631331496018925,-0.03356727128782622,-0.022896521586196372,-0.03399689808194328,-0.02189997062841742,-0.03403728451764343,-0.022631331496019258,-0.03356727128782666,-0.022896521586195817,-0.03399689808194306,-0.02189997062841731,-0.03403728451764321,-0.022631331496018814,-0.033567271287826106,-0.02289652158619626,-0.004971002485501308
2020-08-19,0.007330519700961435,0.007447231191803683,0.01052125528490011,0.00564177138679578,0.010628620010635581,0.005530396397488868,0.007081342148218539,0.0068742143065312344,0.010521255284899889,0.00564177138679578,0.010628620010635359,0.005530396397488868,0.0067085065121548215,0.006014151237552223,0.010521255284899889,0.005641771386795558,0.010628620010635359,0.005530396397488868,-0.007493755203996644
2020-08-20,-0.056938605577469215,-0.050997585908260534,-0.056252347739237374,-0.05445336312350313,-0.06015406500418141,-0.06223032291133501,-0.056938605577469215,-0.05099758590825987,-0.05652563406493494,-0.05496876413181562,-0.06015406500418208,-0.06223032291133357,-0.056938605577468104,-0.05099758590825998,-0.05693454281272159,-0.05574138293854447,-0.060154065004181634,-0.0622303229113349,-0.030201342281879318
2020-08-21,0.026805232038558335,0.04507358629228886,0.027045408972013796,0.045887664523809324,0.025532973144119175,0.05097504964912858,0.026805232038558113,0.04507358629228797,0.027045408972014018,0.045887664523809546,0.02528213552053482,0.05043986153562274,0.02680523203855767,0.04507358629228797,0.027045408972013796,0.0458876645238091,0.024906815978671837,0.0496375806029854,0.018166089965397925
2020-08-24,0.012594346933345824,0.0036724351141110834,0.012735566296812273,0.0034224491570180593,0.012397204675163698,0.002435830531013039,0.012594346933345824,0.0036724351141113054,0.012735566296812495,0.0034224491570178373,0.012397204675163698,0.002435830531013039,0.01259434693334538,0.0036724351141110834,0.012735566296812495,0.0034224491570180593,0.012397204675163698,0.002435830531013039,0.003398470688190214
2020-08-25,-0.005713958320337609,0.008480736680296141,-0.005790849885251914,0.0084672910581014,-0.0056996220615468385,0.008296217192790278,-0.005713958320337387,0.008480736680295697,-0.005790849885251914,0.008467291058101623,-0.0056996220615468385,0.008296217192790056,-0.005713958320337165,0.00848073668029592,-0.005790849885252025,0.0084672910581014,-0.0056996220615468385,0.008296217192790278,0.0042337002540220325
2020-08-26,-0.004874407547880821,-0.002229228914202519,-0.005079758933990264,-0.0019735710640418347,-0.004745738161895496,-0.001518666592961626,-0.004874407547881043,-0.002229228914202297,-0.005079758933990153,-0.0019735710640419457,-0.004745738161895607,-0.001518666592961515,-0.004874407547881043,-0.002229228914202408,-0.005079758933990153,-0.0019735710640420567,-0.004745738161895496,-0.0015186665929617371,0.006745362563237878
2020-08-27,-0.009885844682111844,-0.011203162826029067,-0.009685318724311998,-0.011318153660527908,-0.009943558399845065,-0.011317502285685066,-0.009885844682111844,-0.011203162826029067,-0.00968531872431222,-0.011318153660527908,-0.009943558399844954,-0.011317502285685066,-0.0098858446821114,-0.011203162826028845,-0.009685318724311998,-0.011318153660527797,-0.009943558399845287,-0.011317502285685066,0.0
2020-08-28,-0.00048109077473912354,-0.009142901509113455,-0.00015877289759747004,-0.009080284804653282,-0.0005228413556344069,-0.009519636306396628,-0.0004810907747390125,-0.009142901509113233,-0.00015877289759758106,-0.009080284804653282,-0.000522841355634518,-0.009519636306396517,-0.00048109077473912354,-0.009142901509113344,-0.00015877289759747004,-0.00908028480465306,-0.000522841355634518,-0.009519636306396295,-0.007537688442211143
2020-08-31,-0.02283233733824408,-0.015155372248166654,-0.02291494432317598,-0.015038844235283344,-0.02278746785781771,-0.014866883469009329,-0.02283233733824419,-0.015155372248166543,-0.02291494432317631,-0.015038844235283122,-0.02278746785781749,-0.01486688346900944,-0.022832337338243747,-0.015155372248166432,-0.02291494432317598,-0.015038844235283011,-0.022787467857817933,-0.01486688346900944,-0.011814345991561281
2020-09-01,0.023376268133399103,0.02123655118787049,0.02320311286732779,0.02151021921231777,0.02348376419915854,0.022512672023294655,0.023376268133399325,0.021236551187870267,0.023203112867328013,0.021510219212317994,0.02348376419915832,0.022512672023294433,0.02337626813339866,0.021236551187870267,0.02320311286732757,0.02151021921231755,0.023483764199158763,0.022512672023294655,0.006831767719897686
2020-09-02,0.005276246204962698,0.004842888402231571,0.0053925679521809045,0.004400345033641617,0.005268500482410898,0.0038614584505887173,0.005276246204962476,0.004842888402231571,0.0053925679521811265,0.004400345033641395,0.005268500482410676,0.0038614584505887173,0.005276246204962476,0.004842888402231571,0.0053925679521809045,0.004400345033641617,0.005268500482410676,0.0038614584505887173,-0.0008481764206955678
2020-09-03,0.005603826766666042,0.006222993240252439,0.005443688519316536,0.006950716791582767,0.005694372453046492,0.007999535763238752,0.0056038267666662644,0.006222993240252439,0.005443688519316536,0.006950716791582989,0.005694372453046714,0.007999535763238752,0.00560382676666582,0.006222993240252439,0.005443688519316758,0.006950716791582989,0.005694372453046714,0.007999535763238752,0.002546689303905003
2020-09-04,-0.022620876125363454,-0.0023613738571434117,-0.022398168788768325,-0.0022033081211521033,-0.022559294698046517,-0.0019835789461858377,-0.022620876125363565,-0.0023613738571434117,-0.022398168788768436,-0.0022033081211521033,-0.022559294698046184,-0.001983578946186171,-0.022620876125362788,-0.0023613738571434117,-0.022398168788768436,-0.0022033081211522143,-0.022559294698046517,-0.0019835789461859488,-0.009314140558848383
2020-09-07,-0.017681587115902953,-0.04450834671549342,-0.017498666838713484,-0.04456740251089686,-0.017780780716813327,-0.044876923706816174,-0.017681587115902953,-0.0445083467154932,-0.017498666838713817,-0.04456740251089708,-0.017780780716813438,-0.04487692370681573,-0.01768158711590273,-0.044508346715492975,-0.017498666838713595,-0.044567402510896525,-0.01778078071681366,-0.044876923706816396,0.0
2020-09-08,0.001235561079194758,-0.010166741621739583,0.001257347816407961,-0.010070118725033828,0.001324260515563891,-0.009722217576597858,0.001235561079194758,-0.01016674162173914,0.001257347816407961,-0.010070118725033828,0.001324260515564113,-0.009722217576597747,0.001235561079194758,-0.010166741621739361,0.001257347816407961,-0.010070118725033717,0.001324260515564113,-0.009722217576597747,0.006837606837606813
2020-09-09,-0.012182658905044885,-0.003957865861540899,-0.01231310557223797,-0.003984698648437424,-0.012100055540166021,-0.003642316595034556,-0.012182658905044885,-0.003957865861541121,-0.01231310557223797,-0.003984698648437424,-0.01210005554016591,-0.003642316595034667,-0.012182658905044774,-0.00395786586154101,-0.012313105572237859,-0.0039846986484372016,-0.012100055540166021,-0.003642316595034889,-0.005093378607809784
2020-09-10,0.00840440019660793,-0.012095506035140757,0.008610039336556463,-0.012275389517116153,0.008273431498682093,-0.012854844718486858,0.008404400196608153,-0.012095506035140424,0.008610039336556019,-0.012275389517116264,0.008273431498682093,-0.012854844718486858,0.00840440019660793,-0.012095506035140424,0.008610039336556463,-0.012275389517116153,0.008273431498682093,-0.012854844718486746,0.0068259385665527805
2020-09-11,0.003033172691666808,0.002445503245712688,0.002985779190681992,0.002394208282708421,0.0029920275769463878,0.0020208776067456302,0.003033172691666808,0.002445503245712466,0.002985779190682214,0.002394208282708421,0.0029920275769461657,0.0020208776067458523,0.003033172691666808,0.002445503245712466,0.002985779190681992,0.002394208282708199,0.0029920275769461657,0.0020208776067458523,0.0
2020-09-14,0.023956079807814,0.03360693026235562,0.02377164244676977,0.034338002472477314,0.024016588930967586,0.034860329832492765,0.02395607980781378,0.03360693026235517,0.02377164244676999,0.034338002472477314,0.024016588930967364,0.03486032983249232,0.023956079807813113,0.033606930262355394,0.02377164244676999,0.03433800247247709,0.02401658893096803,0.03486032983249299,0.009322033898305104
2020-09-15,0.00472445972030533,-0.002560641528842722,0.004817095066277144,-0.0026908630006752254,0.004736465802665846,-0.002519604435687328,0.00472445972030533,-0.002560641528842722,0.004817095066277366,-0.0026908630006753365,0.004736465802665624,-0.002519604435687106,0.00472445972030533,-0.002560641528842833,0.004817095066276922,-0.0026908630006751144,0.004736465802665846,-0.002519604435687217,0.005877413937867448
2020-09-16,0.008824717813535221,0.004083550114531098,0.00595124569003036,0.021400764850500797,0.006172666358649215,0.021253995001130788,0.00801182053066718,0.0024949286472675247,0.005951245690030138,0.021400764850500797,0.006172666358649437,0.021253995001130788,0.0067947540416661845,0.00011940606142490928,0.005951245690030138,0.021400764850500575,0.006172666358649215,0.021253995001130788,0.013355592654424209
2020-09-17,0.0006701338078554109,0.005932603821033888,-0.0034403236659918957,0.0016445963870417302,-0.0026313838782258125,-0.002958606792260343,0.0006701338078551888,0.005932603821033666,-0.004256243167544915,3.8048655237377105e-05,-0.0026313838782259236,-0.002958606792260343,0.0006701338078551888,0.005932603821033666,-0.00547935825950252,-0.0023642797161078644,-0.0026313838782257015,-0.002958606792260343,-0.011532125205930832
2020-09-18,0.006395575360023997,0.001280123868492522,0.006466407744199598,0.0013678917302164528,0.004919293389005208,0.0017816496865445952,0.006395575360023775,0.0012801238684923,0.006466407744199598,0.0013678917302164528,0.00412017208921589,0.0002012526267969328,0.006395575360023997,0.001280123868492522,0.006466407744199598,0.0013678917302166749,0.0029222385673224327,-0.002164911390809987,0.0
2020-09-21,-0.005435001847849175,-0.0033722203396284733,-0.005459832000643594,-0.0034391100134049113,-0.005473609145982272,-0.003535513950245983,-0.005435001847848953,-0.0033722203396283623,-0.005459832000643594,-0.0034391100134050223,-0.005473609145982383,-0.003535513950245761,-0.005435001847849175,-0.0033722203396285844,-0.005459832000643594,-0.0034391100134051333,-0.005473609145982161,-0.003535513950245983,-0.008333333333333304
2020-09-22,-0.008270316980907855,-0.011473938753229107,-0.008307305867841674,-0.011501726353591368,-0.008256880846271741,-0.011605673904123814,-0.008270316980907966,-0.011473938753229107,-0.008307305867841563,-0.01150172635359159,-0.008256880846271741,-0.011605673904123814,-0.008270316980907855,-0.011473938753228663,-0.008307305867841563,-0.011501726353591257,-0.008256880846271741,-0.011605673904123592,-0.010084033613445453
2020-09-23,0.006340874552685616,0.0010984234851592056,0.006316055098793072,0.000918114454439678,0.006389620025339715,0.0008939649106505243,0.006340874552685616,0.0010984234851589836,0.006316055098793072,0.000918114454439678,0.006389620025339937,0.0008939649106507463,0.006340874552685394,0.0010984234851587615,0.006316055098793072,0.000918114454439678,0.006389620025339715,0.0008939649106505243,-0.002546689303904892
2020-09-24,-0.029671389339112952,-0.03180910298224471,-0.029534597541748475,-0.03154357022387044,-0.029449759648968343,-0.03137059531420394,-0.02967138933911284,-0.03180910298224482,-0.029534597541748697,-0.03154357022387111,-0.029449759648968787,-0.0313705953142035,-0.02967138933911284,-0.031809102982244264,-0.029534597541748253,-0.031543570223870776,-0.029449759648968232,-0.03137059531420394,-0.02212765957446805
2020-09-25,-0.017789096545247185,-0.03519216357385002,-0.01781049145305369,-0.03534923490784947,-0.017843110778365756,-0.03541368523183497,-0.01778909654524674,-0.035192163573850244,-0.01781049145305369,-0.03534923490785036,-0.017843110778365867,-0.035413685231834524,-0.017789096545247074,-0.0351921635738498,-0.017810491453053467,-0.0353492349078498,-0.017843110778365534,-0.03541368523183497,0.0
2020-09-28,0.027192556192373374,0.027185121200282936,0.027178732236305736,0.02716434512386412,0.027119904965621888,0.027008034916337742,0.02719255619237293,0.027185121200282936,0.027178732236305958,0.027164345123865008,0.02711990496562211,0.027008034916337298,0.027192556192373152,0.027185121200282714,0.027178732236305514,0.027164345123864342,0.027119904965621666,0.02700803491633752,0.014795474325500324
2020-09-29,0.0013593667505102935,-0.007837071077452684,0.001401057793926741,-0.007790659580750869,0.0015595695383454622,-0.007618779187685942,0.0013593667505102935,-0.007837071077452684,0.001401057793926741,-0.0077906595807510914,0.0015595695383454622,-0.007618779187686053,0.0013593667505105156,-0.007837071077452573,0.001401057793926741,-0.00779065958075098,0.0015595695383452401,-0.007618779187686053,0.0034305317324185847
2020-09-30,0.005451635033985491,0.01413051509842389,0.005423883137045005,0.014149918630230296,0.005395919467208188,0.014087469985030632,0.005451635033985713,0.014130515098424112,0.005423883137045005,0.014149918630230518,0.005395919467208632,0.014087469985030632,0.005451635033985713,0.01413051509842389,0.005423883137045005,0.014149918630230518,0.00539591946720841,0.014087469985030854,0.004273504273504258
2020-10-05,0.007233438488829513,0.01707775599278727,0.007176062464798738,0.01707731966593662,0.006959990516675063,0.016941269673518278,0.007233438488829513,0.01707775599278727,0.00717606246479896,0.01707731966593684,0.006959990516674841,0.016941269673517834,0.007233438488829735,0.017077755992787047,0.007176062464798738,0.01707731966593684,0.006959990516675063,0.016941269673518056,0.002553191489361728
2020-10-06,0.0055944977721966715,0.009001204446384081,0.005594130595477642,0.009056774785541899,0.0057055121718805335,0.009109580361504221,0.0055944977721964495,0.00900120444638386,0.005594130595477642,0.009056774785542121,0.0057055121718807555,0.009109580361504221,0.0055944977721964495,0.00900120444638386,0.00559413059547742,0.009056774785541899,0.0057055121718805335,0.009109580361504444,0.011035653650254718
2020-10-07,0.014477919074595835,0.005295169893598128,0.014545459628410473,0.005232483691637757,0.014643311511170376,0.005153635611509166,0.014477919074595613,0.0052951698935983504,0.014545459628410251,0.005232483691637979,0.01464331151117082,0.005153635611509166,0.014477919074595835,0.005295169893598128,0.014545459628410251,0.005232483691637757,0.014643311511170154,0.005153635611509166,0.005877413937867448
2020-10-08,0.017127751108423128,0.021265899798624144,0.01716469027399592,0.021160894857632062,0.01708228343637863,0.020998002751267064,0.017127751108422906,0.021265899798624366,0.017164690273995697,0.021160894857632506,0.01708228343637863,0.020998002751266842,0.01712775110842335,0.021265899798624144,0.017164690273995697,0.021160894857632284,0.017082283436378187,0.020998002751266842,0.01085141903171949
2020-10-12,0.017947121587854387,0.002667993599412277,0.018024411072391944,0.0026633819492702937,0.018142022231905752,0.00260690187979562,0.017947121587854387,0.002667993599412277,0.018024411072392388,0.0026633819492702937,0.01814202223190642,0.002606901879795398,0.017947121587854165,0.002667993599412277,0.018024411072391944,0.0026633819492702937,0.018142022231906196,0.00260690187979562,0.009083402146986108
2020-10-13,-0.00648454415777322,0.007121308998762954,-0.006543478419830717,0.0071800334440075275,-0.006582588286936808,0.0071731143910442885,-0.006484544157772998,0.007121308998762732,-0.006543478419830717,0.007180033444007972,-0.006582588286937252,0.0071731143910440665,-0.006484544157773109,0.00712130899876251,-0.006543478419830717,0.0071800334440077496,-0.00658258828693703,0.0071731143910442885,-0.002454991816693952
2020-10-14,0.003662766057010325,0.01725633352775735,0.003528615579011518,0.017141342658909098,0.003433727649430507,0.017179679848603246,0.003662766057010103,0.017256333527757572,0.003528615579011296,0.017141342658909542,0.003433727649430729,0.017179679848603024,0.003662766057010325,0.01725633352775735,0.003528615579011518,0.01714134265890932,0.003433727649430507,0.017179679848603246,-0.003281378178835115
2020-10-15,-0.011551489336923182,-0.015603168280233892,-0.01143967951578162,-0.015517175570292308,-0.011368120943060278,-0.015533389442604517,-0.01155148933692296,-0.015603168280234003,-0.011439679515781509,-0.015517175570292863,-0.011368120943060167,-0.015533389442604295,-0.011551489336923182,-0.01560316828023367,-0.011439679515781398,-0.01551717557029253,-0.011368120943060056,-0.015533389442604406,-0.0057613168724279795
2020-10-16,-0.011167469819446163,-0.020258671978285903,-0.011120027724662807,-0.020252568983447072,-0.01109927923599574,-0.020178668987471893,-0.011167469819446052,-0.020258671978286014,-0.011120027724663029,-0.020252568983447294,-0.011099279235996184,-0.02017866898747156,-0.011167469819446274,-0.02025867197828579,-0.011120027724662807,-0.020252568983447072,-0.01109927923599574,-0.02017866898747178,-0.004966887417218513
2020-10-19,0.008986402887561029,0.01667343884223005,0.011290762258483245,0.02050669079013212,0.01122680496906181,0.02066469423349293,0.008212537610491566,0.015597479751149335,0.011290762258483245,0.020506690790132565,0.011226804969062032,0.020664694233492487,0.007050285789683031,0.013984548818471998,0.011290762258483245,0.02050669079013212,0.01122680496906181,0.02066469423349271,0.008319467554076532
2020-10-20,0.003324698954563443,0.0095001183279817,0.003465847119367149,0.009505351379561544,0.001789306251659628,0.006602390518139156,0.003324698954563443,0.009500118327981921,0.002690842132507809,0.008455180648839766,0.001789306251659406,0.006602390518139156,0.003324698954563443,0.009500118327982143,0.0015268786057762718,0.006878939032177067,0.001789306251659406,0.006602390518139156,-0.0016501650165017256
2020-10-21,-0.004501007272474267,-0.009845970111760804,-0.004488970294936334,-0.009368027216291264,-0.004893787415552353,-0.011659014947810187,-0.004501007272474267,-0.009845970111761027,-0.004488970294936223,-0.009368027216291042,-0.005668457367228874,-0.012677033702262586,-0.004501007272474156,-0.009845970111761027,-0.004488970294936334,-0.009368027216291264,-0.006830462294742934,-0.014205017181870172,-0.0016528925619835322
2020-10-22,-0.005416235379567369,-0.006782529514694602,-0.0054079656266515785,-0.006621402530545328,-0.005467113872566487,-0.006597480946265888,-0.00541623537956748,-0.006782529514694158,-0.005407965626651801,-0.006621402530544995,-0.00546711387256682,-0.006597480946265999,-0.00541623537956748,-0.006782529514694602,-0.0054079656266516896,-0.006621402530544995,-0.005467113872566598,-0.006597480946265999,0.002483443708609201
2020-10-23,-0.0019246673154231786,0.010394544181689058,-0.0019717894873174657,0.010708035442996477,-0.0018027033713577945,0.010803329581616783,-0.0019246673154230676,0.010394544181688836,-0.0019717894873174657,0.010708035442996033,-0.0018027033713576834,0.010803329581617005,-0.0019246673154230676,0.01039454418168928,-0.0019717894873173547,0.010708035442996255,-0.0018027033713576834,0.010803329581616783,0.0008257638315443128
2020-10-26,0.0005982517668419174,0.007457659859566812,0.000567102440625078,0.007941553291072267,0.0005882101300576092,0.007917758989886003,0.0005982517668419174,0.00745765985956659,0.000567102440625078,0.007941553291072267,0.0005882101300576092,0.007917758989886448,0.0005982517668419174,0.007457659859566812,0.000567102440625078,0.007941553291072267,0.0005882101300576092,0.007917758989886226,0.0008250825082507518
2020-10-27,-0.005215708998217328,-0.008739461814807115,-0.005218098796984649,-0.008768636505161909,-0.0050949767609722585,-0.008719327204861238,-0.005215708998217217,-0.008739461814806893,-0.005218098796984427,-0.00876863650516202,-0.0050949767609724805,-0.00871932720486146,-0.005215708998217439,-0.008739461814807226,-0.005218098796984538,-0.008768636505161909,-0.0050949767609723695,-0.008719327204861682,-0.00577081615828523
2020-10-28,-0.015419583994146113,-0.03530912820038723,-0.01538500634013329,-0.03524315302029246,-0.015123316713359869,-0.03487435139172834,-0.015419583994146224,-0.03530912820038712,-0.0153850063401334,-0.03524315302029157,-0.015123316713360202,-0.034874351391728786,-0.015419583994146113,-0.035309128200387674,-0.01538500634013329,-0.035243153020291906,-0.015123316713359758,-0.03487435139172845,-0.005804311774460946
2020-10-29,-0.01564849956371983,-0.0018683398239563997,-0.015685946434679132,-0.0018620285667032554,-0.015384011742981984,-0.0017155196104582382,-0.015648499563719942,-0.0018683398239561777,-0.015685946434679132,-0.0018620285667032554,-0.01538401174298254,-0.0017155196104585713,-0.015648499563719942,-0.0018683398239563997,-0.015685946434679132,-0.0018620285667033665,-0.015384011742982207,-0.0017155196104587933,-0.011676396997498006
2020-10-30,-0.008141231637654567,-0.006879566840436335,-0.008134684672408299,-0.0067902550756622215,-0.008170253467545296,-0.006869449228258606,-0.008141231637654345,-0.006879566840436335,-0.00813468467240841,-0.0067902550756617774,-0.008170253467545074,-0.006869449228258717,-0.008141231637654345,-0.006879566840436446,-0.008134684672408299,-0.0067902550756617774,-0.008170253467545074,-0.006869449228258495,-0.0075949367088608
2020-11-02,-0.014711266647387644,-0.004712049212018288,-0.014686982454708342,-0.004476791599320795,-0.014489652247777651,-0.004478522016577835,-0.014711266647387644,-0.004712049212018399,-0.014686982454708009,-0.004476791599320684,-0.014489652247778095,-0.004478522016577835,-0.014711266647387977,-0.004712049212018399,-0.014686982454708009,-0.004476791599320795,-0.014489652247777651,-0.004478522016577946,0.003401360544217802
2020-11-03,0.009702967361254755,0.019562226976594266,0.009664993808327749,0.0194563660853595,0.009628868231875254,0.01945775339336686,0.009702967361254755,0.019562226976594266,0.009664993808327749,0.019456366085358834,0.009628868231875476,0.019457753393367083,0.009702967361254755,0.019562226976594488,0.009664993808327527,0.019456366085359056,0.009628868231875254,0.019457753393367305,0.014406779661017
2020-11-04,0.017136614404645645,0.02685175891197633,0.017132153712442255,0.027048300132633818,0.017031372006701906,0.026779366577539987,0.017136614404645645,0.02685175891197611,0.017132153712442033,0.027048300132633152,0.017031372006702128,0.02677936657754043,0.017136614404645867,0.026851758911976775,0.017132153712442033,0.027048300132633596,0.017031372006701906,0.02677936657754043,0.014202172096908994
2020-11-05,0.001736470291413772,0.0056514026502698655,0.001700871402711801,0.005857945328692438,0.0016585340840422624,0.005834730826062451,0.001736470291413994,0.005651402650270088,0.001700871402712023,0.005857945328692216,0.0016585340840424845,0.005834730826062673,0.001736470291413772,0.005651402650270088,0.001700871402711801,0.005857945328692216,0.0016585340840424845,0.005834730826062451,0.0008237232289949326
2020-11-06,0.003620962630374036,0.005751878788523124,0.0036603703501807416,0.00600956429883337,0.003632457797971389,0.005938507199067411,0.003620962630373592,0.005751878788523124,0.0036603703501807416,0.006009564298833148,0.003632457797971389,0.005938507199067411,0.003620962630374036,0.005751878788523346,0.0036603703501807416,0.00600956429883337,0.003632457797971389,0.005938507199067411,0.004115226337448652
2020-11-09,0.019453745252635324,0.03568299019695442,0.019390095603841973,0.03610690696735541,0.019472796835788175,0.036206727895476964,0.019453745252635768,0.0356829901969542,0.01939009560384175,0.036106906967354524,0.019472796835789064,0.03620672789547763,0.019453745252635546,0.03568299019695487,0.019390095603842195,0.03610690696735497,0.019472796835788397,0.03620672789547763,0.012295081967213184
2020-11-10,-0.00712825040738474,-0.00841336043876395,-0.007124910896823655,-0.008617320469899159,-0.007208277704648158,-0.008781684462116801,-0.007128250407384851,-0.00841336043876395,-0.007124910896823655,-0.008617320469898826,-0.007208277704648713,-0.008781684462117023,-0.007128250407384851,-0.008413360438764172,-0.007124910896823766,-0.008617320469898937,-0.007208277704648269,-0.008781684462117134,-0.004048582995951455
2020-11-11,-0.0019964270608343604,-0.008298371973304963,-0.0019403574709248028,-0.008339656478133284,-0.0020794286005184626,-0.008483547075799125,-0.0019964270608343604,-0.008298371973304852,-0.0019403574709246918,-0.00833965647813284,-0.0020794286005184626,-0.008483547075799236,-0.0019964270608343604,-0.008298371973305074,-0.0019403574709248028,-0.008339656478133173,-0.0020794286005185736,-0.008483547075799014,0.010569105691056846
2020-11-12,0.011845420230074621,0.00025155017448619255,0.011630314005339315,-0.0004413153007307713,0.011930905601668318,-3.037343078948762e-05,0.011845420230074843,0.0002515501744859705,0.011630314005339093,-0.00044131530073110437,0.01193090560166854,-3.0373430789709666e-05,0.011845420230074621,0.00025155017448619255,0.011630314005339315,-0.0004413153007308823,0.011930905601668318,-3.037343078993171e-05,0.0032180209171359664
2020-11-13,0.005523193796987735,0.005050569643962222,0.005608370233685989,0.005338146498771623,0.005491281621290867,0.005161208777385795,0.005523193796987513,0.005050569643962444,0.005608370233685989,0.005338146498771401,0.005491281621290867,0.005161208777386017,0.005523193796987735,0.005050569643962666,0.005608370233685989,0.005338146498771401,0.0054912816212906446,0.005161208777386017,0.002405773857257376
2020-11-16,0.015748928922911132,0.011325709678588591,0.01656132277432354,0.00970879925854784,0.016623095700240897,0.009787468830292578,0.014218987075294232,0.009754222873727736,0.01656132277432354,0.009708799258547618,0.016623095700241786,0.0097874688302928,0.011924074303868437,0.0073984644635194385,0.01656132277432354,0.009708799258547618,0.01662309570024112,0.009787468830293022,0.03200000000000003
2020-11-17,-0.0017136304735005936,0.0026373636679146717,-0.0020210859181887253,0.00038559672661042654,-0.004328524988125193,0.002048586519541429,-0.0017136304735005936,0.0026373636679146717,-0.0035291528070623412,-0.0011645253291816537,-0.004328524988125415,0.002048586519541429,-0.0017136304735004826,0.0026373636679146717,-0.005791253140372654,-0.0034882566252298908,-0.004328524988125082,0.0020485865195412067,-0.012403100775193798
2020-11-18,0.015125886497671104,0.03134787484401058,0.015014519415131655,0.031470166801424115,0.01381093538292233,0.026488494988240907,0.015125886497671104,0.03134787484401125,0.015014519415131655,0.03147016680142367,0.012286701147085966,0.024908495040671497,0.015125886497670882,0.03134787484401058,0.015014519415131655,0.03147016680142389,0.010000349793332086,0.02253997488949655,0.012558869701726705
2020-11-19,-0.0038221660349964104,-0.0021445879509068844,-0.0037227293906060277,-0.0020443420959663783,-0.003537727941237634,-0.0022257507945453447,-0.0038221660349964104,-0.0021445879509069954,-0.0037227293906058057,-0.0020443420959664893,-0.003537727941237523,-0.002225750794545678,-0.0038221660349965214,-0.0021445879509067733,-0.0037227293906058057,-0.0020443420959664893,-0.003537727941237634,-0.0022257507945454558,-0.0046511627906976605
2020-11-20,0.005947390796993135,0.0023151567875727697,0.005928364545264575,0.0021730384355511667,0.005774888348894169,0.002211143853918518,0.005947390796993357,0.0023151567875725476,0.005928364545264575,0.0021730384355509447,0.005774888348894169,0.00221114385391874,0.005947390796993135,0.0023151567875725476,0.005928364545264575,0.0021730384355509447,0.005774888348894169,0.00221114385391874,-0.0031152647975077885
2020-11-23,0.02138747349112413,0.02573888310494299,0.0211034147084459,0.025426450906832043,0.021112215472782525,0.025458689903291365,0.02138747349112413,0.02573888310494321,0.021103414708446122,0.0254264509068316,0.02111221547278186,0.025458689903291587,0.02138747349112391,0.025738883104942767,0.0211034147084459,0.02542645090683182,0.02111221547278186,0.025458689903291587,0.012499999999999956
2020-11-24,0.0027593365545288684,0.0035329507987300612,0.0026945509403817347,0.0033707805131109048,0.0028008553352010246,0.0035822921911918826,0.0027593365545290904,0.0035329507987302833,0.0026945509403815127,0.003370780513111127,0.0028008553352010246,0.0035822921911921046,0.0027593365545288684,0.0035329507987300612,0.0026945509403815127,0.003370780513111127,0.0028008553352010246,0.0035822921911918826,-0.0038580246913579863
2020-11-25,0.0014303275793419168,0.024848319988615586,0.0014855463171981054,0.025093625663194175,0.0012008776249270436,0.02417486464967178,0.0014303275793419168,0.024848319988615808,0.0014855463171981054,0.02509362566319373,0.0012008776249268216,0.024174864649672223,0.0014303275793419168,0.024848319988615586,0.0014855463171981054,0.025093625663194175,0.0012008776249268216,0.024174864649672223,-0.009295120061967421
2020-11-26,0.008946183625410331,0.008004491252119106,0.008882118476088996,0.007893550975851316,0.008730206019047948,0.007820604836924483,0.008946183625410553,0.008004491252119328,0.008882118476088996,0.007893550975851094,0.00873020601904817,0.007820604836924483,0.008946183625410331,0.008004491252119106,0.008882118476088996,0.007893550975851094,0.00873020601904817,0.007820604836924483,0.007818608287724738
2020-11-27,0.0016149485345107184,0.013430782348796244,0.0016505939773554523,0.013491073214936478,0.0015289859212572754,0.013102957158615647,0.0016149485345104964,0.013430782348796022,0.0016505939773554523,0.013491073214936478,0.0015289859212570533,0.013102957158615647,0.0016149485345104964,0.013430782348796244,0.0016505939773552303,0.013491073214936478,0.0015289859212570533,0.013102957158615869,0.0
2020-11-30,-0.0011484558082387464,0.0027573391360227184,-0.0011418083062670892,0.0025878279303344076,-0.0010750929607179494,0.0026454445379429092,-0.0011484558082388574,0.0027573391360227184,-0.0011418083062670892,0.0025878279303344076,-0.0010750929607178383,0.0026454445379431313,-0.0011484558082387464,0.0027573391360229405,-0.0011418083062669782,0.0025878279303344076,-0.0010750929607177273,0.0026454445379429092,-0.01241272304111718
2020-12-01,0.0017866977582483567,-0.012465044134822745,0.001584815911866544,-0.012603499233493576,0.0017034240481412777,-0.012209687360640431,0.0017866977582483567,-0.012465044134822745,0.0015848159118663219,-0.012603499233493576,0.0017034240481410556,-0.012209687360640431,0.0017866977582483567,-0.012465044134822745,0.0015848159118663219,-0.012603499233493465,0.0017034240481410556,-0.012209687360640542,0.00785545954438338
2020-12-02,0.0034369843580894788,0.006180312335712035,0.0033401258238947573,0.005999851207311169,0.003269718915070774,0.006482299991076301,0.0034369843580894788,0.006180312335712257,0.0033401258238949794,0.005999851207311169,0.003269718915070774,0.006482299991076079,0.003436984358089701,0.006180312335712035,0.0033401258238949794,0.005999851207311169,0.003269718915070996,0.006482299991076079,0.01013250194855786
2020-12-03,0.006435016543566485,-0.0025319888513360977,0.006354281823117036,-0.0026743332313914348,0.006394608818401926,-0.002731513474191094,0.006435016543566485,-0.0025319888513362088,0.006354281823116814,-0.0026743332313912127,0.006394608818401704,-0.002731513474190983,0.006435016543566263,-0.00253198885133632,0.006354281823116814,-0.0026743332313914348,0.006394608818401926,-0.002731513474190983,0.0
2020-12-04,0.01272038816049359,0.0017108248253843161,0.012378479581961699,0.0013143155229113912,0.01270737062329208,0.0018530525701405676,0.01272038816049359,0.0017108248253843161,0.012378479581961921,0.0013143155229111692,0.012707370623291858,0.0018530525701403455,0.01272038816049359,0.0017108248253843161,0.012378479581961699,0.0013143155229111692,0.01270737062329208,0.0018530525701405676,0.013888888888889062
2020-12-07,0.011204712032669484,0.007684570573023075,0.010940424303197416,0.007595859544621053,0.011074857423234441,0.007472624341141598,0.011204712032669484,0.007684570573023075,0.010940424303197638,0.007595859544621053,0.011074857423234219,0.00747262434114182,0.011204712032669484,0.007684570573023075,0.010940424303197416,0.007595859544620831,0.011074857423234219,0.00747262434114182,0.011415525114155223
2020-12-08,0.022032802298140197,0.04127054955818621,0.021966217667479526,0.041494229589691844,0.021561171302409088,0.040795137595132536,0.02203280229814042,0.04127054955818665,0.021966217667479526,0.04149422958969118,0.021561171302408644,0.04079513759513298,0.022032802298140197,0.04127054955818621,0.021966217667479304,0.041494229589691844,0.021561171302408644,0.04079513759513276,0.012791572610985513
2020-12-09,0.0037388605983355028,0.011974492338739706,0.0038896744822045637,0.012068953213696831,0.003303526884872676,0.011555555471196799,0.003738860598335725,0.011974492338739484,0.0038896744822045637,0.012068953213696831,0.003303526884872454,0.011555555471197021,0.0037388605983355028,0.011974492338739484,0.0038896744822045637,0.01206895321369661,0.003303526884872454,0.011555555471197243,0.0
2020-12-10,-0.0122952760379762,-0.013881976876738644,-0.012072690385762197,-0.013666158894556912,-0.012465126517768765,-0.01414816457782564,-0.012295276037976532,-0.013881976876738533,-0.012072690385762308,-0.013666158894556912,-0.012465126517768321,-0.01414816457782575,-0.012295276037976088,-0.013881976876738533,-0.012072690385762197,-0.013666158894556801,-0.012465126517768321,-0.01414816457782575,-0.009658246656760627
2020-12-11,-0.012916990457331856,-0.028971716189731267,-0.012956048233478734,-0.029100489397290374,-0.012578373922427222,-0.028398348187993472,-0.012916990457331967,-0.02897171618973149,-0.012956048233479067,-0.02910048939728993,-0.012578373922427222,-0.028398348187993916,-0.012916990457331967,-0.028971716189731045,-0.012956048233478734,-0.029100489397290152,-0.01257837392242711,-0.028398348187993805,0.0007501875468867159
2020-12-14,0.007981057761047072,0.04184253226639911,0.011842247270663853,0.03486738334973083,0.011266170363754657,0.03428964836326842,0.006537213159734101,0.041055531188522565,0.011842247270664297,0.03486738334973061,0.011266170363754657,0.034289648363268865,0.004378180607583992,0.039877236391778315,0.011842247270664075,0.03486738334973083,0.011266170363754657,0.03428964836326864,-0.002998500749625266
2020-12-15,-0.007396801307686274,-0.02247410628962554,-0.01100155649206458,-0.022164408903960764,-0.01633318281120555,-0.0210328774969486,-0.007396801307686385,-0.02247410628962554,-0.012443961103554724,-0.022912063023353024,-0.016333182811205438,-0.02103287749694882,-0.007396801307686496,-0.022474106289625317,-0.014600840387340108,-0.02403284397692962,-0.016333182811205327,-0.02103287749694882,-0.011278195488721776
2020-12-16,0.010129638659005513,0.014136898264774711,0.00995248935165427,0.013895211576226751,0.0027017473180277474,0.012141790333156877,0.010129638659005735,0.014136898264774711,0.009952489351654492,0.013895211576226973,0.0012686475675154352,0.01138489012386823,0.010129638659005513,0.014136898264774711,0.00995248935165427,0.013895211576226973,-0.0008743178243422189,0.01025024869499691,0.013688212927756682
2020-12-17,0.004302511933069519,0.00044093945075207586,0.004383804105141387,0.000508506609578685,0.0045063953622843655,0.00047454777879862853,0.004302511933069297,0.00044093945075207586,0.004383804105141165,0.000508506609578685,0.0045063953622843655,0.00047454777879862853,0.004302511933069297,0.0004409394507518538,0.004383804105140943,0.000508506609578685,0.0045063953622843655,0.00047454777879862853,-0.0015003750937735427
2020-12-18,-8.026048135079122e-05,0.018588781001023458,-0.0003416169362783217,0.017671766351034623,-0.0002591872807286011,0.017193931867380163,-8.02604813506802e-05,0.018588781001023458,-0.0003416169362784327,0.017671766351034623,-0.0002591872807287121,0.017193931867380385,-8.026048135056918e-05,0.018588781001023458,-0.0003416169362784327,0.017671766351034845,-0.0002591872807287121,0.017193931867380607,-0.003005259203606392
2020-12-21,0.009915026879907307,0.03677428252645876,0.009576819919609791,0.0355794064187962,0.00969807123062738,0.03500522037096787,0.009915026879907307,0.03677428252645876,0.009576819919610013,0.03557940641879709,0.009698071230627603,0.035005220370968315,0.009915026879906863,0.03677428252645876,0.009576819919610013,0.03557940641879709,0.009698071230627159,0.035005220370968315,0.010550113036925435
2020-12-22,-0.024876197672583755,-0.0380600096902628,-0.02446639151342156,-0.037810688274256044,-0.02446306548129784,-0.03777491096450725,-0.0248761976725842,-0.03806000969026302,-0.024466391513422003,-0.0378106882742566,-0.02446306548129773,-0.03777491096450758,-0.02487619767258331,-0.038060009690262686,-0.02446639151342156,-0.0378106882742566,-0.024463065481297286,-0.03777491096450769,-0.012677106636838076
2020-12-23,0.0188996651748099,0.03655707095129679,0.01881702938105545,0.03569607426392585,0.01867546175385204,0.03535834795624071,0.018899665174810343,0.03655707095129701,0.018817029381055894,0.035696074263926514,0.018675461753851597,0.035358347956241154,0.0188996651748099,0.036557070951296566,0.018817029381055672,0.035696074263926514,0.018675461753851597,0.035358347956241376,0.0030211480362538623
2020-12-24,0.002474483241076575,0.007406902734728771,0.0024585744128711173,0.007250161065553984,0.002687433378915971,0.007138195305910866,0.002474483241076575,0.007406902734728549,0.0024585744128711173,0.007250161065553984,0.002687433378916193,0.007138195305911088,0.002474483241076353,0.007406902734728771,0.0024585744128708953,0.007250161065553984,0.002687433378916193,0.007138195305910866,0.003765060240963791
2020-12-25,0.017856987374166744,0.030616875474020366,0.01742982221685052,0.02934807189032207,0.017610992969429695,0.028686895616707897,0.017856987374167188,0.030616875474020366,0.017429822216850743,0.029348071890322514,0.01761099296942925,0.02868689561670834,0.017856987374166966,0.030616875474019922,0.01742982221685052,0.029348071890322514,0.01761099296942925,0.028686895616708563,0.0022505626406601476
2020-12-28,0.02026978018550385,0.04585068744175724,0.019647202700396216,0.0444428958991141,0.019625198953907796,0.04381001883325086,0.02026978018550407,0.045850687441757465,0.019647202700396438,0.04444289589911454,0.019625198953907352,0.04381001883325153,0.020269780185503405,0.04585068744175724,0.019647202700395994,0.044442895899114765,0.019625198953907352,0.043810018833251974,0.009730538922155807
2020-12-29,0.010715408036076957,0.016561884243646796,0.010415258546566442,0.015291625169120415,0.01048778264948913,0.014861590021839621,0.010715408036077179,0.016561884243647018,0.010415258546566664,0.015291625169120637,0.010487782649488908,0.014861590021839621,0.010715408036076957,0.016561884243646796,0.010415258546566442,0.01529162516912086,0.010487782649488908,0.014861590021839621,-0.000741289844329085
2020-12-30,0.008326817943624887,0.0004724861015468207,0.008455111890147693,0.0006348990964910595,0.00832899209927973,0.0007357394474614143,0.008326817943624665,0.0004724861015468207,0.008455111890147915,0.0006348990964910595,0.008328992099279509,0.0007357394474614143,0.008326817943624665,0.0004724861015468207,0.008455111890147915,0.0006348990964910595,0.008328992099279509,0.0007357394474616363,0.013353115727002818
2020-12-31,0.01712545974683799,0.034987969101885286,0.016706852021132423,0.03416782892456727,0.016831393695615482,0.03384465873092912,0.017125459746838212,0.034987969101885286,0.016706852021132645,0.03416782892456771,0.016831393695615482,0.03384465873092957,0.017125459746837768,0.034987969101885064,0.016706852021132423,0.03416782892456793,0.01683139369561526,0.03384465873092979,0.0065885797950220315
2021-01-04,0.041562692687268754,0.06804166559515656,0.04101285562659229,0.06683947847291427,0.04087747969623523,0.0665842903861289,0.04156269268726964,0.06804166559515656,0.04101285562659274,0.06683947847291538,0.04087747969623434,0.06658429038612956,0.041562692687268754,0.06804166559515612,0.04101285562659229,0.06683947847291538,0.04087747969623434,0.06658429038612979,0.018181818181818077
2021-01-05,0.014974783133532954,-0.00584747690590226,0.014906224367406296,-0.006127906005069295,0.014524185149946245,-0.006077955684952063,0.014974783133532954,-0.00584747690590226,0.014906224367406296,-0.006127906005069295,0.014524185149946023,-0.006077955684952174,0.01497478313353251,-0.005847476905902371,0.014906224367406073,-0.006127906005069184,0.014524185149946023,-0.006077955684952063,0.0035714285714285587
2021-01-06,-0.017417575372162042,-0.05278164367769356,-0.016850756298350644,-0.05180510673661376,-0.016680838196192038,-0.05135179910693055,-0.017417575372162153,-0.05278164367769356,-0.016850756298350755,-0.05180510673661454,-0.016680838196191927,-0.051351799106931106,-0.01741757537216171,-0.052781643677693,-0.016850756298350422,-0.05180510673661476,-0.016680838196191705,-0.05135179910693144,0.00782918149466183
2021-01-07,-0.0064443040492842,-0.025264275166533845,-0.0055816885144914785,-0.02366408407323417,-0.005868657377659625,-0.02273975018384633,-0.006444304049284422,-0.025264275166533956,-0.0055816885144913675,-0.023664084073234504,-0.005868657377659292,-0.022739750183846774,-0.0064443040492842,-0.025264275166533956,-0.0055816885144913675,-0.023664084073234393,-0.005868657377659736,-0.022739750183846774,0.02259887005649719
2021-01-08,0.021026784969657708,0.030035166779698086,0.020910042113151395,0.029600425112288997,0.02118654154917632,0.029469076269440286,0.02102678496965793,0.030035166779698308,0.020910042113151617,0.029600425112289663,0.021186541549175875,0.029469076269440952,0.021026784969657486,0.030035166779697864,0.020910042113151173,0.02960042511228944,0.021186541549175875,0.029469076269440952,0.023480662983425216
2021-01-11,0.02238048762056577,0.028041611559404878,0.02198385289277005,0.027422740913211507,0.0217600684836452,0.027219793657814684,0.022380487620566214,0.028041611559404878,0.02198385289277005,0.02742274091321195,0.021760068483644757,0.027219793657814906,0.02238048762056577,0.028041611559404878,0.021983852892769606,0.02742274091321195,0.021760068483644757,0.027219793657815128,0.003373819163292824
2021-01-12,-0.0029566839214754115,-0.03648315112515421,-0.009314268671613224,-0.03765094396587376,-0.009683930906898564,-0.03709716251201689,-0.004026945638570978,-0.038224453937157454,-0.009314268671613002,-0.03765094396587443,-0.00968393090689823,-0.037097162512017445,-0.0056313358462222185,-0.04083640815516221,-0.00931426867161289,-0.03765094396587465,-0.009683930906898452,-0.03709716251201767,0.0013449899125757003
2021-01-13,0.028163359889243678,0.001836230341655698,0.02293883328119617,-0.007735526120713154,0.027145231128805847,-0.007595840221824024,0.028163359889243678,0.001836230341656142,0.02187455816636752,-0.009514724700612764,0.027145231128805403,-0.007595840221824246,0.02816335988924301,0.00183623034165592,0.02027514321352264,-0.012183522570462624,0.027145231128805403,-0.007595840221824024,0.02081934184016121
2021-01-14,-0.017270777040202523,0.006025963185084748,-0.01728329022981423,0.006022199800199912,-0.013874018141092459,0.004345748585185216,-0.017270777040202634,0.006025963185084748,-0.01728329022981412,0.006022199800199912,-0.014941519150372118,0.00253961548633419,-0.0172707770402023,0.00602596318508497,-0.017283290229813897,0.006022199800199912,-0.01654177088187747,-0.00016620442186265905,-0.009210526315789558
2021-01-15,-0.0035732468710348853,-0.03491077306450319,-0.004010432215906468,-0.0355825475163003,-0.0035045329014103954,-0.03620673584060663,-0.003573246871034663,-0.034910773064503076,-0.004010432215906579,-0.03558254751630052,-0.0035045329014102844,-0.036206735840606075,-0.003573246871034663,-0.03491077306450352,-0.004010432215906468,-0.035582547516299856,-0.0035045329014100624,-0.0362067358406063,0.0033200531208499307
2021-01-18,-0.009480619009412439,0.011247726538419434,-0.009168398989849558,0.011390446637385976,-0.009417367888872596,0.011625021516376899,-0.009480619009412328,0.011247726538419212,-0.009168398989849558,0.011390446637386198,-0.009417367888872485,0.011625021516376899,-0.009480619009412328,0.011247726538419656,-0.009168398989849447,0.011390446637385754,-0.009417367888872374,0.011625021516376899,0.001323626737260275
2021-01-19,0.028169480446627926,-0.00734441632774907,0.028337316169564142,-0.00756438297769968,0.028320761815386675,-0.007931537891233131,0.028169480446627704,-0.007344416327748959,0.028337316169564142,-0.00756438297769968,0.02832076181538601,-0.007931537891233353,0.028169480446627482,-0.007344416327749181,0.028337316169563476,-0.0075643829776994576,0.028320761815385564,-0.007931537891233131,0.024454725710508773
2021-01-20,-0.01101064113247019,-0.0254414439111863,-0.010890735114418515,-0.025620678040955136,-0.01070522582315414,-0.0255165044652913,-0.01101064113247019,-0.0254414439111863,-0.010890735114418626,-0.025620678040955247,-0.01070522582315403,-0.025516504465290746,-0.011010641132469967,-0.025441443911186412,-0.010890735114418404,-0.025620678040955136,-0.01070522582315403,-0.02551650446529108,0.004516129032257954
2021-01-21,0.03080261070878465,0.019942657012452125,0.03076753147569966,0.019720379515844044,0.030753937113054963,0.02006749036215405,0.03080261070878465,0.019942657012452347,0.03076753147569966,0.019720379515844044,0.030753937113055185,0.020067490362153606,0.030802610708784206,0.019942657012452347,0.030767531475699217,0.019720379515843822,0.030753937113054963,0.020067490362153828,0.030186255619781832
2021-01-22,0.007920736239823034,0.04943065198751673,0.007718501477134154,0.049409474020355004,0.007786037476958496,0.049890067987518716,0.007920736239822812,0.04943065198751673,0.007718501477134154,0.049409474020355226,0.007786037476958496,0.04989006798751805,0.007920736239823034,0.04943065198751695,0.007718501477134154,0.04940947402035456,0.007786037476958052,0.04989006798751827,-0.012468827930174564
2021-01-25,-0.00980916941331944,-0.009225737514568233,-0.009347122346284542,-0.008634051352946481,-0.009611937170979412,-0.009031628717387274,-0.009809169413319108,-0.009225737514568122,-0.009347122346284431,-0.008634051352946703,-0.009611937170979412,-0.009031628717387385,-0.00980916941331933,-0.009225737514568344,-0.00934712234628432,-0.008634051352946703,-0.009611937170979079,-0.009031628717387163,-0.011363636363636465
2021-01-26,-0.025474705539078824,-0.016986537515216726,-0.025582912167015914,-0.017305312287190233,-0.0254772894855958,-0.017035568970712456,-0.025474705539078712,-0.016986537515216837,-0.025582912167015914,-0.017305312287190122,-0.02547728948559569,-0.017035568970712234,-0.0254747055390786,-0.016986537515216726,-0.025582912167015692,-0.0173053122871899,-0.025477289485595467,-0.017035568970712234,-0.022349936143039595
2021-01-27,0.008007664710717677,-0.0023081208200694814,0.008169839988769745,-0.002734614069660024,0.007689372146260975,-0.0024778823110266357,0.008007664710717455,-0.0023081208200692593,0.008169839988769523,-0.002734614069660024,0.0076893721462611975,-0.0024778823110265247,0.008007664710717455,-0.0023081208200693704,0.008169839988769523,-0.002734614069659913,0.007689372146260975,-0.0024778823110266357,-0.0006531678641410466
2021-01-28,-0.02616583549491347,-0.02284197150532352,-0.02608690679937653,-0.022654110679011685,-0.026299760009416806,-0.02266457115671816,-0.026165835494913248,-0.022841971505323855,-0.026086906799376197,-0.022654110679011907,-0.026299760009416806,-0.022664571156717717,-0.026165835494913026,-0.022841971505323855,-0.026086906799376086,-0.022654110679011685,-0.02629976000941625,-0.022664571156717717,-0.020915032679738488
2021-01-29,-0.016852058282924354,-0.022395480296500514,-0.016859423477100233,-0.022542365799553377,-0.016623651100452053,-0.023062437670967384,-0.016852058282924354,-0.022395480296500292,-0.016859423477100344,-0.0225423657995536,-0.016623651100452053,-0.023062437670967273,-0.01685205828292402,-0.022395480296500625,-0.01685942347710001,-0.022542365799553155,-0.01662365110045194,-0.023062437670967495,-0.018024032042723737
2021-02-01,0.019841891248863153,0.010905607120604621,0.019964301510162263,0.010568971511290659,0.019685254226912585,0.010084880387661421,0.01984189124886293,0.010905607120604621,0.019964301510162485,0.010568971511290659,0.019685254226912585,0.010084880387660977,0.01984189124886293,0.010905607120604843,0.01996430151016204,0.010568971511290659,0.019685254226912363,0.010084880387661421,0.022433718558803717
2021-02-02,0.024643910357624366,0.03590362815801895,0.024546662493161175,0.03607934450313066,0.02456836671538709,0.03647611430158926,0.024643910357624366,0.03590362815801851,0.024546662493161175,0.036079344503130883,0.024568366715386647,0.03647611430158926,0.0246439103576237,0.03590362815801873,0.02454666249316073,0.03607934450313044,0.024568366715386425,0.03647611430158926,0.02859042553191471
2021-02-03,-0.0008199125080835534,-0.003202479337047648,-0.0006821463244235382,-0.0032826201955504786,-0.0008852690137081121,-0.0034666886319867363,-0.0008199125080835534,-0.003202479337047537,-0.0006821463244234272,-0.0032826201955502565,-0.0008852690137081121,-0.0034666886319868473,-0.0008199125080833314,-0.003202479337047315,-0.0006821463244234272,-0.0032826201955504786,-0.0008852690137081121,-0.0034666886319868473,0.0006464124111185132
2021-02-04,-0.00486664859326591,0.01042472637050551,-0.004723174858621948,0.010312953815842407,-0.004650813836197032,0.010705230932299692,-0.004866648593265688,0.010424726370505732,-0.004723174858622059,0.010312953815842407,-0.004650813836196921,0.010705230932299248,-0.004866648593265799,0.010424726370505288,-0.004723174858621837,0.010312953815842407,-0.004650813836197143,0.010705230932299248,-0.007105943152454941
2021-02-05,0.019991213243452988,0.0025123786812979443,0.019567960926525352,0.0020311010452036538,0.019897599802737087,0.002103413702026824,0.019991213243452766,0.0025123786812977222,0.019567960926525352,0.0020311010452036538,0.019897599802737087,0.002103413702026824,0.019991213243452766,0.0025123786812979443,0.019567960926524908,0.0020311010452034317,0.019897599802737087,0.002103413702026824,0.009759271307742345
2021-02-17,0.05315668845668453,0.05377906313982583,0.053441661389378003,0.05388615784692208,0.053153720093167545,0.05426360538975272,0.05315668845668431,0.05377906313982517,0.05344166138937778,0.0538861578469223,0.0531537200931671,0.05426360538975228,0.05315668845668364,0.053779063139826055,0.05344166138937734,0.053886157846921856,0.053153720093166656,0.05426360538975228,0.04123711340206193
2021-02-18,0.009873796950448321,0.0230618318013589,0.009820283916263328,0.016166795619307006,0.00968450101577667,0.016437958993753332,0.00945247153414508,0.021844751072340962,0.009820283916262884,0.016166795619307006,0.00968450101577667,0.016437958993752888,0.008820483409690327,0.020023675848069633,0.009820283916262884,0.016166795619306784,0.009684501015776448,0.01643795899375311,-0.0012376237623761277
2021-02-19,-0.01064989145262274,-0.012253107895588422,-0.012266073324870175,-0.009772931410607533,-0.009922667273312258,0.0015192223137048266,-0.01064989145262274,-0.012253107895588644,-0.01268816779345805,-0.010914240703854161,-0.009922667273312369,0.0015192223137048266,-0.010649891452622628,-0.012253107895588755,-0.013321309496340139,-0.012621941785308066,-0.009922667273312258,0.0015192223137048266,-0.009293680297397744
2021-02-22,0.025094365099663785,0.05028505461452992,0.024748354070289302,0.049985519421372526,0.015715577734414232,0.0366130687522892,0.025094365099663563,0.05028505461453081,0.024748354070288858,0.04998551942137164,0.015296721195894536,0.035429788674538054,0.025094365099663785,0.05028505461453081,0.024748354070289524,0.049985519421372526,0.014668436388114658,0.033657082779614544,-0.0006253908692932519
2021-02-23,-0.00877231841422399,-0.01440370035276739,-0.008528512120495324,-0.014473848752961982,-0.008447699848941337,-0.014687341068486015,-0.00877231841422399,-0.014403700352767723,-0.008528512120495102,-0.01447384875296176,-0.008447699848941337,-0.014687341068485793,-0.0087723184142241,-0.014403700352767501,-0.008528512120495213,-0.014473848752962093,-0.008447699848941337,-0.014687341068486126,-0.003754693366708528
2021-02-24,-0.01741937022848694,-0.022097289283587673,-0.017551999621402636,-0.022133789720905406,-0.01770419834615644,-0.02232039899044802,-0.01741937022848672,-0.02209728928358823,-0.017551999621402303,-0.022133789720905073,-0.017704198346156552,-0.02232039899044813,-0.01741937022848683,-0.02209728928358834,-0.017551999621402636,-0.022133789720905406,-0.01770419834615644,-0.022320398990448354,-0.01633165829145722
2021-02-25,0.0031782030937841377,0.01942918269232119,0.0032397372287360504,0.019420994573488004,0.0032023910285721158,0.01928233936602397,0.0031782030937841377,0.019429182692321634,0.0032397372287360504,0.019420994573487782,0.003202391028572338,0.01928233936602375,0.0031782030937839156,0.019429182692321634,0.0032397372287360504,0.019420994573488004,0.0032023910285721158,0.01928233936602397,0.010217113665389466
2021-02-26,-0.03062913245175869,-0.012872412565560598,-0.030666351678505954,-0.013122169026888675,-0.030857471952180138,-0.013617772646711934,-0.03062913245175858,-0.012872412565560709,-0.03066635167850551,-0.013122169026888342,-0.030857471952179694,-0.013617772646712156,-0.03062913245175869,-0.012872412565560709,-0.030666351678506176,-0.013122169026888453,-0.030857471952179694,-0.013617772646712156,-0.020859671302149052
2021-03-02,-0.009754845572648163,-0.03482256763030456,-0.009685125030400421,-0.03458393953896288,-0.009222975748101492,-0.034175601392362975,-0.009754845572648274,-0.03482256763030567,-0.00968512503040031,-0.03458393953896244,-0.009222975748101603,-0.0341756013923632,-0.009754845572648274,-0.034822567630305334,-0.009685125030400421,-0.03458393953896299,-0.00922297574810138,-0.03417560139236342,-0.009038089089735357
2021-03-03,0.006207746107497636,0.00017419187969092143,0.006228312715755857,-1.2134505718575106e-05,0.006217339519902776,-0.0004883801710100499,0.006207746107497858,0.00017419187969136551,0.006228312715755857,-1.2134505718464084e-05,0.006217339519902776,-0.000488380171010161,0.006207746107497858,0.00017419187969114347,0.006228312715755857,-1.2134505718686128e-05,0.006217339519902554,-0.000488380171010161,0.016286644951140072
2021-03-04,-0.02591412480625188,-0.02611893934293097,-0.025959889124419266,-0.02611267643509063,-0.026123628700890467,-0.02603441020815289,-0.02591412480625166,-0.026118939342931635,-0.025959889124418822,-0.026112676435089854,-0.026123628700890134,-0.026034410208153447,-0.02591412480625188,-0.02611893934293119,-0.025959889124419377,-0.0261126764350903,-0.026123628700890023,-0.026034410208153558,-0.02051282051282044
2021-03-05,-0.01796378770001128,0.003756022176255369,-0.01794720086647139,0.0038781194099222205,-0.01793208292777959,0.004065581876602442,-0.017963787700011502,0.003756022176255369,-0.017947200866470836,0.0038781194099222205,-0.017932082927779702,0.004065581876602664,-0.01796378770001139,0.003756022176255147,-0.01794720086647139,0.0038781194099222205,-0.017932082927779258,0.004065581876602664,-0.009162303664921545
2021-03-08,-0.008623572421385228,-0.016246689316082308,-0.00873959491505727,-0.016514619315697976,-0.008625925244274524,-0.017125167976255407,-0.008623572421385006,-0.016246689316082752,-0.008739594915057158,-0.016514619315697643,-0.008625925244274413,-0.01712516797625596,-0.008623572421385006,-0.01624668931608253,-0.00873959491505738,-0.016514619315697865,-0.008625925244274413,-0.01712516797625574,-0.0006605019815059121
2021-03-09,-0.0034920390943676827,0.009905198900613366,-0.003566939474894837,0.00972382653680226,-0.003722354636454872,0.009330782672740678,-0.0034920390943677937,0.009905198900613588,-0.003566939474894837,0.00972382653680226,-0.003722354636455094,0.0093307826727409,-0.0034920390943679047,0.009905198900613588,-0.003566939474894615,0.009723826536802482,-0.003722354636454872,0.009330782672740678,-0.001982815598149501
2021-03-10,0.0012635066173716236,0.012406316443522636,0.001273433888996589,0.012418975391346398,0.0013202570509152078,0.01253672020705987,0.0012635066173718457,0.012406316443522858,0.001273433888996589,0.012418975391345954,0.001320257050915652,0.01253672020705987,0.0012635066173716236,0.012406316443522858,0.001273433888996589,0.01241897539134662,0.0013202570509154299,0.012536720207060315,0.0033112582781456013
2021-03-11,0.038271758948331014,0.03015956018448329,0.03827016408901307,0.03039473037376217,0.038327035701259504,0.030914092974997143,0.03827175894833057,0.030159560184483958,0.03827016408901218,0.030394730373761725,0.03832703570125884,0.03091409297499781,0.038271758948331014,0.030159560184483736,0.03827016408901307,0.03039473037376217,0.03832703570125884,0.030914092974997587,0.020462046204620332
2021-03-12,0.000834930398105227,0.010341195321198926,0.0009180613943300386,0.010153753663151521,0.0008333643104372346,0.009834570325041758,0.0008349303981050049,0.010341195321199148,0.0009180613943302607,0.010153753663151521,0.0008333643104376787,0.009834570325041758,0.000834930398105227,0.010341195321199148,0.0009180613943300386,0.010153753663151743,0.0008333643104372346,0.00983457032504198,0.0038809831824062613
2021-03-15,0.0007663100855492821,0.020863298813639686,0.0006233643535968891,0.020475055568732303,0.0006034998886010889,0.019741642816294647,0.0007663100855492821,0.02086329881364013,0.0006233643535968891,0.020475055568731415,0.0006034998886008669,0.01974164281629509,0.0007663100855492821,0.020863298813639908,0.0006233643535971112,0.020475055568731637,0.0006034998886010889,0.01974164281629509,-0.0012886597938143174
2021-03-16,0.001527735957085996,-0.005311218700325915,0.0016278813869026187,-0.005019196467478726,0.0017590960706024283,-0.004590312391336782,0.001527735957085996,-0.005311218700326137,0.0016278813869026187,-0.005019196467478504,0.0017590960706022063,-0.004590312391336893,0.001527735957085996,-0.005311218700326137,0.0016278813869023967,-0.005019196467478504,0.0017590960706024283,-0.004590312391336893,0.005161290322580614
2021-03-17,0.0033324075985545765,0.019993202813689548,0.003174636096610728,0.019758553850600657,0.003126856416195256,0.01963142190167999,0.0033324075985543544,0.019993202813690214,0.003174636096610506,0.019758553850600213,0.003126856416195256,0.01963142190167999,0.0033324075985545765,0.01999320281368977,0.003174636096610728,0.019758553850600435,0.003126856416195034,0.019631421901680213,-0.00898587933247752
2021-03-18,0.013878494485109583,0.008577321754627887,0.013611758774524363,0.008433638798971632,0.013664996526218776,0.008052152785639421,0.013878494485109583,0.008577321754627887,0.01361175877452414,0.00843363879897141,0.013664996526218331,0.008052152785639866,0.01387849448510936,0.008577321754628109,0.013611758774524363,0.008433638798971632,0.013664996526218554,0.008052152785639866,0.0032383419689119286
2021-03-19,-0.017631609793790748,-0.01198267091856886,-0.017985776983808432,-0.011061953862664398,-0.017863030620166698,-0.011516641306923647,-0.01851373423969327,-0.0128176086931997,-0.0179857769838081,-0.011061953862664176,-0.017863030620166143,-0.011516641306923758,-0.019834447354206475,-0.014072370683622215,-0.017985776983808432,-0.01106195386266462,-0.01786303062016603,-0.011516641306924091,-0.014202711426727022
2021-03-22,0.02643328055590599,0.030845977880377795,0.024397128682545732,0.032685110103620296,0.015425595989744245,0.043235597496081635,0.026433280555905547,0.030845977880377573,0.023479960847781145,0.031797328516372625,0.015425595989743801,0.04323559749608208,0.02643328055590599,0.030845977880377573,0.02210848693068579,0.03046482300713582,0.015425595989744023,0.0432355974960823,0.0052390307793059865
2021-03-23,-0.011364624036151905,-0.025239790767094594,-0.01080170058527119,-0.023793992451934587,-0.010063994309351232,-0.019414471644556452,-0.011364624036151905,-0.025239790767094372,-0.010801700585271079,-0.023793992451934587,-0.010946600084407732,-0.020254800694506914,-0.011364624036151905,-0.02523979076709415,-0.010801700585271412,-0.023793992451934698,-0.012266392115580005,-0.02151608286651374,-0.0006514657980455363
2021-03-24,-0.002449553253382253,0.015356361730196388,-0.002898272913169908,0.015535430331251154,-0.0031171910012650628,0.015298698639495623,-0.002449553253382142,0.015356361730196388,-0.002898272913170019,0.015535430331251154,-0.0031171910012648407,0.015298698639495845,-0.002449553253382253,0.015356361730196166,-0.002898272913169686,0.015535430331251154,-0.0031171910012648407,0.015298698639495623,-0.014341590612777178
2021-03-25,-0.0005770276579705191,-0.00656370741733836,9.729024105875617e-05,-0.0054471775775594145,0.0004566566035684172,-0.00476760640886098,-0.0005770276579706302,-0.006563707417338249,9.729024105920026e-05,-0.0054471775775596365,0.00045665660356819515,-0.0047676064088612025,-0.0005770276579705191,-0.006563707417338138,9.729024105897821e-05,-0.0054471775775596365,0.00045665660356819515,-0.00476760640886098,0.003306878306878369
2021-03-26,0.017438699394374035,0.041909036918124976,0.017235938748591195,0.042097343635807194,0.017000584933245966,0.04226273620323373,0.017438699394373813,0.041909036918124754,0.01723593874859075,0.042097343635807416,0.017000584933245966,0.04226273620323373,0.017438699394374035,0.04190903691812453,0.01723593874859075,0.04209734363580808,0.017000584933246188,0.04226273620323373,0.017798286090969118
2021-03-29,0.01074721922559374,0.007884836846067556,0.010525273711573302,0.0070345182071700485,0.010343590035168937,0.006538179260222821,0.01074721922559374,0.007884836846067778,0.01052527371157308,0.0070345182071700485,0.010343590035168493,0.006538179260223043,0.01074721922559374,0.007884836846067556,0.010525273711573524,0.0070345182071700485,0.010343590035168715,0.006538179260223043,0.006476683937823857
2021-03-30,0.01008932733502732,0.007866546309230005,0.010171122601621008,0.008368685392638353,0.010130336111380034,0.0084064924205558,0.010089327335027098,0.007866546309229783,0.010171122601620564,0.008368685392638353,0.010130336111380034,0.0084064924205558,0.010089327335027098,0.007866546309229783,0.010171122601620564,0.008368685392638353,0.010130336111380478,0.0084064924205558,0.003217503217503248
2021-03-31,-0.0022261874980652463,0.015673800962450857,-0.0025117842712277794,0.014374922015028657,-0.0026239551118274473,0.013884877456259881,-0.0022261874980650243,0.015673800962450635,-0.0025117842712277794,0.014374922015028435,-0.0026239551118272253,0.013884877456259659,-0.0022261874980651353,0.015673800962450635,-0.0025117842712274463,0.01437492201502888,-0.0026239551118274473,0.013884877456259659,-0.007697241821680634
2021-04-01,0.017194820677957967,0.02487668543783461,0.01697575202981394,0.02384255298960558,0.016892204482021445,0.02352309203247116,0.017194820677957523,0.02487668543783461,0.016975752029813718,0.023842552989605803,0.016892204482021222,0.02352309203247116,0.017194820677957967,0.02487668543783461,0.016975752029813496,0.023842552989605803,0.016892204482021445,0.023523092032471604,0.007110536522301425
2021-04-06,0.012809911135974295,0.03522857969725024,0.012637648482220376,0.03379352375862288,0.01256386499673301,0.033254221088553804,0.012809911135974072,0.03522857969725002,0.012637648482220154,0.03379352375862266,0.01256386499673301,0.033254221088553804,0.012809911135974295,0.03522857969725002,0.012637648482220376,0.03379352375862332,0.012563864996733454,0.03325422108855336,0.014120667522464547
2021-04-07,0.01733351827572882,0.02244824060704942,0.016954897808289182,0.021539025020566704,0.01650274876506108,0.021208054771129303,0.0173335182757286,0.022448240607049197,0.016954897808288516,0.021539025020566704,0.01650274876506108,0.021208054771129303,0.017333518275729043,0.022448240607049197,0.01695489780828896,0.021539025020566704,0.016502748765061526,0.021208054771129303,0.0012658227848101333
2021-04-08,0.015599256319661858,-0.0017333782825043054,0.01538149616297635,-0.0020794205453463777,0.015056336426876094,-0.002405173872076949,0.015599256319661414,-0.0017333782825040833,0.015381496162975905,-0.0020794205453464887,0.015056336426876094,-0.002405173872076838,0.015599256319661636,-0.0017333782825041943,0.015381496162975905,-0.0020794205453463777,0.015056336426876094,-0.002405173872076727,0.0037926675094817064
2021-04-09,-0.006045969259052986,-0.03693841374921081,-0.005917985771625278,-0.03658782180534226,-0.005889074334437194,-0.03727560407017361,-0.006045969259052542,-0.03693841374921081,-0.005917985771625167,-0.03658782180534215,-0.005889074334436972,-0.03727560407017372,-0.006045969259052764,-0.03693841374921081,-0.005917985771625167,-0.03658782180534259,-0.005889074334436972,-0.03727560407017394,-0.0031486146095718315
2021-04-12,0.018124602130454193,0.018757313903789763,0.016806026881373448,0.015832033504788567,0.01575713738190143,0.01391365979246495,0.01812460213045397,0.01875731390378954,0.016806026881373004,0.015832033504788345,0.01575713738190121,0.01391365979246495,0.018124602130454415,0.018757313903789763,0.016806026881373226,0.015832033504788567,0.015757137381901654,0.013913659792465172,-0.00442198357548973
2021-04-13,0.000272541481791011,-0.018583521048980423,0.00014238504768560034,-0.01909018507941862,0.00013753930738436004,-0.019971988189178558,0.00027254148179078896,-0.018583521048980423,0.00014238504768560034,-0.01909018507941873,0.00013753930738436004,-0.01997198818917867,0.00027254148179078896,-0.018583521048980423,0.00014238504768560034,-0.019090185079418953,0.000137539307384138,-0.01997198818917878,0.0
2021-04-14,0.0010608276280417162,0.020716263608351104,0.0006483750256629506,0.020239253684889658,0.0006388532687844339,0.01928429381063923,0.0010608276280417162,0.020716263608351104,0.0006483750256627285,0.02023925368488988,0.000638853268784656,0.019284293810639674,0.0010608276280417162,0.020716263608350882,0.0006483750256631726,0.02023925368488988,0.000638853268784878,0.019284293810639452,0.005076142131979822
2021-04-15,0.017525421613548753,0.007262797692076495,0.018167277699952633,0.0070488583846637365,0.018521693261727368,0.006562140668382455,0.01752542161354853,0.007262797692076495,0.01816727769995241,0.0070488583846637365,0.018521693261727146,0.006562140668382455,0.017525421613548753,0.007262797692076717,0.01816727769995241,0.0070488583846639585,0.018521693261727146,0.006562140668382677,0.010101010101010166
2021-04-16,0.008302415987925915,0.02162221979247758,0.0072973007742451745,0.019047012629559434,0.006608421141659493,0.01797914244179788,0.008302415987925915,0.02162221979247758,0.0072973007742449525,0.019047012629559434,0.006608421141659493,0.017979142441797658,0.008302415987925915,0.02162221979247736,0.0072973007742451745,0.019047012629559434,0.006608421141659493,0.017979142441797658,0.0
2021-04-19,0.01647164821621505,0.03172811919286245,0.01548259730256496,0.029168310292873922,0.014778312534489801,0.027924080621444025,0.016471648216214607,0.031728119192862225,0.015482597302564738,0.029168310292873922,0.014778312534489801,0.027924080621444247,0.01647164821621505,0.031728119192862,0.015482597302564738,0.029168310292874144,0.014778312534490023,0.027924080621444025,0.0
2021-04-20,0.01041464483902188,0.0075743853522416416,0.011551745789763812,0.011763625314833881,0.01180267256927614,0.01171685075579032,0.008988907585638417,0.006791299231676318,0.01155174578976359,0.011763625314833881,0.01180267256927614,0.01171685075579032,0.006852969627070049,0.005615935172712083,0.011551745789763812,0.011763625314834103,0.011802672569276362,0.01171685075579032,0.001875000000000071
2021-04-21,0.008607230825884438,0.03755957845027802,0.008652740508839685,0.0375696643321306,0.017306657209071874,0.047034226271856605,0.00860723082588466,0.0375595784502778,0.007276186556139486,0.036808923831332496,0.017306657209071652,0.047034226271856605,0.00860723082588466,0.0375595784502778,0.005216497138366805,0.03566709917200939,0.017306657209071874,0.04703422627185638,-0.010605115408608978
2021-04-22,-0.015231162490656036,-0.017522327315542152,-0.015137352047607466,-0.01727112407929199,-0.01642733380211836,-0.011619406537966004,-0.01523116249065648,-0.01752232731554204,-0.015137352047607688,-0.017271124079291655,-0.017814154251090786,-0.012373497358974972,-0.015231162490656258,-0.01752232731554204,-0.015137352047607688,-0.0172711240792921,-0.019889205067295634,-0.013505341258302606,-0.0031525851197982124
2021-04-23,0.023319790871406454,-0.00219726394762787,0.023189536525150434,-0.0023002027446218376,0.024114944012776807,-0.001327209495267545,0.023319790871406898,-0.002197263947627981,0.023189536525150434,-0.0023002027446216156,0.02411494401277703,-0.0013272094952678781,0.023319790871406676,-0.00219726394762787,0.023189536525150434,-0.0023002027446217266,0.024114944012777473,-0.001327209495267545,0.009487666034155628
2021-04-26,0.040642583740935656,0.02845976889287516,0.04083965428457503,0.027898480472603238,0.039622950668837476,0.024991129625647535,0.0406425837409361,0.02845976889287538,0.04083965428457548,0.02789848047260257,0.039622950668837476,0.02499112962564709,0.04064258374093588,0.02845976889287538,0.04083965428457503,0.027898480472603016,0.03962295066883814,0.02499112962564709,0.015037593984962516
2021-04-27,0.0034951129241931334,0.016786704347455217,0.003399983734571732,0.016228703108107645,0.0030317675508897413,0.015531850730268415,0.0034951129241931334,0.016786704347455217,0.00339998373457151,0.016228703108107645,0.0030317675508897413,0.015531850730268415,0.0034951129241929113,0.016786704347455217,0.00339998373457151,0.016228703108107645,0.0030317675508899633,0.015531850730267971,-0.0012345679012345512
2021-04-28,0.013177806258005242,0.011576333776102787,0.013136509957577314,0.011345020845973774,0.012690035498444052,0.011183214449183687,0.013177806258005464,0.011576333776102787,0.013136509957577758,0.011345020845973552,0.012690035498444052,0.011183214449183465,0.013177806258005464,0.011576333776102565,0.013136509957577758,0.011345020845973552,0.012690035498444496,0.011183214449183465,-0.004326328800988932
2021-04-29,0.0036084453507816416,0.021608298054222486,0.003106145942245453,0.021240908775931544,0.0031580182169248516,0.020397561730999714,0.0036084453507814196,0.021608298054222708,0.003106145942245453,0.0212409087759311,0.0031580182169248516,0.02039756173099949,0.0036084453507814196,0.021608298054222486,0.003106145942245453,0.021240908775931766,0.0031580182169248516,0.02039756173099927,0.0024829298572315306
2021-05-03,-0.035464930610710876,0.018879149790252514,-0.03525825835215901,0.017981644548795694,-0.036399384136343804,0.01506002275029572,-0.0354649306107111,0.018879149790252514,-0.03525825835215923,0.017981644548795472,-0.036399384136343915,0.015060022750295277,-0.0354649306107111,0.018879149790252514,-0.03525825835215901,0.017981644548795694,-0.03639938413634436,0.015060022750295277,-0.017337461300309664
2021-05-04,-0.02938395489646861,-0.04899728543943649,-0.029281593881439916,-0.048684182090870554,-0.02740516609236554,-0.046113062547064154,-0.029383954896468722,-0.04899728543943671,-0.029281593881440027,-0.048684182090869665,-0.027405166092365763,-0.046113062547063266,-0.02938395489646861,-0.0489972854394366,-0.029281593881439916,-0.04868418209087044,-0.027405166092366207,-0.046113062547063155,-0.006931316950220534
2021-05-05,-0.03467578290556572,0.008614112145439057,-0.034401110350546826,0.0077816824000296325,-0.03562087172448791,0.006339805546256239,-0.034675782905566055,0.008614112145439057,-0.03440111035054705,0.0077816824000294105,-0.03562087172448791,0.006339805546256239,-0.03467578290556583,0.008614112145439057,-0.034401110350546826,0.0077816824000296325,-0.03562087172448858,0.0063398055462560166,-0.009517766497461944
2021-05-06,0.004641797681204762,-0.0023109454877102698,0.004461024453118023,-0.002073720290037495,0.005006760081826878,-0.001417093544790915,0.004641797681204762,-0.0023109454877100477,0.004461024453118023,-0.002073720290037606,0.0050067600818266556,-0.001417093544790915,0.004641797681204762,-0.0023109454877101587,0.004461024453118023,-0.002073720290037606,0.0050067600818266556,-0.001417093544790915,0.009609224855861687
2021-05-07,0.044216546783159005,0.037415065821798876,0.04441215926576736,0.03694972007890618,0.04361012670695241,0.03596380408627575,0.04421654678315945,0.037415065821798876,0.04441215926576758,0.036949720078905735,0.04361012670695241,0.035963804086275086,0.04421654678315923,0.03741506582179843,0.04441215926576736,0.03694972007890618,0.04361012670695352,0.03596380408627553,0.016497461928933976
2021-05-10,-0.01414983987847751,0.04198878169102427,-0.01391559933181341,0.04138901673808992,-0.015606164643905074,0.03853746308788608,-0.014149839878477732,0.041988781691024935,-0.01391559933181341,0.041389016738089035,-0.015606164643905074,0.03853746308788497,-0.01414983987847751,0.04198878169102449,-0.013915599331813633,0.0413890167380897,-0.015606164643905629,0.03853746308788497,-0.00811485642946308
2021-05-11,-0.06037670936358419,-0.02478032346273129,-0.060215614203463885,-0.024881036252103472,-0.06146998575855045,-0.025363844447160444,-0.06037670936358486,-0.024780323462731513,-0.06021561420346433,-0.024881036252103028,-0.06146998575855067,-0.025363844447159778,-0.0603767093635843,-0.02478032346273129,-0.060215614203463996,-0.024881036252103583,-0.06146998575855156,-0.02536384444716,-0.029578351164254335
2021-05-12,-0.05192921950459606,-0.047480624507964087,-0.05200965596967311,-0.046847740026587426,-0.05038668811190217,-0.04423704212674051,-0.05192921950459661,-0.04748062450796442,-0.05200965596967355,-0.04684774002658665,-0.05038668811190217,-0.044237042126739845,-0.05192921950459639,-0.047480624507963975,-0.052009655969673,-0.046847740026587203,-0.050386688111903055,-0.04423704212673929,-0.016861219195849486
2021-05-13,-0.012512753069498506,-0.04509571828877712,-0.012283711616080328,-0.044562908089703646,-0.01053111645869842,-0.04170810874562969,-0.012512753069498728,-0.04509571828877745,-0.01228371161608055,-0.04456290808970276,-0.010531116458698642,-0.04170810874562869,-0.012512753069498617,-0.04509571828877712,-0.012283711616080328,-0.044562908089703424,-0.010531116458698753,-0.0417081087456288,-0.03562005277044855
2021-05-14,-0.00020827851166105305,-0.022997356288932735,-0.0005127582441650791,-0.022442347844920607,0.0014104601234825598,-0.021081449040366795,-0.0002082785116612751,-0.022997356288932735,-0.0005127582441649681,-0.022442347844920163,0.0014104601234827818,-0.02108144904036635,-0.00020827851166116407,-0.022997356288932846,-0.0005127582441651901,-0.022442347844920607,0.0014104601234825598,-0.02108144904036635,0.013679890560875485
2021-05-17,-0.04734629902196341,-0.039194054137794754,-0.0475793906721772,-0.03862051630221475,-0.04615090233203889,-0.03646164686993869,-0.047346299021963745,-0.039194054137794865,-0.047579390672177535,-0.03862051630221419,-0.046150902332039,-0.0364616468699378,-0.04734629902196352,-0.03919405413779464,-0.04757939067217709,-0.038620516302214636,-0.04615090233203978,-0.036461646869937914,-0.020917678812415574
2021-05-18,0.07973784945083984,0.05182691106427617,0.07964041528318155,0.05149339465102343,0.07903481963034253,0.04917091838762255,0.07973784945084073,0.05182691106427639,0.07964041528318222,0.05149339465102254,0.07903481963034253,0.04917091838762122,0.07973784945084006,0.05182691106427617,0.07964041528318155,0.051493394651023205,0.07903481963034431,0.04917091838762122,0.04686423156443831
2021-05-19,0.022862361848636326,0.058183094890595255,0.013184613810630408,0.03932277471774159,0.01122332977448437,0.03657126813098843,0.021517512805425243,0.0563026296442104,0.013184613810630852,0.039322774717740705,0.01122332977448437,0.036571268130987766,0.019498977182572652,0.05348545060929921,0.01318461381063063,0.03932277471774137,0.01122332977448437,0.036571268130987544,-0.007241606319947302
2021-05-20,-0.010482653702315048,-0.014213468651549821,-0.018907963552246443,-0.004217405310195654,-0.021433459901348595,0.017380467943974187,-0.010482653702314937,-0.014213468651549932,-0.020185529690379234,-0.005993144011039897,-0.021433459901348373,0.017380467943973743,-0.01048265370231527,-0.014213468651549488,-0.02210307781474985,-0.008653429197971185,-0.021433459901348928,0.017380467943973965,-0.0026525198938992522
2021-05-21,0.010917609992629806,0.06008017243064834,0.01051941461225181,0.06003897202892028,0.02435617033206139,0.047472429743122824,0.010917609992629584,0.06008017243064878,0.010519414612251587,0.06003897202891939,0.02297783910593565,0.045608010156699796,0.010917609992629806,0.060080172430647893,0.010519414612252032,0.06003897202891961,0.020909048787744355,0.042818344495639815,0.011303191489361541
2021-05-24,0.007065553232771249,0.027330414273844195,0.00696101156782758,0.026756964078039625,0.0068576731162739435,0.025515334953869484,0.007065553232771249,0.027330414273844195,0.00696101156782758,0.02675696407803918,0.0068576731162741655,0.025515334953869928,0.007065553232771249,0.027330414273843973,0.00696101156782758,0.02675696407803918,0.0068576731162739435,0.02551533495387015,0.0
2021-05-25,-0.005200741371070294,-0.008411114191197888,-0.004984452607141421,-0.0075833569102844445,-0.004604728881262732,-0.005754618773435194,-0.005200741371070183,-0.008411114191197888,-0.004984452607141421,-0.0075833569102844445,-0.004604728881263065,-0.005754618773435305,-0.005200741371070294,-0.008411114191197888,-0.004984452607141532,-0.0075833569102843335,-0.004604728881262843,-0.005754618773435305,0.019066403681788247
2021-05-26,0.004023700538982489,0.024951318300110437,0.003775585307333129,0.024222934522058814,0.003501924654290667,0.021826949408069618,0.004023700538982267,0.024951318300110437,0.003775585307332907,0.02422293452205837,0.003501924654290889,0.021826949408070062,0.004023700538982267,0.024951318300109993,0.003775585307333129,0.024222934522058814,0.003501924654290889,0.021826949408070284,0.000645161290322438
2021-05-27,0.002214223083991218,0.03876245286079438,0.002196889527347201,0.0384175183248181,0.0019455810809043683,0.03724520020623756,0.002214223083991218,0.038762452860794605,0.002196889527347423,0.03841751832481766,0.0019455810809043683,0.037245200206238005,0.002214223083990996,0.03876245286079438,0.002196889527347201,0.03841751832481766,0.0019455810809043683,0.03724520020623867,-0.007092198581560294
2021-05-28,0.021191151859619728,0.05909921966043763,0.02060615355325912,0.058348103939037665,0.019950361641087655,0.05700501402022495,0.021191151859619728,0.059099219660438074,0.0206061535532589,0.05834810393903678,0.0199503616410881,0.05700501402022584,0.021191151859620172,0.059099219660437186,0.020606153553259565,0.058348103939037,0.01995036164108832,0.05700501402022651,0.013636363636363669
2021-05-31,0.017300303435632935,0.0041104986611519845,0.01705470476526072,0.004411150208201597,0.017093535515660285,0.006656523449694252,0.01730030343563249,0.0041104986611517624,0.017054704765260276,0.004411150208201153,0.017093535515660507,0.006656523449694474,0.017300303435632713,0.00411049866115154,0.01705470476526072,0.004411150208201375,0.017093535515660285,0.006656523449694474,0.010890454836643304
2021-06-01,0.016815600344576964,0.05409706639766343,0.016216554174715903,0.05341214800728156,0.015485319382229079,0.05146857756377399,0.016815600344576964,0.05409706639766343,0.016216554174715903,0.05341214800728089,0.015485319382229301,0.051468577563774875,0.016815600344577186,0.054097066397662985,0.016216554174716347,0.05341214800728111,0.015485319382229523,0.05146857756377532,0.0025348542458807355
2021-06-02,-0.0027194722085696066,-0.004213500251063262,-0.002723185720002741,-0.00434772963430663,-0.0030786557978055296,-0.00483647531121878,-0.0027194722085696066,-0.004213500251063151,-0.00272318572000263,-0.004347729634306408,-0.0030786557978055296,-0.004836475311218891,-0.0027194722085697176,-0.004213500251063262,-0.002723185720002852,-0.00434772963430663,-0.0030786557978055296,-0.004836475311218891,-0.003160556257901348
2021-06-03,0.012594006974994798,0.0347918967703833,0.012165005681732177,0.034986759059155936,0.011448550198402963,0.03554972531377487,0.012594006974994798,0.034791896770383524,0.012165005681731955,0.03498675905915549,0.011448550198403407,0.03554972531377554,0.012594006974994798,0.03479189677038308,0.012165005681732177,0.034986759059155714,0.011448550198403407,0.03554972531377576,0.003170577045022105
2021-06-04,-0.006834840104438689,-0.005545553851551199,-0.006672202332974164,-0.005345504047755356,-0.0065319044648616265,-0.004845859683045295,-0.0068348401044388,-0.005545553851551088,-0.006672202332974164,-0.005345504047755467,-0.0065319044648618485,-0.004845859683045517,-0.0068348401044388,-0.005545553851550866,-0.006672202332974275,-0.005345504047755467,-0.0065319044648618485,-0.004845859683045406,-0.006321112515802807
2021-06-07,-0.005450094204600853,-0.028503300755369,-0.005140525647867711,-0.028139504701007345,-0.0045978827001842415,-0.027704942101131613,-0.005450094204600631,-0.02850330075536911,-0.0051405256478676,-0.028139504701007012,-0.0045978827001843525,-0.027704942101131835,-0.00545009420460052,-0.028503300755368888,-0.0051405256478676,-0.028139504701007123,-0.0045978827001844635,-0.027704942101132057,0.001908396946564972
2021-06-08,0.006225636364773912,0.03315248975095075,0.005952290486539669,0.03278208999598298,0.005524548779110683,0.031196988200455023,0.006225636364773912,0.03315248975095075,0.005952290486539669,0.03278208999598298,0.005524548779110905,0.031196988200455245,0.006225636364773468,0.03315248975095053,0.005952290486539669,0.03278208999598298,0.005524548779111127,0.031196988200455467,-0.005079365079365128
2021-06-09,-0.005553321006825596,-0.018301661252809742,-0.005507146940560759,-0.01795707336600849,-0.005672812466400834,-0.01797212655757252,-0.005553321006825485,-0.01830166125280952,-0.005507146940560759,-0.01795707336600816,-0.005672812466400945,-0.017972126557572632,-0.0055533210068252625,-0.01830166125280952,-0.00550714694056087,-0.01795707336600838,-0.005672812466401167,-0.017972126557572743,-0.00765794511805995
2021-06-10,-0.009849901995129695,-0.006250105383925453,-0.009681863513011812,-0.005241374552856448,-0.00958282229453189,-0.005018631547492158,-0.009849901995129695,-0.006250105383925675,-0.00968186351301159,-0.005241374552856337,-0.00958282229453189,-0.005018631547492269,-0.009849901995129806,-0.006250105383925675,-0.009681863513011701,-0.005241374552856448,-0.009582822294532,-0.005018631547492269,0.017363344051446905
2021-06-11,0.017728979481363538,0.033216214224528695,0.017189034083858745,0.03212249776596865,0.01633486349093838,0.029820333719386527,0.017728979481363316,0.033216214224528695,0.017189034083858523,0.03212249776596798,0.0163348634909386,0.02982033371938675,0.017728979481363316,0.03321621422452847,0.017189034083858967,0.03212249776596843,0.0163348634909386,0.02982033371938697,0.0037926675094817064
2021-06-15,0.014741661529310335,0.04067813886754679,0.01414032405061394,0.03952401276621975,0.013118660277962046,0.03673547142222433,0.014741661529310113,0.04067813886754701,0.01414032405061394,0.03952401276621931,0.013118660277962269,0.036735471422225,0.014741661529310335,0.04067813886754679,0.01414032405061394,0.03952401276621953,0.013118660277962269,0.03673547142222522,0.005037783375314797
2021-06-16,-0.00971079471479519,0.0003460798319057101,-0.009601655072362103,0.0001887344988218409,-0.00950065296547209,-0.001946896091507555,-0.009710794714795079,0.0003460798319054881,-0.009601655072361992,0.0001887344988218409,-0.009500652965472312,-0.001946896091507666,-0.009710794714795301,0.0003460798319054881,-0.009601655072362103,0.0001887344988218409,-0.0095006529654722,-0.001946896091507666,-0.0012531328320801727
2021-06-17,0.022268966354982878,0.04655249977582865,0.015043818501289774,0.03390316821707007,0.015009563076811228,0.03462492895216518,0.020765145244061145,0.04549999027807261,0.015043818501289552,0.033903168217069624,0.015009563076811672,0.03462492895216562,0.018517822120173166,0.04392319554771418,0.015043818501289774,0.033903168217069846,0.01500956307681145,0.034624928952165845,-0.0012547051442911572
2021-06-18,-0.009958649155666577,0.01633048864866904,-0.016580286873970063,0.010409596163237556,0.002330006089740211,0.03500843855812219,-0.009958649155666466,0.016330488648668817,-0.018005772672223586,0.009437432880590402,0.002330006089740211,0.035008438558122634,-0.009958649155666466,0.016330488648668595,-0.02013603083519544,0.00798100712443861,0.002330006089740433,0.03500843855812308,-0.005025125628140614
2021-06-21,-0.0005947383048496846,0.04164981431346404,-0.0007733060433701144,0.04265131839095204,-0.0017578241832006958,0.038361026560263634,-0.0005947383048496846,0.041649814313463374,-0.0007733060433701144,0.042651318390952264,-0.0031920728204986037,0.0373570724369654,-0.0005947383048499066,0.041649814313463374,-0.0007733060433702255,0.04265131839095204,-0.005335426245048902,0.03585301990868439,-0.02146464646464652
2021-06-22,0.008795712755442775,-0.0013635288623261577,0.008528206111414027,-0.0012586957527216391,0.00855240448454997,-0.0007369697963810484,0.008795712755442775,-0.0013635288623259356,0.008528206111414027,-0.001258695752721417,0.008552404484550191,-0.0007369697963810484,0.008795712755442997,-0.0013635288623262687,0.008528206111414027,-0.0012586957527215281,0.008552404484550191,-0.0007369697963811594,-0.001935483870967869
2021-06-23,-0.00519908448371198,-0.03006936780086411,-0.00544071629444387,-0.03146346129533295,-0.004689837254089779,-0.028651621034937347,-0.005199084483711758,-0.030069367800863667,-0.005440716294443981,-0.031463461295333284,-0.00468983725408989,-0.028651621034937902,-0.005199084483711869,-0.030069367800863334,-0.00544071629444387,-0.03146346129533295,-0.004689837254089779,-0.028651621034937458,0.018745959922430444
2021-06-24,0.009903090469084663,0.03800200379322094,0.010371599222655847,0.038852243057474256,0.009750672695820528,0.03716428218180701,0.009903090469084441,0.038002003793220496,0.010371599222655625,0.0388522430574747,0.00975067269582075,0.03716428218180745,0.009903090469084441,0.038002003793220274,0.010371599222655847,0.038852243057474256,0.009750672695820528,0.03716428218180701,-0.001903553299492322
2021-06-25,-0.0022189437394738443,0.025308780454669222,-0.0017647871291046613,0.02654790486256675,-0.002199536524635781,0.02551630799664939,-0.0022189437394739553,0.025308780454668778,-0.0017647871291043282,0.026547904862567195,-0.0021995365246360032,0.025516307996649612,-0.0022189437394739553,0.025308780454668334,-0.0017647871291045503,0.026547904862566973,-0.0021995365246360032,0.025516307996649168,0.0031786395422759295
2021-06-28,0.029654506325427432,0.042843783622120046,0.029885859398550485,0.04386895587660167,0.029255152179282318,0.04178655300692813,0.02965450632542721,0.0428437836221196,0.029885859398550263,0.04386895587660211,0.029255152179282762,0.041786553006928795,0.02965450632542721,0.04284378362211938,0.02988585939855004,0.04386895587660167,0.02925515217928254,0.04178655300692791,0.0038022813688212143
2021-06-29,-0.006996375034082347,-0.011987472175016167,-0.006642844964028449,-0.012312228106358902,-0.006844287906752289,-0.01230846561132981,-0.006996375034082347,-0.011987472175015945,-0.006642844964028449,-0.012312228106359235,-0.006844287906752511,-0.01230846561132981,-0.006996375034082347,-0.011987472175015945,-0.006642844964028449,-0.012312228106358902,-0.0068442879067524,-0.0123084656113297,0.0012626262626262985
2021-06-30,0.033135634874597475,0.05489578036208842,0.033516093712357975,0.056280117571142485,0.03293277250787274,0.05484264161190322,0.03313563487459681,0.05489578036208753,0.03351609371235775,0.05628011757114337,0.03293277250787274,0.05484264161190411,0.03313563487459703,0.05489578036208731,0.03351609371235753,0.05628011757114271,0.03293277250787252,0.05484264161190322,0.007566204287515976
2021-07-01,0.002942976130049013,0.02683265360559406,0.0035176685872178037,0.027744549789809003,0.002709507283446211,0.026140019447072893,0.002942976130049013,0.026832653605593837,0.0035176685872175817,0.027744549789809225,0.002709507283446211,0.026140019447073115,0.002942976130049013,0.026832653605593615,0.0035176685872175817,0.027744549789809003,0.002709507283446211,0.02614001944707245,-0.003754693366708528
2021-07-02,-0.00300864690013114,-0.007454431974246778,-0.0033501675071231363,-0.008205202036302928,-0.003083431856729657,-0.007283390678921475,-0.003008646900131029,-0.007454431974246778,-0.0033501675071230252,-0.00820520203630315,-0.003083431856729546,-0.007283390678921697,-0.003008646900130918,-0.007454431974246778,-0.0033501675071230252,-0.008205202036303039,-0.003083431856729546,-0.007283390678921586,-0.0012562814070351536
2021-07-05,0.022219483569249965,-0.00032536579880870775,0.022297618892860527,-0.0008770627905776429,0.022059718268123696,-0.0005259015424160518,0.022219483569249743,-0.0003253657988089298,0.022297618892860527,-0.0008770627905774209,0.022059718268123696,-0.0005259015424159408,0.02221948356924952,-0.0003253657988088188,0.022297618892860527,-0.0008770627905775319,0.022059718268123474,-0.0005259015424160518,0.010062893081761004
2021-07-06,-0.002178739687665132,0.02133510553396767,-0.002035507454773211,0.02154633176950771,-0.0023921026148913116,0.02147534050410327,-0.002178739687665132,0.021335105533967447,-0.0020355074547731,0.02154633176950771,-0.0023921026148915336,0.021475340504103047,-0.002178739687665132,0.021335105533967225,-0.002035507454773211,0.021546331769507487,-0.0023921026148910896,0.021475340504103047,0.001245330012453305
2021-07-07,-0.02188643545729052,-0.02862464210183069,-0.02239373047342097,-0.029934342977672945,-0.021491156260612265,-0.028328380389732732,-0.0218864354572903,-0.028624642101830355,-0.02239373047342108,-0.02993434297767328,-0.021491156260612265,-0.028328380389732843,-0.021886435457290188,-0.028624642101830133,-0.02239373047342097,-0.029934342977672945,-0.021491156260612265,-0.02832838038973251,-0.004975124378109541
2021-07-08,0.018468605490078005,0.03782418407516919,0.018353185858653198,0.03856803387824703,0.01828402289738973,0.03806447452017814,0.018468605490078005,0.03782418407516852,0.018353185858653198,0.038568033878247476,0.01828402289738973,0.03806447452017836,0.018468605490077783,0.0378241840751683,0.018353185858653198,0.038568033878247254,0.018284022897389285,0.038064474520177916,-0.001875000000000071
2021-07-09,-0.024863876607894575,-0.06468668581047099,-0.025383312589136953,-0.0654841492936814,-0.024586485220138288,-0.06454685995479803,-0.02486387660789413,-0.06468668581046999,-0.025383312589136953,-0.06548414929368207,-0.024586485220138177,-0.06454685995479859,-0.02486387660789402,-0.06468668581046944,-0.025383312589136953,-0.06548414929368174,-0.024586485220138066,-0.06454685995479781,-0.011271133375078124
2021-07-12,0.0024764188463806125,0.01266220156437714,0.0026681482218291475,0.01244387858244611,0.0028994640146993156,0.012817617337970821,0.0024764188463803904,0.01266220156437714,0.0026681482218293695,0.01244387858244611,0.0028994640146993156,0.0128176173379706,0.0024764188463803904,0.012662201564376696,0.0026681482218293695,0.01244387858244611,0.0028994640146993156,0.012817617337970821,0.011399620012666034
2021-07-13,-0.028729532166666294,-0.049344700385445917,-0.02891618326105505,-0.05028650693320391,-0.028271404371604247,-0.0479092347028246,-0.02872953216666596,-0.04934470038544547,-0.02891618326105483,-0.05028650693320447,-0.02827140437160447,-0.04790923470282504,-0.02872953216666585,-0.04934470038544503,-0.028916183261054496,-0.05028650693320402,-0.028271404371604136,-0.04790923470282438,0.006261740763932266
2021-07-14,-0.013062568570862187,-0.029243329993693168,-0.01330337955134031,-0.02929368871498972,-0.012389079153405591,-0.027605079978698988,-0.013062568570862076,-0.029243329993692835,-0.013303379551340533,-0.02929368871498994,-0.012389079153405702,-0.02760507997869943,-0.013062568570861965,-0.029243329993692724,-0.0133033795513402,-0.02929368871498972,-0.012389079153405924,-0.027605079978698877,0.0037336652146859883
2021-07-15,0.018850944459324115,0.026511153141156818,0.028937588847576468,0.048390426889227456,0.028354584286972795,0.04588164903852743,0.017062795765815597,0.024964820295599432,0.02893758884757669,0.0483904268892279,0.028354584286973017,0.045881649038528094,0.014376942079955546,0.02264241584280935,0.028937588847576245,0.04839042688922768,0.028354584286972795,0.045881649038526984,0.007439553626782391
2021-07-16,0.023919397075207183,0.014413566879832418,0.020799550224050334,0.014269892791971106,0.015505365560945394,0.030365052507609125,0.023919397075207183,0.014413566879832418,0.019004743036935112,0.012722492266497243,0.015505365560945394,0.030365052507609347,0.02391939707520696,0.014413566879832418,0.016314213207049955,0.010401391478286559,0.015505365560945394,0.030365052507608903,-0.0135384615384615
2021-07-19,0.0008388112860042707,0.007962236215504737,0.00029442408161584055,0.007637505866870287,-0.006706019843449096,0.006200956877898678,0.0008388112860044927,0.007962236215504959,0.00029442408161584055,0.007637505866870509,-0.008463238027075604,0.004684112795729112,0.0008388112860044927,0.007962236215504959,0.0002944240816160626,0.007637505866870509,-0.011097419556215238,0.0024088466724745405,-0.008109794135995108
2021-07-20,-0.027413174047021593,-0.03511746636061486,-0.026673680823971258,-0.033900624213597186,-0.02591053256651088,-0.03309878809475808,-0.027413174047021704,-0.03511746636061508,-0.026673680823970924,-0.033900624213597186,-0.025910532566510547,-0.033098788094757636,-0.027413174047021815,-0.035117466360614635,-0.026673680823971146,-0.03390062421359763,-0.025910532566510214,-0.03309878809475841,-0.009433962264150941
2021-07-21,-0.018550490846580447,-0.02481906342924378,-0.01783299006186634,-0.02345675667141145,-0.017370644766143473,-0.022538327365247413,-0.01855049084658078,-0.024819063429244337,-0.017832990061866116,-0.02345675667141167,-0.01737064476614314,-0.022538327365246857,-0.01855049084658056,-0.024819063429243893,-0.017832990061866227,-0.02345675667141167,-0.017370644766143695,-0.022538327365247524,-0.0012698412698411987
2021-07-22,0.00801597128359588,-0.004930477777034259,0.008883195009621314,-0.0042230766464551595,0.009575258343729187,-0.0034171729038185994,0.008015971283596324,-0.004930477777034037,0.008883195009621092,-0.004223076646455048,0.009575258343728965,-0.0034171729038185994,0.008015971283596102,-0.004930477777034148,0.008883195009621092,-0.004223076646455048,0.009575258343729187,-0.0034171729038187104,0.006357279084551859
2021-07-23,0.009574285914306424,0.004703347341054043,0.008838462231145705,0.003987980092013732,0.008197914313639476,0.0032156602117106026,0.00957428591430598,0.004703347341053821,0.008838462231145705,0.003987980092013954,0.008197914313639254,0.0032156602117103805,0.009574285914306202,0.004703347341053821,0.008838462231145927,0.003987980092013732,0.008197914313639476,0.0032156602117106026,-0.0012634238787113672
2021-07-26,-0.026166001659319593,-0.024938878936557662,-0.025260544018988473,-0.02349714067884834,-0.024039609972588027,-0.02256381250876549,-0.026166001659319704,-0.024938878936557995,-0.02526054401898825,-0.02349714067884845,-0.024039609972587916,-0.022563812508764824,-0.026166001659319815,-0.02493887893655755,-0.025260544018988362,-0.02349714067884867,-0.024039609972588027,-0.02256381250876538,-0.006957621758380772
2021-07-27,-0.026821145301107463,-0.02004774823177291,-0.026082418474808744,-0.018896743624941092,-0.025340060779925122,-0.017889326839689912,-0.026821145301107574,-0.02004774823177291,-0.02608241847480819,-0.018896743624941204,-0.025340060779924678,-0.0178893268396898,-0.026821145301107685,-0.02004774823177269,-0.026082418474808522,-0.018896743624941426,-0.02534006077992479,-0.017889326839690356,-0.0019108280254778176
2021-07-28,-0.004531972476295665,0.009072651824210132,-0.004918579083388441,0.007897584431227456,-0.005197574640147917,0.007356870544471095,-0.004531972476295665,0.00907265182420991,-0.004918579083388552,0.007897584431227456,-0.005197574640147695,0.007356870544471095,-0.004531972476295776,0.00907265182420991,-0.004918579083388552,0.007897584431227678,-0.005197574640147806,0.007356870544471317,0.0031908104658582293
2021-07-29,0.03224404551924387,0.025249934843550426,0.031648431482548034,0.02379605743083779,0.031314873179310476,0.022858330993020815,0.03224404551924387,0.025249934843550648,0.03164843148254781,0.02379605743083779,0.03131487317931003,0.02285833099302037,0.03224404551924409,0.025249934843550204,0.03164843148254781,0.023796057430838014,0.031314873179310254,0.022858330993020815,0.0012722646310434627
2021-07-30,-0.01697745310536003,-0.018898133925923988,-0.016300013100915778,-0.017295206312712197,-0.015678223035234584,-0.01634285589204809,-0.01697745310536003,-0.0188981339259241,-0.016300013100915556,-0.017295206312712197,-0.015678223035234584,-0.01634285589204776,-0.01697745310536014,-0.018898133925923877,-0.016300013100915556,-0.01729520631271242,-0.015678223035234806,-0.016342855892048203,-0.0050825921219822545
2021-08-02,0.01722418569759343,0.01599545384784573,0.016607341652761454,0.015257608501647812,0.016064768113826622,0.014661599124409896,0.017224185697593652,0.01599545384784573,0.01660734165276123,0.015257608501647812,0.016064768113826178,0.014661599124409452,0.017224185697593652,0.01599545384784551,0.01660734165276123,0.015257608501648035,0.016064768113826178,0.014661599124410118,0.01532567049808442
2021-08-03,0.005567163223100691,-0.005496362971621815,0.005829583464461496,-0.005471638060711159,0.006018533264005477,-0.005483353307163208,0.005567163223100691,-0.005496362971621815,0.005829583464461274,-0.005471638060711159,0.006018533264005477,-0.005483353307162986,0.005567163223100691,-0.005496362971621704,0.005829583464461496,-0.005471638060711159,0.006018533264005477,-0.005483353307163208,0.0012578616352201255
2021-08-04,-0.000935161082850966,0.010497078336597632,-0.0011242323469260462,0.010387521453096182,-0.0013381609424241159,0.010246928791173948,-0.0009351610828512991,0.010497078336597854,-0.0011242323469260462,0.010387521453096404,-0.001338160942424227,0.010246928791173726,-0.000935161082851188,0.010497078336597632,-0.0011242323469260462,0.010387521453096404,-0.001338160942424227,0.010246928791173948,0.005025125628140836
2021-08-05,-0.007163973600007756,-0.0006560522995519014,-0.006892376268760381,0.0002936926666339268,-0.006745498508024084,0.0008208667413971416,-0.007163973600007645,-0.0006560522995520124,-0.006892376268760159,0.00029369266663370475,-0.006745498508023862,0.0008208667413966975,-0.007163973600007756,-0.0006560522995519014,-0.006892376268760381,0.00029369266663370475,-0.006745498508023862,0.0008208667413971416,-0.0006249999999999867
2021-08-06,0.0035611906057244624,0.00910563580304613,0.0034536217289360405,0.008597569726861654,0.0032966024701743812,0.008313447395908335,0.0035611906057244624,0.009105635803046352,0.0034536217289358184,0.008597569726861654,0.0032966024701743812,0.008313447395908558,0.0035611906057244624,0.00910563580304613,0.0034536217289358184,0.008597569726861876,0.0032966024701743812,0.008313447395908558,-0.0018761726078799779
2021-08-09,0.0005128326794943128,-0.007402035085681269,0.00030939019844544724,-0.007565920523314729,0.00041686647618943695,-0.007726107494951284,0.0005128326794943128,-0.007402035085681269,0.00030939019844544724,-0.007565920523314951,0.000416866476189659,-0.007726107494951284,0.0005128326794945348,-0.007402035085681269,0.00030939019844544724,-0.007565920523314951,0.000416866476189659,-0.007726107494951506,-0.001879699248120148
2021-08-10,-0.017857230178693673,-0.005813946428864347,-0.017962557631694742,-0.005546407459787295,-0.01806203164027842,-0.005344244470437687,-0.017857230178693784,-0.005813946428864458,-0.01796255763169452,-0.005546407459787073,-0.01806203164027842,-0.005344244470437798,-0.017857230178693784,-0.005813946428864236,-0.017962557631694742,-0.005546407459787073,-0.01806203164027853,-0.005344244470437798,-0.006905210295040987
2021-08-11,-0.0005961717453827342,-0.011169424250095483,-0.0001992111451750711,-0.010499628320034926,-3.737743802867399e-05,-0.009994297774276961,-0.0005961717453825122,-0.011169424250095594,-0.00019921114517518212,-0.010499628320035037,-3.737743802867399e-05,-0.00999429777427674,-0.0005961717453825122,-0.011169424250095483,-0.00019921114517518212,-0.01049962832003526,-3.737743802856297e-05,-0.009994297774276961,-0.0012642225031604948
2021-08-12,0.010210346497116385,0.025574224757732633,0.009718624795279407,0.009115157903734072,0.009707692178642757,0.008717639582026093,0.009877141339942108,0.024462284898562947,0.009718624795279407,0.009115157903734072,0.009707692178642535,0.008717639582026315,0.009377333604181803,0.022800592467370873,0.009718624795279629,0.009115157903734517,0.009707692178642313,0.008717639582026315,-0.0031645569620253333
2021-08-13,-0.013063084119373958,-0.04429886765252444,-0.013988881128551012,-0.045353829190372785,-0.01390852666927711,-0.02465704822768988,-0.013063084119373736,-0.044298867652523555,-0.014327932746870053,-0.046411969339420156,-0.013908526669277,-0.02465704822768977,-0.01306308411937418,-0.04429886765252389,-0.014836510174347839,-0.047993263023886845,-0.013908526669276777,-0.024657048227690104,-0.008253968253968291
2021-08-16,-0.014409232320066412,-0.011613822593798062,-0.014513570821971356,-0.011325335640735013,-0.013342331526492668,-0.014816151763216157,-0.01440923232006619,-0.01161382259379784,-0.014513570821971467,-0.011325335640735124,-0.013711154457551555,-0.01592426640868605,-0.014409232320066523,-0.011613822593798062,-0.014513570821971133,-0.011325335640735235,-0.014263698691469373,-0.017580242407824853,-0.003841229193341844
2021-08-17,-0.01608199962375456,-0.04102825294624979,-0.015784967209793832,-0.04126895385666973,-0.01607637848841814,-0.041583523151062285,-0.01608199962375423,-0.04102825294624868,-0.015784967209793832,-0.041268953856669954,-0.01607637848841792,-0.04158352315106151,-0.01608199962375456,-0.04102825294624912,-0.01578496720979372,-0.041268953856670176,-0.01607637848841814,-0.04158352315106162,-0.007712082262210762
2021-08-18,0.026967219028698697,0.059731031963070835,0.026655595512933283,0.05922482256657613,0.02719161023745409,0.058868550196050196,0.026967219028698253,0.05973103196306928,0.026655595512933727,0.059224822566576574,0.02719161023745409,0.05886855019604953,0.026967219028698697,0.05973103196306995,0.026655595512933283,0.059224822566576796,0.027191610237453867,0.05886855019604975,0.006476683937823857
2021-08-19,-0.0308709952825017,-0.05406393775987828,-0.030630773666610156,-0.053685049182019884,-0.030762499659445552,-0.05360169904768175,-0.030870995282501368,-0.054063937759876945,-0.030630773666610822,-0.05368504918202044,-0.03076249965944544,-0.053601699047681195,-0.0308709952825017,-0.05406393775987728,-0.03063077366661049,-0.05368504918202066,-0.030762499659444997,-0.05360169904768142,-0.022522522522522515
2021-08-20,0.011244919583889512,0.03717193045970757,0.011119876688980623,0.03687721781092712,0.011322494199768718,0.036962164458326674,0.011244919583889512,0.03717193045970668,0.011119876688981067,0.03687721781092779,0.011322494199768496,0.03696216445832623,0.011244919583889734,0.0371719304597069,0.011119876688981067,0.03687721781092801,0.011322494199768274,0.03696216445832645,-0.009874917709019049
2021-08-23,0.03438798388069664,0.06814664745269727,0.034284038462920385,0.06799282674042018,0.034486517980615305,0.0679317454622379,0.034387983880696193,0.0681466474526955,0.03428403846292061,0.0679928267404204,0.03448651798061508,0.06793174546223679,0.03438798388069686,0.06814664745269616,0.03428403846291972,0.06799282674042084,0.03448651798061464,0.06793174546223679,0.024601063829787106
2021-08-24,-0.0022618259141303776,-0.01541309215103348,-0.0021657054788837282,-0.015241253019272927,-0.0024213246408535394,-0.015072929433793014,-0.0022618259141302666,-0.015413092151033259,-0.002165705478883617,-0.015241253019272927,-0.0024213246408536504,-0.015072929433792681,-0.0022618259141304886,-0.01541309215103348,-0.002165705478883617,-0.015241253019273038,-0.0024213246408533173,-0.015072929433792681,0.00454250486696961
2021-08-25,0.012282748049914582,0.03197193973605672,0.01215365401422952,0.031677603065630056,0.012415652196551719,0.03163999685383767,0.012282748049914138,0.031971939736056276,0.01215365401422952,0.0316776030656305,0.012415652196551497,0.03163999685383723,0.012282748049914582,0.03197193973605672,0.012153654014229298,0.03167760306563072,0.012415652196551274,0.03163999685383723,0.012273901808785403
2021-08-26,0.0018378636053235642,0.013054312189387796,0.0018889692710151174,0.01336560281020338,0.0016316087234038434,0.013180074918171192,0.0018378636053235642,0.013054312189387574,0.0018889692710151174,0.01336560281020338,0.0016316087234040655,0.013180074918171192,0.0018378636053233421,0.013054312189387574,0.0018889692710153394,0.013365602810203603,0.0016316087234040655,0.013180074918171192,0.0051052967453733
2021-08-27,0.01683730051679433,0.010036744545753873,0.016874793443567793,0.01036127788208474,0.01685094383588681,0.010665971175454647,0.016837300516794107,0.01003674454575365,0.016874793443568015,0.01036127788208474,0.01685094383588659,0.010665971175454203,0.01683730051679455,0.010036744545753873,0.016874793443567793,0.01036127788208474,0.016850943835886367,0.010665971175454425,0.00952380952380949
2021-08-30,0.016202375723180173,0.017162982276978322,0.016250994770158345,0.017808090852745595,0.01619181283926996,0.01810846289329704,0.016202375723180173,0.01716298227697788,0.01625099477015901,0.017808090852745817,0.01619181283926996,0.018108462893296817,0.01620237572317995,0.0171629822769781,0.016250994770158345,0.017808090852745817,0.01619181283926996,0.018108462893296817,0.008176100628930927
2021-08-31,-0.0014583011825993752,-0.013920717193395715,-0.001410702597938629,-0.013784870031883223,-0.0015617529323322943,-0.013797213582905643,-0.0014583011825995973,-0.013920717193395382,-0.001410702597938851,-0.013784870031883445,-0.0015617529323320722,-0.01379721358290531,-0.0014583011825992642,-0.013920717193395493,-0.001410702597938407,-0.013784870031883334,-0.0015617529323322943,-0.013797213582905421,0.008109794135994886
2021-09-01,-0.007217140049736059,-0.013824275419629162,-0.007084089727500742,-0.013189396944113141,-0.007018559989134032,-0.012622307471024774,-0.007217140049735726,-0.013824275419629273,-0.007084089727500742,-0.013189396944113141,-0.007018559989133921,-0.012622307471024552,-0.007217140049735837,-0.013824275419629273,-0.007084089727500853,-0.013189396944113252,-0.007018559989134032,-0.012622307471024663,0.0012376237623763497
2021-09-02,-0.006293479454948403,-0.0031041686257745615,-0.006290067746976491,-0.0033392247467827207,-0.006109395776286997,-0.003457924546478086,-0.006293479454948403,-0.0031041686257742285,-0.006290067746976602,-0.003339224746782943,-0.006109395776287108,-0.003457924546478308,-0.006293479454948736,-0.0031041686257743395,-0.00629006774697638,-0.003339224746782943,-0.006109395776287108,-0.003457924546478197,-0.008652657601977753
2021-09-03,0.01033831971804755,-0.002549113668333436,0.010369132429842054,-0.0023819194915444264,0.010493700776242232,-0.002258915589048116,0.01033831971804755,-0.002549113668333436,0.010369132429842054,-0.0023819194915442043,0.010493700776242232,-0.002258915589048116,0.010338319718047773,-0.002549113668333436,0.010369132429841832,-0.0023819194915442043,0.010493700776242454,-0.002258915589048005,0.012468827930174564
2021-09-06,-0.015945715172022923,-0.021221771416324198,-0.016128169004399617,-0.021217092664202686,-0.016257418894675135,-0.02106217100779817,-0.0159457151720227,-0.021221771416323643,-0.01612816900439995,-0.021217092664202686,-0.016257418894674913,-0.021062171007797614,-0.015945715172023256,-0.021221771416323976,-0.016128169004399506,-0.021217092664202797,-0.016257418894675024,-0.021062171007797947,0.004926108374384119
2021-09-07,0.007211869657410164,0.01562530335788992,0.007206331664895593,0.0155759948990295,0.007151794238243969,0.015116217679013388,0.007211869657410386,0.015625303357889475,0.007206331664895593,0.015575994899029277,0.007151794238243747,0.015116217679012944,0.007211869657410608,0.015625303357889697,0.007206331664895593,0.0155759948990295,0.007151794238243525,0.015116217679013388,-0.0042892156862744946
2021-09-08,-0.01732238604847114,-0.020990662679167493,-0.017278237732937463,-0.021019907179215425,-0.01747638802487761,-0.020961817264388394,-0.017322386048470917,-0.02099066267916705,-0.017278237732937463,-0.021019907179215536,-0.017476388024877387,-0.02096181726438806,-0.01732238604847136,-0.02099066267916727,-0.017278237732937463,-0.021019907179215536,-0.017476388024877165,-0.020961817264388283,-0.007384615384615323
2021-09-09,0.010738164289070928,-0.00010181215981730496,0.010091683601077595,-0.001172577757340254,0.010055218716410685,-0.0012988449738431385,0.009937989304152683,-0.0008992826231940532,0.010091683601077595,-0.001172577757340254,0.010055218716410907,-0.0012988449738432495,0.008738476241408666,-0.0020947414365817263,0.010091683601077373,-0.001172577757340476,0.010055218716410463,-0.0012988449738432495,-0.000619962802231977
2021-09-10,0.008322312030418333,0.022507374033488015,0.008920063507839693,0.01939483401233555,0.013752129170530258,0.03621458928850019,0.008322312030418333,0.022507374033487793,0.008119720944710362,0.018574296478373276,0.013752129170530258,0.036214589288499965,0.008322312030418333,0.022507374033487793,0.00692145133078248,0.017342720153469493,0.013752129170530036,0.036214589288499965,0.00992555831265518
2021-09-13,0.011488463340117328,-0.008603799561215375,0.01156379585684797,-0.00850216913762103,0.011593437058612155,-0.00795702017855815,0.01148846334011755,-0.008603799561215264,0.011563795856847747,-0.008502169137620696,0.010764184544448607,-0.008765480406934034,0.011488463340117328,-0.008603799561215375,0.01156379585684797,-0.00850216913762114,0.009521082420788307,-0.009978929439651285,-0.004299754299754377
2021-09-14,0.0009645514895402219,0.010365853537618763,0.0009873275050646946,0.009949657231700826,0.0010050327333912534,0.009665151539320682,0.0009645514895399998,0.010365853537618763,0.0009873275050644725,0.009949657231700604,0.0010050327333908093,0.009665151539320682,0.0009645514895402219,0.010365853537618763,0.0009873275050646946,0.009949657231700826,0.0010050327333910314,0.009665151539320904,0.0018507094386182033
2021-09-15,-0.004626537126243946,-0.006218799705922762,-0.0045670100534569436,-0.0060632849397342925,-0.004564877930980593,-0.006167525850662159,-0.004626537126243835,-0.006218799705922873,-0.0045670100534568325,-0.0060632849397342925,-0.004564877930980371,-0.00616752585066227,-0.004626537126243835,-0.006218799705922762,-0.0045670100534569436,-0.0060632849397345145,-0.004564877930980593,-0.00616752585066227,-0.007389162561576512
2021-09-16,-0.0012058076093839354,-0.004429862836426324,-0.0011916583855554608,-0.004471784263404777,-0.0011649889229938815,-0.004475610054524681,-0.0012058076093841574,-0.004429862836426102,-0.0011916583855554608,-0.004471784263404888,-0.0011649889229941035,-0.00447561005452457,-0.0012058076093840464,-0.004429862836426213,-0.0011916583855555718,-0.004471784263404888,-0.0011649889229937704,-0.004475610054524681,-0.001240694789081842
2021-09-17,-0.014619672755402213,0.010993757307300678,-0.014608860624202857,0.011044922536871171,-0.014579324839974483,0.010956216994050028,-0.014619672755402102,0.010993757307300678,-0.014608860624202746,0.01104492253687095,-0.014579324839974483,0.010956216994050028,-0.014619672755402102,0.010993757307300456,-0.014608860624202857,0.011044922536871393,-0.014579324839974483,0.010956216994050028,0.0006211180124222615
2021-09-22,-0.024088234129170716,-0.007569560601871861,-0.02400487773331972,-0.0076212551184725585,-0.02398776784290857,-0.007544260556785698,-0.024088234129170827,-0.007569560601871861,-0.024004877733319385,-0.007621255118472003,-0.02398776784290846,-0.007544260556785587,-0.024088234129170605,-0.00756956060187175,-0.02400487773331983,-0.0076212551184724475,-0.02398776784290857,-0.007544260556785476,-0.021725636250775948
2021-09-23,0.005988137472673349,0.026632735281765907,0.005967867923410974,0.026308770388748126,0.005981193111687988,0.025751748446171563,0.005988137472673349,0.026632735281765463,0.005967867923410974,0.02630877038874746,0.005981193111687988,0.02575174844617134,0.005988137472673127,0.026632735281765463,0.005967867923411196,0.02630877038874857,0.005981193111687766,0.025751748446171563,0.0076142131979697325
2021-09-24,0.0036869498973386428,0.01952146370804453,0.0036447969463508922,0.019438720895427197,0.0036368435247193798,0.01928066313226151,0.003686949897338865,0.019521463708044307,0.0036447969463508922,0.019438720895427197,0.0036368435247191577,0.019280663132261067,0.0036869498973386428,0.019521463708044084,0.0036447969463508922,0.01943872089542742,0.0036368435247191577,0.01928066313226151,0.010075566750629594
2021-09-27,-0.005180118912715526,-0.007895105224282717,-0.005079085225342839,-0.007945894732855341,-0.005103265009826163,-0.007943322377400586,-0.005180118912715526,-0.007895105224282606,-0.005079085225342839,-0.007945894732855563,-0.005103265009826163,-0.007943322377400364,-0.005180118912715526,-0.007895105224282495,-0.005079085225342839,-0.007945894732855674,-0.005103265009826274,-0.007943322377400475,0.0024937655860348684
2021-09-28,-0.003650337574639728,-0.009460979104898404,-0.0035999442208481947,-0.009469298545141891,-0.0035892580987151312,-0.009380334524603962,-0.003650337574639617,-0.009460979104898182,-0.0035999442208483057,-0.009469298545141558,-0.0035892580987150202,-0.009380334524603962,-0.003650337574639617,-0.009460979104898182,-0.0035999442208481947,-0.009469298545141891,-0.003589258098714798,-0.009380334524604184,-0.006218905472636815
2021-09-29,-0.019429692907088625,-0.03668347514509496,-0.01931342026075833,-0.0362141381538722,-0.019312676778053706,-0.03578881706236714,-0.019429692907088847,-0.0366834751450944,-0.019313420260757996,-0.03621413815387198,-0.019312676778053706,-0.035788817062366585,-0.019429692907088292,-0.0366834751450944,-0.01931342026075833,-0.03621413815387298,-0.019312676778053928,-0.03578881706236714,-0.016270337922403177
2021-09-30,0.010819056237594937,0.012362913396346542,0.010726337527762642,0.012218004087235945,0.01069612211438109,0.011876451465068216,0.01081905623759516,0.01236291339634632,0.01072633752776242,0.012218004087236167,0.01069612211438109,0.011876451465067994,0.010819056237594715,0.01236291339634632,0.010726337527762642,0.01221800408723639,0.01069612211438109,0.011876451465068216,-0.0006361323155216203
2021-10-01,-0.018918329623854424,-0.02448395316623797,-0.01884400088622773,-0.024606200645330256,-0.01884655988529005,-0.024341739266251494,-0.018918329623854535,-0.02448395316623775,-0.018844000886227286,-0.024606200645330034,-0.01884655988529005,-0.024341739266251272,-0.018918329623854313,-0.024483953166237638,-0.01884400088622762,-0.02460620064533059,-0.018846559885289937,-0.024341739266251494,-0.01400381922342453
2021-10-04,-0.015415107261503525,-0.018981204475716607,-0.015305686799233387,-0.019235527202889346,-0.01528439170032403,-0.019468725097573025,-0.015415107261503525,-0.01898120447571605,-0.015305686799233165,-0.019235527202889235,-0.015284391700324362,-0.019468725097572914,-0.015415107261503302,-0.01898120447571605,-0.015305686799233498,-0.01923552720288968,-0.015284391700324251,-0.019468725097573247,-0.009683666881859287
2021-10-05,0.0017271610523077463,0.017792262077050536,0.001680649611368601,0.017726788612882904,0.0016688310914123594,0.017590721559538114,0.0017271610523075243,0.01779226207705009,0.0016806496113683789,0.017726788612882904,0.0016688310914123594,0.017590721559538114,0.0017271610523075243,0.01779226207705009,0.001680649611368601,0.01772678861288335,0.0016688310914121374,0.017590721559538336,-0.003911342894393655
2021-10-06,-0.005999460727319383,-0.020942056166422973,-0.005867962329238474,-0.02089164790117415,-0.005871513102260195,-0.02060469034100154,-0.005999460727319383,-0.02094205616642253,-0.005867962329238363,-0.020891647901173926,-0.005871513102259973,-0.02060469034100143,-0.005999460727319383,-0.02094205616642264,-0.005867962329238363,-0.02089164790117448,-0.005871513102260195,-0.02060469034100154,-0.0006544502617802372
2021-10-07,0.014178383961103602,0.04306461596841138,0.014069133209617002,0.042601689389771824,0.01409403320780478,0.0417207873431078,0.014178383961104046,0.04306461596841071,0.01406913320961678,0.04260168938977138,0.014094033207805001,0.04172078734310736,0.014178383961103602,0.04306461596841071,0.014069133209617002,0.04260168938977249,0.014094033207805001,0.0417207873431078,0.018336607727570398
2021-10-08,-0.002944026799189925,0.011144209754410106,-0.0028806386420372476,0.010916704392657683,-0.002806584126875955,0.010687702711105418,-0.002944026799190258,0.011144209754410106,-0.0028806386420370256,0.010916704392657461,-0.002806584126876399,0.010687702711105196,-0.002944026799189814,0.011144209754409884,-0.0028806386420372476,0.010916704392657683,-0.002806584126876288,0.010687702711105418,-0.006430868167202619
2021-10-12,-0.011593481390067883,-0.010570775234119534,-0.012912079404421739,0.003667258081602842,-0.01292916545053413,0.003067697867410457,-0.012604484050727005,-0.012574804813974438,-0.012912079404421628,0.003667258081603064,-0.01292916545053402,0.003067697867410235,-0.01412004117358956,-0.015575229708987615,-0.012912079404421517,0.003667258081603064,-0.01292916545053413,0.003067697867410457,-0.009708737864077666
2021-10-13,-0.007420541375586787,-0.03423156180765552,-0.007696223130354007,-0.03538609653592495,-0.01835760765177208,-0.02732480025704731,-0.007420541375586787,-0.03423156180765585,-0.008733176619158511,-0.03733406786523852,-0.018357607651771746,-0.027324800257046866,-0.007420541375586787,-0.034231561807655964,-0.010287635679642304,-0.040250562576692794,-0.018357607651771968,-0.02732480025704742,-0.004575163398692683
2021-10-14,-0.0007836810826954421,-0.004223538181419406,-0.000783149804220562,-0.004011950875733583,-0.0009664745566551058,-0.008927464122868711,-0.0007836810826953311,-0.004223538181419295,-0.000783149804220451,-0.004011950875733583,-0.002001650830917634,-0.010897476264473682,-0.0007836810826953311,-0.004223538181419295,-0.000783149804220229,-0.004011950875733694,-0.0035534457340619108,-0.013846970389993274,0.001969796454366346
2021-10-15,0.014047795488792758,0.024308379636238442,0.014116711171706653,0.024520726989080144,0.01418347514020879,0.024652719185505934,0.014047795488792314,0.024308379636238442,0.01411671117170643,0.024520726989079922,0.014183475140209012,0.024652719185506156,0.014047795488792536,0.024308379636238664,0.01411671117170643,0.024520726989079922,0.01418347514020879,0.024652719185506156,0.026867627785059023
2021-10-18,0.00397482355756984,0.01485651528437204,0.003899370149108128,0.014350945549433947,0.0038679351238493087,0.014819113008318174,0.00397482355756984,0.014856515284372263,0.00389937014910835,0.014350945549433947,0.0038679351238490867,0.014819113008317952,0.00397482355756984,0.014856515284372263,0.00389937014910835,0.014350945549434169,0.0038679351238493087,0.014819113008318174,-0.0038289725590299195
2021-10-19,0.0034994241830370587,0.032350672312493334,0.0035807754684231696,0.03215718828038461,0.0036208216644055824,0.03298925973105682,0.0034994241830368367,0.03235067231249378,0.0035807754684233917,0.032157188280384164,0.0036208216644058044,0.03298925973105726,0.0034994241830370587,0.03235067231249378,0.0035807754684233917,0.03215718828038461,0.0036208216644055824,0.03298925973105682,0.0076873798846894825
2021-10-20,-0.002096157082240091,0.00415142828147963,-0.0020831454891198087,0.0041704065306855664,-0.002101664590115848,0.004363773022563189,-0.00209615708223998,0.004151428281479408,-0.0020831454891198087,0.0041704065306855664,-0.0021016645901161812,0.004363773022563411,-0.002096157082240091,0.00415142828147963,-0.0020831454891200307,0.0041704065306855664,-0.002101664590115959,0.004363773022563411,-0.0012714558169104606
2021-10-21,0.0012504837235221,0.0019004719902648848,0.0012480719474556867,0.0016946661535093277,0.001232555877718422,0.001289256550242035,0.001250483723521878,0.0019004719902651068,0.0012480719474556867,0.0016946661535093277,0.001232555877718866,0.001289256550241813,0.001250483723521878,0.0019004719902648848,0.0012480719474559088,0.0016946661535091057,0.001232555877718422,0.001289256550242035,-0.0025461489497136114
2021-10-22,-0.0012975511285714392,0.0008950597553696316,-0.0012970416636967075,0.0012353981543602455,-0.0012909382173785788,0.0010393920824760539,-0.001297551128570995,0.0008950597553698536,-0.0012970416636969295,0.0012353981543602455,-0.0012909382173786899,0.001039392082476276,-0.0012975511285712171,0.0008950597553698536,-0.0012970416636970405,0.0012353981543604675,-0.0012909382173786899,0.0010393920824760539,0.0012763241863433805
2021-10-25,0.004768068045446494,0.0063607848180184945,0.004829946074301095,0.006341613240246291,0.004862906017585322,0.006547184116561411,0.004768068045446272,0.0063607848180182724,0.004829946074301317,0.006341613240246291,0.004862906017585322,0.006547184116561411,0.004768068045446494,0.0063607848180184945,0.004829946074301317,0.006341613240246291,0.004862906017585322,0.006547184116561411,-0.0019120458891014325
2021-10-26,0.009042335764913867,0.001662277993645933,0.009136778315528948,0.0016696862736478302,0.009163421372263558,0.0014703895320984373,0.009042335764913645,0.0016622779936461551,0.009136778315528948,0.0016696862736478302,0.009163421372263336,0.0014703895320982152,0.009042335764913645,0.0016622779936461551,0.00913677831552917,0.0016696862736480522,0.009163421372263558,0.0014703895320984373,0.008939974457215838
2021-10-27,0.00987736994826549,0.04648723051985937,0.01011342720415409,0.04621864073797588,0.010196201177531838,0.046718513632028946,0.009877369948265047,0.04648723051985981,0.010113427204153869,0.04621864073797566,0.01019620117753206,0.04671851363202939,0.009877369948265047,0.046487230519860034,0.010113427204153869,0.0462186407379761,0.01019620117753206,0.04671851363202917,0.0
2021-10-28,-0.005802741244034126,-0.01880491538012996,-0.005899570908104668,-0.018767200517152527,-0.005961207706727589,-0.01877838982496316,-0.005802741244034015,-0.01880491538013007,-0.005899570908104557,-0.018767200517152527,-0.005961207706727811,-0.01877838982496327,-0.005802741244033793,-0.01880491538013007,-0.005899570908104446,-0.01876720051715286,-0.005961207706727811,-0.01877838982496327,-0.0025316455696202667
2021-10-29,-0.007622059386665825,0.008483715437644257,-0.007681510631785238,0.008653528632819985,-0.007729323187151471,0.008505227457158426,-0.007622059386665603,0.008483715437644257,-0.007681510631785127,0.008653528632819985,-0.007729323187151471,0.008505227457158426,-0.007622059386666047,0.008483715437644257,-0.007681510631785238,0.008653528632820429,-0.00772932318715136,0.008505227457158204,-0.008248730964466877
2021-11-01,0.0018681457400773205,0.028842170455040783,0.001955118099522535,0.029060815788853445,0.001956708015664832,0.02866924777124691,0.0018681457400770984,0.028842170455040783,0.0019551180995223127,0.029060815788853445,0.001956708015664832,0.028669247771246686,0.0018681457400773205,0.028842170455041227,0.0019551180995223127,0.029060815788853223,0.00195670801566461,0.02866924777124713,0.0038387715930900956
2021-11-02,-0.0006465500295825821,-0.001316659660297037,-0.0006351317648782828,-0.0012254304137129246,-0.0006003892770873875,-0.0013391715326886988,-0.0006465500295825821,-0.001316659660297037,-0.0006351317648781718,-0.0012254304137131466,-0.0006003892770872765,-0.0013391715326885878,-0.0006465500295825821,-0.001316659660297148,-0.0006351317648780608,-0.0012254304137129246,-0.0006003892770872765,-0.0013391715326886988,-0.0006373486297004405
2021-11-03,-0.0025091501579393993,0.0053466427931543326,-0.0025645260961163485,0.00507566667665893,-0.002567733481317225,0.005469464199825413,-0.0025091501579392883,0.005346642793154777,-0.0025645260961164595,0.005075666676659152,-0.002567733481317225,0.0054694641998256355,-0.0025091501579391773,0.005346642793154777,-0.0025645260961164595,0.005075666676659152,-0.002567733481317336,0.005469464199825413,0.0031887755102040227
2021-11-04,-0.0015322729554571035,-0.00048358595033382024,-0.0015887125125911838,-0.0006129202179995241,-0.001610612834281988,-0.0004033142811259438,-0.0015322729554572145,-0.0004835859503340423,-0.0015887125125912949,-0.0006129202179995241,-0.0016106128342820991,-0.00040331428112616585,-0.0015322729554569925,-0.0004835859503340423,-0.0015887125125912949,-0.0006129202179997462,-0.001610612834281877,-0.0004033142811259438,-0.0031786395422759295
2021-11-05,0.00770146496157853,0.031116885856322662,0.007798238893702125,0.031206145173712674,0.007853549406319882,0.0312147245054617,0.007701464961578308,0.031116885856322662,0.007798238893702347,0.031206145173712674,0.00785354940631966,0.03121472450546192,0.007701464961578308,0.031116885856322885,0.007798238893702347,0.031206145173712896,0.007853549406319882,0.0312147245054617,0.012755102040816313
2021-11-08,0.0038935705947176213,-0.019029245767820835,0.003927972257234291,-0.018987847596255936,0.003982807682252565,-0.019122579650188598,0.0038935705947173993,-0.019029245767820835,0.003927972257234291,-0.018987847596255825,0.003982807682252787,-0.019122579650188598,0.0038935705947173993,-0.019029245767820946,0.003927972257234291,-0.018987847596255825,0.003982807682252787,-0.019122579650188598,0.008186397984886629
2021-11-09,-0.004711022322385738,-0.001676175845919059,0.000971944863781049,0.0016526294122229945,0.0009848489746109301,0.0018252579311603956,-0.005490217327031588,-0.0029757541871984206,0.000971944863781049,0.0016526294122229945,0.0009848489746109301,0.0018252579311606176,-0.006657551759515434,-0.004923621131360134,0.000971944863780827,0.0016526294122227725,0.000984848974610708,0.0018252579311603956,0.008744534665833914
2021-11-10,-0.0016326133064191728,0.0009252354362381254,-0.003351792229392192,-0.0034251371423765775,-0.004320286978747645,0.0040410279110028036,-0.0016326133064190618,0.0009252354362381254,-0.0041404545930295855,-0.004745237577110983,-0.004320286978747534,0.0040410279110028036,-0.0016326133064189507,0.0009252354362381254,-0.005321972348133919,-0.006720457575198013,-0.004320286978747534,0.0040410279110028036,-0.003095975232198178
2021-11-11,0.00011165744330332572,0.00785228876296662,9.495962933336877e-05,0.007902022650585039,0.0026569280798933725,0.006922228261600605,0.00011165744330310368,0.007852288762967063,9.495962933359081e-05,0.007902022650584817,0.0018664717026317668,0.005576399872299298,0.00011165744330288163,0.007852288762967063,9.495962933336877e-05,0.007902022650584817,0.000682266284151023,0.0035601756797944972,-0.008074534161490732
2021-11-12,0.01059119297423039,0.010287610347584186,0.010548372374888926,0.010161308012248682,0.010306039221024577,0.009952544817791287,0.010591192974230612,0.010287610347584186,0.010548372374888926,0.010161308012248904,0.010306039221024577,0.009952544817791287,0.010591192974230612,0.010287610347584408,0.010548372374888926,0.010161308012248682,0.010306039221024355,0.009952544817791509,0.004383218534752764
2021-11-15,-0.001218859013022322,-0.014367336365802341,-0.0012815913709831595,-0.0143667231780098,-0.0012458750632799998,-0.014267473167598688,-0.001218859013022322,-0.014367336365802785,-0.0012815913709829374,-0.01436672317800991,-0.0012458750632798887,-0.014267473167598688,-0.0012188590130221,-0.014367336365802785,-0.0012815913709829374,-0.01436672317800991,-0.0012458750632798887,-0.014267473167598688,0.008728179551122262
2021-11-16,0.005090692326934043,0.010771512857672638,0.005102915828191001,0.010788857474514968,0.005191682129316755,0.011026340729903161,0.005090692326934043,0.010771512857673082,0.005102915828190779,0.01078885747451519,0.005191682129316755,0.011026340729903161,0.005090692326933821,0.01077151285767286,0.005102915828191001,0.010788857474514968,0.005191682129316977,0.01102634072990294,-0.016687268232385755
2021-11-17,0.025424293365179373,0.0094998531146131,0.025343142538752472,0.009497115627852049,0.025234654658319977,0.00962349361822512,0.025424293365179373,0.009499853114613321,0.025343142538752694,0.009497115627852049,0.025234654658320643,0.00962349361822512,0.025424293365179373,0.009499853114613321,0.02534314253875225,0.009497115627852049,0.0252346546583202,0.009623493618225343,0.0018856065367693908
2021-11-18,-7.391532469336326e-05,0.0062263563876194805,-0.00010520684777604039,0.006311914694657972,-3.301860134075074e-05,0.006570324628762725,-7.391532469314122e-05,0.006226356387619925,-0.00010520684777615141,0.006311914694657972,-3.301860134108381e-05,0.006570324628762725,-7.391532469325224e-05,0.006226356387619925,-0.00010520684777592937,0.006311914694657972,-3.3018601340972786e-05,0.006570324628762503,0.006273525721455453
2021-11-19,-0.005890448351748345,0.0069812571116649735,-0.0058558458124459145,0.007038553710235762,-0.005863743394114218,0.007123786314519265,-0.005890448351748345,0.0069812571116649735,-0.0058558458124458035,0.007038553710235984,-0.005863743394114107,0.007123786314519265,-0.005890448351748456,0.0069812571116649735,-0.0058558458124460255,0.007038553710235984,-0.005863743394114218,0.007123786314519487,0.0031172069825435855
2021-11-22,-0.004057142991343854,0.0007541805035160554,-0.0040202205687284165,0.0008246372037765681,-0.003984289754519921,0.0008203909115236385,-0.004057142991344076,0.0007541805035160554,-0.0040202205687285275,0.0008246372037765681,-0.003984289754520143,0.0008203909115236385,-0.004057142991343854,0.0007541805035160554,-0.0040202205687283055,0.0008246372037765681,-0.003984289754520032,0.0008203909115236385,-0.0018645121193288094
2021-11-23,-0.007794243029643155,-0.02584481988443954,-0.007829795834379816,-0.025793138718800956,-0.007994677508405101,-0.025908433132763142,-0.007794243029643155,-0.025844819884440207,-0.007829795834379927,-0.025793138718800845,-0.007994677508405212,-0.025908433132763142,-0.007794243029643266,-0.025844819884440096,-0.007829795834379927,-0.025793138718800956,-0.00799467750840488,-0.025908433132763142,-0.008094645080946372
2021-11-24,0.0007182817491953042,-0.0110638970399356,0.0007102798623899176,-0.011066323541543688,0.0006409815300540966,-0.011228264979694313,0.0007182817491953042,-0.011063897039936044,0.0007102798623901396,-0.011066323541543688,0.0006409815300538746,-0.011228264979694536,0.0007182817491953042,-0.01106389703993571,0.0007102798623899176,-0.011066323541543577,0.0006409815300538746,-0.011228264979694758,-0.005021971123666091
2021-11-25,0.005841994611781365,-0.006286357781524865,0.005846467665731048,-0.006368573094477359,0.005533743970471239,-0.006301651343882608,0.005841994611781365,-0.006286357781524976,0.005846467665730826,-0.006368573094477248,0.005533743970471683,-0.006301651343882386,0.005841994611781365,-0.006286357781525198,0.005846467665730826,-0.006368573094477359,0.005533743970471683,-0.006301651343882053,0.0
2021-11-26,-0.014130455110603513,-0.02342480720378015,-0.014090164555069284,-0.023431319176262067,-0.01399392270940536,-0.02351479669901113,-0.014130455110603846,-0.023424807203780817,-0.014090164555069173,-0.023431319176262067,-0.013993922709406026,-0.023514796699011242,-0.014130455110603624,-0.023424807203780484,-0.014090164555069062,-0.023431319176261955,-0.013993922709405693,-0.023514796699011242,-0.014511041009463765
2021-11-29,0.0007426876131104709,0.02693797646992424,0.0007960243332509886,0.027011623697843268,0.0007646260818530148,0.02713034027181327,0.000742687613110693,0.026937976469924907,0.0007960243332509886,0.027011623697843268,0.0007646260818530148,0.02713034027181349,0.0007426876131104709,0.026937976469924685,0.0007960243332509886,0.027011623697843268,0.0007646260818530148,0.02713034027181349,-0.003841229193341844
2021-11-30,0.02177434525299482,0.025639217510723622,0.02179867384784151,0.02554981733349937,0.021564058217871773,0.025258989709862734,0.02177434525299482,0.025639217510724288,0.021798673847841288,0.025549817333499147,0.02156405821787244,0.02525898970986251,0.021774345252994598,0.025639217510724066,0.021798673847841288,0.025549817333499147,0.021564058217872217,0.02525898970986251,0.0012853470437019787
2021-12-01,0.006445968737508911,-0.020004747809667323,0.006456560713746562,-0.01993609535201224,0.006675595075186225,-0.019818090975768143,0.0064459687375091335,-0.020004747809667656,0.006456560713746784,-0.01993609535201224,0.006675595075186447,-0.019818090975768143,0.006445968737508911,-0.020004747809667545,0.006456560713746562,-0.01993609535201213,0.006675595075186225,-0.019818090975768254,0.014120667522464547
2021-12-02,-0.007915134603539986,-0.00047099061253386143,-0.007926434854528042,-0.0005176740919210499,-0.007693713838434868,-0.0005114060955467847,-0.007915134603540097,-0.00047099061253386143,-0.007926434854528264,-0.0005176740919208278,-0.00769371383843509,-0.0005114060955467847,-0.007915134603539875,-0.00047099061253386143,-0.007926434854528042,-0.0005176740919209388,-0.007693713838435201,-0.0005114060955467847,0.0113924050632912
2021-12-03,0.009819624799842108,0.014429978319440373,0.009832025585539528,0.014531415254768643,0.009796731679033055,0.014454599436490856,0.009819624799841886,0.014429978319440817,0.009832025585539306,0.01453141525476842,0.009796731679033277,0.014454599436491078,0.009819624799842108,0.014429978319440817,0.009832025585539306,0.01453141525476842,0.009796731679033499,0.014454599436491078,-0.0006257822277848657
2021-12-06,-0.0032858711241848804,-0.024353231124310093,-0.003332387820212168,-0.02436654650029746,-0.0035049298272824547,-0.024287250109538916,-0.0032858711241847693,-0.02435323112431098,-0.003332387820211835,-0.024366546500297126,-0.0035049298272826768,-0.024287250109539027,-0.0032858711241848804,-0.02435323112431076,-0.003332387820211946,-0.024366546500297348,-0.0035049298272826768,-0.024287250109538916,-0.0012523481527864089
2021-12-07,-8.09129792437302e-05,-0.007431054059388376,0.002036495405749461,-0.0014820350431048457,0.0020360056082899813,-0.0014271491549887605,-0.0008831531908026768,-0.00814931038548694,0.002036495405749017,-0.0014820350431048457,0.0020360056082899813,-0.0014271491549889825,-0.002085762159292015,-0.009224012144333882,0.002036495405749239,-0.0014820350431049567,0.0020360056082899813,-0.0014271491549890936,0.0025078369905957576
2021-12-08,0.005339599745731283,0.027645857301390464,0.005005593724942914,0.022330669906777123,0.004547919005669865,0.017606132336409175,0.005339599745731061,0.027645857301390242,0.004194524192105309,0.021546965107016813,0.004547919005670087,0.017606132336409397,0.005339599745731283,0.02764585730139002,0.002978679510917237,0.020374335091639217,0.004547919005670087,0.01760613233640962,0.0031269543464664817
2021-12-09,-0.002294604402774514,-0.002393883444121836,-0.002288362606085226,-0.0021760259999646925,-0.004810243853911822,-0.00734998607655879,-0.002294604402774847,-0.002393883444121836,-0.0022883626060851148,-0.0021760259999646925,-0.00560484441765885,-0.008095631793124447,-0.002294604402774847,-0.002393883444121725,-0.0022883626060851148,-0.0021760259999644704,-0.006794517133582145,-0.009211315336659864,0.0006234413965087171
2021-12-10,-0.00018738899546955068,-0.0035828626848857237,-0.0001741937109935865,-0.004222307117922153,-0.00025552611238655043,-0.00452683561056666,-0.00018738899546943966,-0.0035828626848857237,-0.00017419371099369751,-0.004222307117922264,-0.00025552611238666145,-0.00452683561056666,-0.00018738899546955068,-0.0035828626848856127,-0.00017419371099369751,-0.004222307117922153,-0.00025552611238666145,-0.004526835610566549,-0.0031152647975077885
2021-12-13,-0.0013597582427169463,0.030862750122403027,-0.0013541079793398803,0.030759037203372808,-0.0013792435621758914,0.030222868124763602,-0.0013597582427169463,0.030862750122403027,-0.0013541079793398803,0.030759037203373696,-0.0013792435621758914,0.030222868124764046,-0.0013597582427170574,0.030862750122402804,-0.0013541079793398803,0.03075903720337303,-0.0013792435621757804,0.030222868124763824,-0.00374999999999992
2021-12-14,-0.007825318356595501,-0.0411613422509417,-0.007829258041996301,-0.04136801856883998,-0.007797666082838162,-0.04137579595876639,-0.007825318356595612,-0.04116134225094148,-0.00782925804199619,-0.04136801856884098,-0.007797666082838273,-0.04137579595876706,-0.007825318356595612,-0.041161342250941035,-0.007829258041996079,-0.041368018568840426,-0.007797666082838051,-0.041375795958766726,-0.008782936010037656
2021-12-15,0.004129094217573126,0.02635545816691698,0.004197602633290165,0.02660912191023934,0.0041553858539713495,0.02683005684461448,0.004129094217573126,0.026355458166916312,0.004197602633290165,0.026609121910239786,0.0041553858539713495,0.026830056844614703,0.004129094217573126,0.02635545816691609,0.004197602633290165,0.026609121910239564,0.0041553858539711275,0.026830056844614925,0.0
2021-12-16,0.019855709486888085,0.04026429362929318,0.019947895481345457,0.03995231268458577,0.019778941382353477,0.03927437771910225,0.019855709486888307,0.04026429362929318,0.019947895481345457,0.03995231268458688,0.019778941382354143,0.03927437771910314,0.01985570948688875,0.04026429362929296,0.019947895481345235,0.03995231268458643,0.019778941382353477,0.039274377719102915,0.012025316455696267
2021-12-17,-0.013204381456132674,-0.0062443593379371,-0.013334220971725763,-0.006369189761060268,-0.013217918181125055,-0.0065921605426422225,-0.013204381456132674,-0.006244359337936878,-0.013334220971725874,-0.006369189761060268,-0.013217918181125499,-0.0065921605426423335,-0.013204381456132785,-0.006244359337936989,-0.01333422097172543,-0.006369189761060157,-0.013217918181124944,-0.0065921605426424446,0.0
2021-12-20,-0.010297044570762304,-0.027399435335713762,-0.010253731847498115,-0.027040865484059706,-0.010202017408485142,-0.02679649203933232,-0.010297044570762415,-0.02739943533571365,-0.010253731847498004,-0.02704086548406026,-0.010202017408485364,-0.026796492039332875,-0.010297044570762526,-0.02739943533571354,-0.010253731847498004,-0.02704086548406004,-0.010202017408485142,-0.026796492039332764,-0.008755472170106304
2021-12-21,0.012000387526287959,0.02207492017540691,0.011974769466488677,0.022120313798260627,0.011907277110842829,0.022024299862972052,0.012000387526287959,0.022074920175406687,0.011974769466488677,0.02212031379826107,0.01190727711084305,0.022024299862972496,0.012000387526288181,0.022074920175406465,0.011974769466488455,0.02212031379826085,0.011907277110842607,0.022024299862972496,0.007570977917980892
2021-12-22,0.0031192858095587805,0.022850085197180903,0.003122015193262051,0.0228392137515101,0.0031571410229302987,0.022682150909373755,0.0031192858095587805,0.02285008519718068,0.003122015193262051,0.022839213751510767,0.003157141022930743,0.0226821509093742,0.0031192858095587805,0.02285008519718068,0.003122015193262051,0.022839213751510545,0.003157141022930521,0.022682150909373755,0.001252348152786631
2021-12-23,0.008727407676635268,6.388379658872623e-05,0.008712952719915235,-2.9965752216254415e-06,0.00859920986818552,0.0003528799543779382,0.00872740767663549,6.388379658872623e-05,0.008712952719915235,-2.9965752216254415e-06,0.008599209868185298,0.00035287995437771613,0.00872740767663549,6.388379658872623e-05,0.008712952719915235,-2.9965752216254415e-06,0.008599209868185298,0.0003528799543779382,0.0056285178236397115
2021-12-24,0.006284454498567182,0.0007519148486130334,0.006238320366523498,0.00060787043798749,0.006242837875864993,0.0006093297650779927,0.0062844544985674045,0.0007519148486130334,0.006238320366523498,0.0006078704379872679,0.006242837875864993,0.0006093297650782148,0.0062844544985674045,0.0007519148486130334,0.006238320366523276,0.0006078704379872679,0.006242837875864771,0.0006093297650782148,0.0006218905472636926
2021-12-27,7.999823135951267e-05,0.009411570128992741,1.7235812277194285e-05,0.00950150514058934,2.065635369996599e-05,0.009392192452635895,7.999823135951267e-05,0.009411570128993185,1.7235812277194285e-05,0.009501505140589783,2.0656353700188035e-05,0.009392192452635895,7.999823135951267e-05,0.009411570128992963,1.723581227741633e-05,0.009501505140589783,2.065635369996599e-05,0.009392192452635895,0.007458048477315016
2021-12-28,0.0094913757416355,-0.005720392954837505,0.009423662704011848,-0.005685835039902276,0.009392747588847339,-0.005687345928623078,0.0094913757416355,-0.005720392954837505,0.00942366270401207,-0.005685835039902498,0.009392747588847339,-0.005687345928623189,0.009491375741635721,-0.0057203929548376165,0.00942366270401207,-0.005685835039902387,0.009392747588847339,-0.0056873459286233,0.008019740900678585
2021-12-29,0.0037780312794712945,-0.0032129454629660215,0.003737454294858944,-0.0030291762453302784,0.003831422238107063,-0.0030520135136361537,0.0037780312794712945,-0.0032129454629661325,0.003737454294858722,-0.0030291762453305004,0.003831422238107285,-0.0030520135136361537,0.0037780312794712945,-0.0032129454629660215,0.003737454294858722,-0.0030291762453303894,0.003831422238107063,-0.0030520135136361537,0.003671970624234966
2021-12-30,-0.0033110087331172933,0.011089581149287264,-0.0033233574380516773,0.010631096341004342,-0.0033109131726910546,0.010657393082772915,-0.0033110087331171822,0.011089581149287042,-0.0033233574380517883,0.010631096341004564,-0.0033109131726911656,0.010657393082772915,-0.0033110087331172933,0.011089581149287264,-0.0033233574380516773,0.01063109634100412,-0.0033109131726909435,0.010657393082772915,-0.0018292682926830395
2022-01-03,-0.013708078948090785,0.0009665912081908701,-0.013658365096322345,0.0009035153427063847,-0.01372179011283825,0.0009379694181359532,-0.013708078948091118,0.0009665912081910921,-0.013658365096322345,0.0009035153427066067,-0.013721790112838583,0.0009379694181357312,-0.01370807894809134,0.000966591208190648,-0.013658365096322345,0.0009035153427066067,-0.013721790112838361,0.0009379694181357312,0.006108735491753281
2022-01-04,0.004903540511114413,-0.013912484971388195,0.004886276837391179,-0.014323284286599791,0.004766822265484638,-0.014281860231523336,0.004903540511114413,-0.013912484971388195,0.004886276837391401,-0.014323284286600124,0.00476682226548486,-0.014281860231523336,0.004903540511114413,-0.013912484971387973,0.004886276837391401,-0.014323284286599902,0.00476682226548486,-0.014281860231523447,0.021250758955676963
2022-01-05,-0.0037192188262434867,-0.00974946474192373,-0.002792167734550266,-0.004406544397108414,-0.002725859467898495,-0.004455853932336273,-0.004734313669496948,-0.011796497267997363,-0.002792167734550488,-0.004406544397108636,-0.002725859467898717,-0.004455853932336495,-0.006257908538397028,-0.014859400268290135,-0.002792167734550266,-0.004406544397108525,-0.002725859467898495,-0.004455853932336384,0.0047562425683711496
2022-01-06,-0.017063180908728603,-0.013602836385602779,-0.019305692335041758,-0.023631581360748055,-0.016431800340589997,-0.023743838400266504,-0.017063180908728826,-0.01360283638560289,-0.020299781870604217,-0.025627563337433545,-0.01643180034059044,-0.023743838400266837,-0.017063180908728937,-0.013602836385603223,-0.02178998514603603,-0.02861408119049713,-0.016431800340589997,-0.023743838400266726,-0.01242603550295851
2022-01-07,-0.01230853749589722,-0.04027128821722947,-0.012493939163732648,-0.0405727330928356,-0.012681808313214415,-0.04884458000117886,-0.01230853749589711,-0.04027128821722903,-0.01249393916373287,-0.04057273309283571,-0.013701522968681656,-0.050796764112526205,-0.01230853749589711,-0.040271288217229695,-0.012493939163732648,-0.040572733092836155,-0.01523127380543221,-0.05371774875522539,-0.0089874176153385
2022-01-10,-0.005891238705475699,-0.009550246826447228,-0.005983143055455442,-0.00926530590006236,-0.0061258760521669675,-0.009246506748635586,-0.00589123870547581,-0.009550246826447117,-0.005983143055455553,-0.00926530590006236,-0.0061258760521671896,-0.009246506748635919,-0.005891238705475699,-0.009550246826447228,-0.005983143055455331,-0.009265305900062581,-0.0061258760521671896,-0.009246506748635586,0.002418379685610761
2022-01-11,0.003296649407559027,-0.02859036629464584,0.0029811972726885294,-0.028644425803255102,0.0027576487695681884,-0.028988071544634897,0.003296649407559249,-0.028590366294645397,0.0029811972726885294,-0.02864442580325488,0.0027576487695684104,-0.02898807154463534,0.003296649407559249,-0.02859036629464584,0.0029811972726883074,-0.028644425803255325,0.0027576487695684104,-0.02898807154463512,0.004825090470446325
2022-01-12,0.006752738746472753,-0.0018437529608241743,0.00683428854677004,-0.001586242009480876,0.006904555826094061,-0.001235757808551785,0.006752738746472975,-0.0018437529608240633,0.00683428854677004,-0.001586242009480876,0.006904555826094061,-0.001235757808551896,0.006752738746472753,-0.0018437529608242853,0.006834288546769818,-0.001586242009480765,0.006904555826094061,-0.001235757808551785,0.010804321728691502
2022-01-13,0.012496897129074869,0.005554078689061326,0.012273495624208763,0.0055963300564769725,0.012165893459565646,0.005807204649374009,0.012496897129074647,0.005554078689061326,0.012273495624208763,0.00559633005647675,0.012165893459565646,0.005807204649374231,0.012496897129074647,0.005554078689061326,0.012273495624208985,0.00559633005647675,0.012165893459565424,0.005807204649374231,0.004750593824227822
2022-01-14,-0.009439519242934624,0.010955982996105007,-0.009105388250168156,0.011126773433070003,-0.009058173715304374,0.010986285844702959,-0.009439519242934513,0.010955982996104785,-0.009105388250168045,0.011126773433070003,-0.009058173715304263,0.01098628584470318,-0.009439519242934402,0.010955982996105229,-0.009105388250168156,0.011126773433070003,-0.009058173715304152,0.010986285844702959,0.0
2022-01-17,0.006712862300194411,0.014909984603454607,0.006915319635196759,0.014875417502466126,0.007045361006983164,0.014788445870526301,0.006712862300194633,0.014909984603454385,0.006915319635196537,0.014875417502466126,0.007045361006983164,0.014788445870526523,0.006712862300194411,0.014909984603454385,0.006915319635196759,0.01487541750246657,0.007045361006982942,0.014788445870526301,0.010047281323877222
2022-01-18,0.007029987312313413,0.009132648692909973,0.006985940638877031,0.009312181713733603,0.006949599857339006,0.009147328244522024,0.007029987312313635,0.00913264869290975,0.006985940638877253,0.009312181713733603,0.006949599857338562,0.009147328244522246,0.007029987312313635,0.009132648692909973,0.006985940638877031,0.009312181713733603,0.006949599857339006,0.009147328244522246,-0.011702750146284413
2022-01-19,-0.011217353467601998,-0.0146069037604033,-0.011418569947722057,-0.014249931531925886,-0.011568051384251099,-0.01468229425977452,-0.01121735346760211,-0.01460690376040319,-0.011418569947722168,-0.014249931531926108,-0.011568051384250766,-0.014682294259774853,-0.011217353467601998,-0.014606903760403078,-0.011418569947721946,-0.014249931531926108,-0.011568051384250877,-0.014682294259774742,-0.011841326228537619
2022-01-20,-0.001464221716075631,-0.003962823198581655,-0.0014044611341249569,-0.004300968323840193,-0.0013761820609808906,-0.004007638108760481,-0.001464221716075853,-0.003962823198581655,-0.0014044611341248459,-0.004300968323840082,-0.0013761820609811126,-0.004007638108760703,-0.001464221716076075,-0.003962823198581877,-0.0014044611341249569,-0.004300968323840082,-0.0013761820609810016,-0.004007638108760814,0.0035949670461352667
2022-01-21,-0.024970144279869433,-0.04192912006332261,-0.02526151859020309,-0.041854220214513904,-0.02546103483251505,-0.04236566132900321,-0.024970144279869655,-0.041929120063322056,-0.025261518590203313,-0.041854220214513904,-0.025461034832514495,-0.04236566132900377,-0.024970144279869433,-0.04192912006332272,-0.02526151859020298,-0.04185422021451435,-0.025461034832514606,-0.042365661329003323,-0.020895522388059695
2022-01-24,0.0007092226126088619,0.013843802157808227,0.0009036343338959529,0.014113985228412007,0.001013007479604644,0.014433985258569981,0.0007092226126090839,0.013843802157808005,0.000903634333896175,0.014113985228411785,0.001013007479604422,0.014433985258569981,0.0007092226126088619,0.013843802157808227,0.0009036343338959529,0.014113985228412007,0.001013007479604644,0.014433985258570203,0.01097560975609757
2022-01-25,-0.019404176337189383,-0.03347112464863922,-0.019548690738942276,-0.03371821652703,-0.019604090646283323,-0.03376733654282016,-0.019404176337189494,-0.03347112464863877,-0.019548690738942387,-0.033718216527029776,-0.0196040906462831,-0.033767336542820936,-0.019404176337189494,-0.03347112464863933,-0.019548690738942054,-0.03371821652703044,-0.019604090646283212,-0.033767336542820714,-0.015078407720144793
2022-01-26,0.0034678016594194006,0.0020240220805878284,0.0033253898568308404,0.0019621414234562984,0.003363309132153436,0.0021642459923132407,0.0034678016594194006,0.0020240220805876064,0.0033253898568310625,0.0019621414234565204,0.003363309132153214,0.0021642459923134627,0.0034678016594194006,0.0020240220805876064,0.0033253898568310625,0.0019621414234565204,0.003363309132153436,0.0021642459923132407,-0.0030618493570115923
2022-02-07,0.0017155100471883955,0.00825090834930764,0.0020145504998885233,0.01072221439864074,0.001826199272152218,0.008976059169565564,-2.639695534689679e-05,0.006228338824032731,0.0020145504998885233,0.010722214398640517,0.001826199272152218,0.008976059169565787,-0.002639257459149613,0.003194484536121367,0.0020145504998885233,0.01072221439864074,0.001826199272151996,0.008976059169565564,0.006756756756756799
2022-02-08,0.0,0.0,0.004705431624995926,-0.0029376299004704176,0.010411913099109826,0.009022387705855506,0.0,0.0,0.0029547880419411587,-0.00493775501601601,0.010411913099109604,0.009022387705855506,0.0,0.0,0.0003288226673590078,-0.007937942689334676,0.010411913099109604,0.009022387705855284,0.003050640634533197
2022-02-09,0.009911967986410364,0.018718555416593174,0.0,0.0,0.007886113674181683,0.0096970384185191,0.008152320500186327,0.016691254808799183,0.0,0.0,0.006124244624899466,0.007671567930217504,0.005524316685575625,0.013665387979010735,0.0,0.0,0.0034814410509760307,0.004633362197764557,0.0042579075425790425
2022-02-10,0.003988632671848569,-0.0022479348106252406,-0.0013561987735176695,-0.014658986880699665,0.0,0.0,0.003988632671848569,-0.0022479348106252406,-0.0030962128640180664,-0.016619864518748417,0.0,0.0,0.003988632671848569,-0.0022479348106253516,-0.005694894533563422,-0.01954659111244217,0.0,0.0,0.012719563900666309
2022-02-11,-0.001647182636447364,-0.002433336334028091,0.002461908973674376,0.014435078536394919,0.00803132612435542,0.026280026627600872,-0.003410982519473582,-0.003481411214010577,0.002461908973674154,0.01443507853639514,0.006274955425445317,0.024237678315904176,-0.006050094446043208,-0.005051841068699825,0.002461908973674376,0.014435078536394919,0.0036518454373701825,0.0211893518923445,-0.0017942583732056816
2022-02-14,-0.01411307179903143,-0.025663035297981307,-0.014258872187648985,-0.03073035793345702,-0.020368094112777846,-0.03243708701735981,-0.01411307179903143,-0.025663035297981307,-0.01599426732102771,-0.03176723913516144,-0.020368094112777735,-0.03243708701735981,-0.01411307179903154,-0.025663035297981196,-0.018587916376959224,-0.03331868812446381,-0.020368094112777957,-0.03243708701735959,-0.013780707010185855
2022-02-15,-0.0010224238542732023,0.0027066076633084357,-0.0027984437179537913,0.007079404330787131,-0.0039098222849535125,0.008165502698803673,-0.0030263909077248297,0.0012025320789255112,-0.0027984437179536803,0.007079404330787131,-0.005666135085255264,0.007102197075142147,-0.006032341487902659,-0.0010535812976486536,-0.0027984437179539023,0.007079404330786909,-0.008296401551429966,0.005507012155371971,-0.0036452004860266785
2022-02-16,0.0,0.0,0.010821218219727813,0.019325016988340327,0.013780331614488439,0.020433001249380967,0.0,0.0,0.00879349260644835,0.01778436498563618,0.013780331614487995,0.02043300124938119,0.0,0.0,0.0057519041865297105,0.015473386981580406,0.013780331614488439,0.02043300124938119,0.01585365853658538
2022-02-17,-0.004175004114898906,0.009823967458765015,0.0,0.0,0.00017503932922080523,0.002562961939897246,-0.006156745400242358,0.008314890545999987,0.0,0.0,-0.0018313298569963,0.0010422683305233438,-0.009114612229408126,0.006059713106906006,0.0,0.0,-0.004840883636321736,-0.0012387720835376204,-0.0006002400960384291
2022-02-18,0.0021561437818096163,0.009031416646889445,0.0062226737939139465,0.014403793164440293,0.0,0.0,0.0021561437818098383,0.009031416646889223,0.0042202406122342495,0.01288787217839138,0.0,0.0,0.0021561437818096163,0.009031416646889223,0.0012314898961265364,0.010622466897673988,0.0,0.0,-0.003603603603603567
2022-02-21,-0.007363940609104946,-0.008283080812993004,-0.0003288264983808409,-0.01590098427122122,0.0011058133932115854,-0.012235518119871225,-0.009355186465455967,-0.009781407186712499,-0.00032882649838072986,-0.01590098427122144,-0.0008864369817003226,-0.013711629425296024,-0.01234205524998222,-0.012028896747291462,-0.00032882649838061884,-0.01590098427122133,-0.003859989252588125,-0.015917542778966953,-0.001808318264014508
2022-02-22,0.0,0.0,-0.011111338922199399,-0.01706461213062227,-0.011153798064393428,-0.017029366694948145,0.0,0.0,-0.01111133892219962,-0.01706461213062227,-0.011153798064393428,-0.017029366694948367,0.0,0.0,-0.01111133892219951,-0.017064612130621937,-0.011153798064393206,-0.017029366694948145,-0.0126811594202898
2022-02-23,0.0,0.0,-0.007875493929945132,-0.0017971617140599694,-0.0078280313206458,-0.0017585211638715403,0.0,0.0,-0.009865713601098447,-0.00328962867786875,-0.009818346202650763,-0.0032456585648427128,0.0,0.0,-0.012851043107828808,-0.005528329123581255,-0.012803818525657706,-0.005476364666299749,0.0012232415902140303
2022-02-24,0.0,0.0,0.0,0.0,0.0,0.0,0.0,0.0,0.0,0.0,0.0,0.0,0.0,0.0,0.0,0.0,0.0,0.0,-0.023824068417837352
2022-02-25,0.0,0.0,0.0,0.0,0.0,0.0,0.0,0.0,0.0,0.0,0.0,0.0,0.0,0.0,0.0,0.0,0.0,0.0,-0.0006257822277848657
2022-03-01,0.0,0.0,0.0,0.0,0.0,0.0,0.0,0.0,0.0,0.0,0.0,0.0,0.0,0.0,0.0,0.0,0.0,0.0,0.01189730745147144
2022-03-02,0.0,0.0,0.0,0.0,0.0,0.0,0.0,0.0,0.0,0.0,0.0,0.0,0.0,0.0,0.0,0.0,0.0,0.0,-0.00433168316831678
2022-03-03,0.0,0.0,0.0,0.0,0.0,0.0,0.0,0.0,0.0,0.0,0.0,0.0,0.0,0.0,0.0,0.0,0.0,0.0,0.0012430080795524656
2022-03-04,0.0,0.0,0.0,0.0,0.0,0.0,0.0,0.0,0.0,0.0,0.0,0.0,0.0,0.0,0.0,0.0,0.0,0.0,-0.01055245189323395
2022-03-07,0.0,0.0,0.0,0.0,0.0,0.0,0.0,0.0,0.0,0.0,0.0,0.0,0.0,0.0,0.0,0.0,0.0,0.0,-0.015683814303638632
2022-03-08,0.0,0.0,0.0,0.0,0.0,0.0,0.0,0.0,0.0,0.0,0.0,0.0,0.0,0.0,0.0,0.0,0.0,0.0,-0.03250478011472269
2022-03-09,0.0,0.0,0.0,0.0,0.0,0.0,0.0,0.0,0.0,0.0,0.0,0.0,0.0,0.0,0.0,0.0,0.0,0.0,0.005270092226613787
2022-03-10,0.0,0.0,0.0,0.0,0.0,0.0,0.0,0.0,0.0,0.0,0.0,0.0,0.0,0.0,0.0,0.0,0.0,0.0,0.028833551769331667
2022-03-11,0.0,0.0,0.0,0.0,0.0,0.0,0.0,0.0,0.0,0.0,0.0,0.0,0.0,0.0,0.0,0.0,0.0,0.0,-0.012101910828025475
2022-03-14,0.0,0.0,0.0,0.0,0.0,0.0,0.0,0.0,0.0,0.0,0.0,0.0,0.0,0.0,0.0,0.0,0.0,0.0,-0.003223726627981982
2022-03-15,0.0,0.0,0.0,0.0,0.0,0.0,0.0,0.0,0.0,0.0,0.0,0.0,0.0,0.0,0.0,0.0,0.0,0.0,-0.01875808538163004
2022-03-16,0.0,0.0,0.0,0.0,0.0,0.0,0.0,0.0,0.0,0.0,0.0,0.0,0.0,0.0,0.0,0.0,0.0,0.0,0.003295978905734964
2022-03-17,0.0,0.0,0.0,0.0,0.0,0.0,0.0,0.0,0.0,0.0,0.0,0.0,0.0,0.0,0.0,0.0,0.0,0.0,0.03285151116951379
2022-03-18,0.0,0.0,0.0,0.0,0.0,0.0,0.0,0.0,0.0,0.0,0.0,0.0,0.0,0.0,0.0,0.0,0.0,0.0,-0.003816793893129722
2022-03-21,0.0,0.0,0.0,0.0,0.0,0.0,0.0,0.0,0.0,0.0,0.0,0.0,0.0,0.0,0.0,0.0,0.0,0.0,0.0063856960408683605
2022-03-22,0.0,0.0,0.0,0.0,0.0,0.0,0.0,0.0,0.0,0.0,0.0,0.0,0.0,0.0,0.0,0.0,0.0,0.0,-0.0012690355329948444
2022-03-23,0.0,0.0,0.0,0.0,0.0,0.0,0.0,0.0,0.0,0.0,0.0,0.0,0.0,0.0,0.0,0.0,0.0,0.0,0.010800508259212194
2022-03-24,0.0,0.0,0.0,0.0,0.0,0.0,0.0,0.0,0.0,0.0,0.0,0.0,0.0,0.0,0.0,0.0,0.0,0.0,-0.0012570710245127792
2022-03-25,0.0,0.0,0.0,0.0,0.0,0.0,0.0,0.0,0.0,0.0,0.0,0.0,0.0,0.0,0.0,0.0,0.0,0.0,0.0025173064820642743
2022-03-28,0.008157683205066935,0.018853228358068908,0.0,0.0,0.0,0.0,0.006901411948736724,0.017330658153797973,0.0,0.0,0.0,0.0,0.0050228645383847415,0.015055316224527271,0.0,0.0,0.0,0.0,-0.011299435028248705
2022-03-29,-0.002565950970690678,-0.003203438984230922,-0.005925009967123529,-0.007474320614483054,0.0,0.0,-0.002565950970690678,-0.003203438984231033,-0.007163732696136682,-0.00895754703448648,0.0,0.0,-0.002565950970690789,-0.003203438984230922,-0.009016039164987055,-0.01117409327620833,0.0,0.0,0.0012698412698410877
2022-03-30,0.0045115376584243805,0.00268158807549157,0.00449710951312321,0.00274077014169416,-0.0021134993824601933,-0.0078029602452427405,0.0045115376584243805,0.00268158807549157,0.004497109513123432,0.002740770141694382,-0.0033569716573730313,-0.00928569554749159,0.0045115376584246025,0.00268158807549157,0.004497109513123432,0.002740770141694382,-0.005216380292340728,-0.011501507858642568,0.011414077362079889
2022-03-31,0.0045631864232476005,-0.0028194879126718364,0.004596073235996423,-0.0029325579840999705,0.004570304951760695,-0.0028311861170228214,0.0045631864232478225,-0.0028194879126719474,0.004596073235996201,-0.0029325579841000815,0.004570304951760695,-0.0028311861170225994,0.0045631864232478225,-0.0028194879126718364,0.004596073235996201,-0.0029325579840999705,0.004570304951760917,-0.0028311861170227104,-0.0018808777429467627
2022-04-01,0.0020487372989683728,0.0019378527924096556,0.0021399245499165165,0.002028334530157938,0.0020944857913895998,0.0017333826356058513,0.002048737298968595,0.0019378527924096556,0.0021399245499167385,0.002028334530157716,0.0020944857913895998,0.0017333826356056292,0.002048737298968595,0.0019378527924096556,0.0021399245499165165,0.002028334530157938,0.0020944857913895998,0.0017333826356058513,-0.008165829145728498
2022-04-06,-0.004863675274262125,-0.009496597785488725,0.006469842804422532,0.001419446019558901,0.006399960780652192,0.0012008946546973043,-0.0061214904767101785,-0.01099174908102929,0.00646984280442231,0.001419446019559123,0.006399960780652414,0.0012008946546975263,-0.008008213280381926,-0.013234476024340025,0.006469842804422532,0.001419446019558901,0.006399960780652192,0.0012008946546973043,-0.005066497783407287
2022-04-07,0.0,0.0,-0.0036023645980444163,-0.00492604596871693,-0.007619705064593862,-0.022464053592108568,0.0,0.0,-0.004859053359964283,-0.006419668711127979,-0.0076197050645939735,-0.02246405359210879,0.0,0.0,-0.006744086502844415,-0.008660102824744054,-0.007619705064593751,-0.022464053592108457,-0.015913430935709738
2022-04-08,0.0,0.0,0.0,0.0,0.0020933457896661345,0.006756609077338549,0.0,0.0,0.0,0.0,0.0008315282513566835,0.005252890254615616,0.0,0.0,0.0,0.0,-0.0010611980561070489,0.0029973120205315507,0.0006468305304010435
2022-04-11,0.0,0.0,0.0,0.0,0.0,0.0,0.0,0.0,0.0,0.0,0.0,0.0,0.0,0.0,0.0,0.0,0.0,0.0,-0.012928248222365823
2022-04-12,0.0,0.0,0.0,0.0,0.0,0.0,0.0,0.0,0.0,0.0,0.0,0.0,0.0,0.0,0.0,0.0,0.0,0.0,-0.0006548788474132206
2022-04-13,0.0,0.0,0.0,0.0,0.0,0.0,0.0,0.0,0.0,0.0,0.0,0.0,0.0,0.0,0.0,0.0,0.0,0.0,0.01834862385321112
2022-04-14,0.0,0.0,0.0,0.0,0.0,0.0,0.0,0.0,0.0,0.0,0.0,0.0,0.0,0.0,0.0,0.0,0.0,0.0,-0.002574002574002643
2022-04-15,0.0,0.0,0.0,0.0,0.0,0.0,0.0,0.0,0.0,0.0,0.0,0.0,0.0,0.0,0.0,0.0,0.0,0.0,-0.0174193548387096
2022-04-18,0.0,0.0,0.0,0.0,0.0,0.0,0.0,0.0,0.0,0.0,0.0,0.0,0.0,0.0,0.0,0.0,0.0,0.0,-0.006565988181221227
2022-04-19,0.0,0.0,0.0,0.0,0.0,0.0,0.0,0.0,0.0,0.0,0.0,0.0,0.0,0.0,0.0,0.0,0.0,0.0,0.004626569729015095
2022-04-20,0.0,0.0,0.0,0.0,0.0,0.0,0.0,0.0,0.0,0.0,0.0,0.0,0.0,0.0,0.0,0.0,0.0,0.0,0.004605263157894557
2022-04-21,0.0,0.0,0.0,0.0,0.0,0.0,0.0,0.0,0.0,0.0,0.0,0.0,0.0,0.0,0.0,0.0,0.0,0.0,0.0
2022-04-22,0.0,0.0,0.0,0.0,0.0,0.0,0.0,0.0,0.0,0.0,0.0,0.0,0.0,0.0,0.0,0.0,0.0,0.0,-0.0052390307793057644
2022-04-25,0.0,0.0,0.0,0.0,0.0,0.0,0.0,0.0,0.0,0.0,0.0,0.0,0.0,0.0,0.0,0.0,0.0,0.0,-0.01974983541803821
2022-04-26,0.0,0.0,0.0,0.0,0.0,0.0,0.0,0.0,0.0,0.0,0.0,0.0,0.0,0.0,0.0,0.0,0.0,0.0,-0.000671591672263272
2022-04-27,0.0,0.0,0.0,0.0,0.0,0.0,0.0,0.0,0.0,0.0,0.0,0.0,0.0,0.0,0.0,0.0,0.0,0.0,-0.021505376344086113
2022-04-28,0.0,0.0,0.0,0.0,0.0,0.0,0.0,0.0,0.0,0.0,0.0,0.0,0.0,0.0,0.0,0.0,0.0,0.0,0.006181318681318659
2022-04-29,0.0,0.0,0.0,0.0,0.0,0.0,0.0,0.0,0.0,0.0,0.0,0.0,0.0,0.0,0.0,0.0,0.0,0.0,0.013651877133105783
2022-05-03,0.0,0.0,0.0,0.0,0.0,0.0,0.0,0.0,0.0,0.0,0.0,0.0,0.0,0.0,0.0,0.0,0.0,0.0,-0.010101010101010055
2022-05-04,0.0,0.0,0.0,0.0,0.0,0.0,0.0,0.0,0.0,0.0,0.0,0.0,0.0,0.0,0.0,0.0,0.0,0.0,0.0020408163265306367
2022-05-05,0.0,0.0,0.0,0.0,0.0,0.0,0.0,0.0,0.0,0.0,0.0,0.0,0.0,0.0,0.0,0.0,0.0,0.0,0.010183299389002087
2022-05-06,0.0,0.0,0.0,0.0,0.0,0.0,0.0,0.0,0.0,0.0,0.0,0.0,0.0,0.0,0.0,0.0,0.0,0.0,-0.018817204301075363
2022-05-09,0.0,0.0,0.0,0.0,0.0,0.0,0.0,0.0,0.0,0.0,0.0,0.0,0.0,0.0,0.0,0.0,0.0,0.0,-0.017808219178082174
2022-05-10,0.0,0.0,0.0,0.0,0.0,0.0,0.0,0.0,0.0,0.0,0.0,0.0,0.0,0.0,0.0,0.0,0.0,0.0,-0.002789400278940035
2022-05-11,0.0,0.0,0.0,0.0,0.0,0.0,0.0,0.0,0.0,0.0,0.0,0.0,0.0,0.0,0.0,0.0,0.0,0.0,0.0
2022-05-12,0.0,0.0,0.0,0.0,0.0,0.0,0.0,0.0,0.0,0.0,0.0,0.0,0.0,0.0,0.0,0.0,0.0,0.0,-0.023776223776223793
2022-05-13,0.0,0.0,0.0,0.0,0.0,0.0,0.0,0.0,0.0,0.0,0.0,0.0,0.0,0.0,0.0,0.0,0.0,0.0,0.01002865329512903
2022-05-16,0.0,0.0,0.0,0.0,0.0,0.0,0.0,0.0,0.0,0.0,0.0,0.0,0.0,0.0,0.0,0.0,0.0,0.0,0.004255319148936065
2022-05-17,0.0,0.0,0.0,0.0,0.0,0.0,0.0,0.0,0.0,0.0,0.0,0.0,0.0,0.0,0.0,0.0,0.0,0.0,0.010593220338983134
2022-05-18,0.0,0.0,0.0,0.0,0.0,0.0,0.0,0.0,0.0,0.0,0.0,0.0,0.0,0.0,0.0,0.0,0.0,0.0,0.011180992313067684
2022-05-19,0.0,0.0,0.0,0.0,0.0,0.0,0.0,0.0,0.0,0.0,0.0,0.0,0.0,0.0,0.0,0.0,0.0,0.0,-0.01727712508638568
2022-05-20,0.0,0.0,0.0,0.0,0.0,0.0,0.0,0.0,0.0,0.0,0.0,0.0,0.0,0.0,0.0,0.0,0.0,0.0,0.010548523206751037
2022-05-23,0.0,0.0,0.0,0.0,0.0,0.0,0.0,0.0,0.0,0.0,0.0,0.0,0.0,0.0,0.0,0.0,0.0,0.0,0.0020876826722338038
2022-05-24,0.0,0.0,0.0,0.0,0.0,0.0,0.0,0.0,0.0,0.0,0.0,0.0,0.0,0.0,0.0,0.0,0.0,0.0,-0.012500000000000067
2022-05-25,0.0,0.0,0.0,0.0,0.0,0.0,0.0,0.0,0.0,0.0,0.0,0.0,0.0,0.0,0.0,0.0,0.0,0.0,0.007032348804500765
2022-05-26,0.0,0.0,0.0,0.0,0.0,0.0,0.0,0.0,0.0,0.0,0.0,0.0,0.0,0.0,0.0,0.0,0.0,0.0,-0.011871508379888152
2022-05-27,0.0,0.0,0.0,0.0,0.0,0.0,0.0,0.0,0.0,0.0,0.0,0.0,0.0,0.0,0.0,0.0,0.0,0.0,0.021908127208480455
2022-05-30,0.0,0.0,0.0,0.0,0.0,0.0,0.0,0.0,0.0,0.0,0.0,0.0,0.0,0.0,0.0,0.0,0.0,0.0,0.022821576763485618
2022-05-31,0.0,0.0,0.0,0.0,0.0,0.0,0.0,0.0,0.0,0.0,0.0,0.0,0.0,0.0,0.0,0.0,0.0,0.0,0.007437457741717335
2022-06-01,0.0,0.0,0.0,0.0,0.0,0.0,0.0,0.0,0.0,0.0,0.0,0.0,0.0,0.0,0.0,0.0,0.0,0.0,-0.0013422818791946067
2022-06-02,0.0,0.0,0.0,0.0,0.0,0.0,0.0,0.0,0.0,0.0,0.0,0.0,0.0,0.0,0.0,0.0,0.0,0.0,-0.009408602150537626
2022-06-06,0.0,0.0,0.0,0.0,0.0,0.0,0.0,0.0,0.0,0.0,0.0,0.0,0.0,0.0,0.0,0.0,0.0,0.0,0.006784260515603879
2022-06-07,0.0,0.0,0.0,0.0,0.0,0.0,0.0,0.0,0.0,0.0,0.0,0.0,0.0,0.0,0.0,0.0,0.0,0.0,-0.011455525606469119
2022-06-08,0.0,0.0,0.0,0.0,0.0,0.0,0.0,0.0,0.0,0.0,0.0,0.0,0.0,0.0,0.0,0.0,0.0,0.0,0.011588275391956504
2022-06-09,0.0,0.0,0.0,0.0,0.0,0.0,0.0,0.0,0.0,0.0,0.0,0.0,0.0,0.0,0.0,0.0,0.0,0.0,-0.003369272237196741
2022-06-10,0.0,0.0,0.0,0.0,0.0,0.0,0.0,0.0,0.0,0.0,0.0,0.0,0.0,0.0,0.0,0.0,0.0,0.0,-0.00811359026369185
2022-06-13,0.0,0.0,0.0,0.0,0.0,0.0,0.0,0.0,0.0,0.0,0.0,0.0,0.0,0.0,0.0,0.0,0.0,0.0,-0.02726653033401505
2022-06-14,0.0,0.0,0.0,0.0,0.0,0.0,0.0,0.0,0.0,0.0,0.0,0.0,0.0,0.0,0.0,0.0,0.0,0.0,-0.0014015416958653715
2022-06-15,0.0,0.0,0.0,0.0,0.0,0.0,0.0,0.0,0.0,0.0,0.0,0.0,0.0,0.0,0.0,0.0,0.0,0.0,-0.006315789473684275
2022-06-16,0.0,0.0,0.0,0.0,0.0,0.0,0.0,0.0,0.0,0.0,0.0,0.0,0.0,0.0,0.0,0.0,0.0,0.0,-0.0028248587570621764
2022-06-17,0.0,0.0,0.0,0.0,0.0,0.0,0.0,0.0,0.0,0.0,0.0,0.0,0.0,0.0,0.0,0.0,0.0,0.0,-0.011331444759206777
2022-06-20,0.0,0.0,0.0,0.0,0.0,0.0,0.0,0.0,0.0,0.0,0.0,0.0,0.0,0.0,0.0,0.0,0.0,0.0,-0.011461318051575908
2022-06-21,0.0,0.0,0.0,0.0,0.0,0.0,0.0,0.0,0.0,0.0,0.0,0.0,0.0,0.0,0.0,0.0,0.0,0.0,0.018115942028985588
2022-06-22,0.0,0.0,0.0,0.0,0.0,0.0,0.0,0.0,0.0,0.0,0.0,0.0,0.0,0.0,0.0,0.0,0.0,0.0,-0.020640569395017794
2022-06-23,0.0,0.0,0.0,0.0,0.0,0.0,0.0,0.0,0.0,0.0,0.0,0.0,0.0,0.0,0.0,0.0,0.0,0.0,-0.014534883720930258
2022-06-24,0.0,0.0,0.0,0.0,0.0,0.0,0.0,0.0,0.0,0.0,0.0,0.0,0.0,0.0,0.0,0.0,0.0,0.0,0.002949852507374784
2022-06-27,0.0,0.0,0.0,0.0,0.0,0.0,0.0,0.0,0.0,0.0,0.0,0.0,0.0,0.0,0.0,0.0,0.0,0.0,0.022058823529411686
2022-06-28,0.0,0.0,0.0,0.0,0.0,0.0,0.0,0.0,0.0,0.0,0.0,0.0,0.0,0.0,0.0,0.0,0.0,0.0,-0.007194244604316502
2022-06-29,0.0,0.0,0.0,0.0,0.0,0.0,0.0,0.0,0.0,0.0,0.0,0.0,0.0,0.0,0.0,0.0,0.0,0.0,-0.010144927536231974
2022-06-30,0.0,0.0,0.0,0.0,0.0,0.0,0.0,0.0,0.0,0.0,0.0,0.0,0.0,0.0,0.0,0.0,0.0,0.0,-0.022693997071742245
2022-07-01,0.0,0.0,0.0,0.0,0.0,0.0,0.0,0.0,0.0,0.0,0.0,0.0,0.0,0.0,0.0,0.0,0.0,0.0,-0.03445692883895124
2022-07-04,0.0,0.0,0.0,0.0,0.0,0.0,0.0,0.0,0.0,0.0,0.0,0.0,0.0,0.0,0.0,0.0,0.0,0.0,-0.01241272304111718
2022-07-05,0.0,0.0,0.0,0.0,0.0,0.0,0.0,0.0,0.0,0.0,0.0,0.0,0.0,0.0,0.0,0.0,0.0,0.0,0.00785545954438338
2022-07-06,0.0,0.0,0.0,0.0,0.0,0.0,0.0,0.0,0.0,0.0,0.0,0.0,0.0,0.0,0.0,0.0,0.0,0.0,-0.016367887763055422
2022-07-07,0.0,0.0,0.0,0.0,0.0,0.0,0.0,0.0,0.0,0.0,0.0,0.0,0.0,0.0,0.0,0.0,0.0,0.0,0.02773375594294758
2022-07-08,0.0,0.0,0.0,0.0,0.0,0.0,0.0,0.0,0.0,0.0,0.0,0.0,0.0,0.0,0.0,0.0,0.0,0.0,0.010794140323824308
2022-07-11,0.0,0.0,0.0,0.0,0.0,0.0,0.0,0.0,0.0,0.0,0.0,0.0,0.0,0.0,0.0,0.0,0.0,0.0,-0.0076277650648359785
2022-07-12,0.0,0.0,0.0,0.0,0.0,0.0,0.0,0.0,0.0,0.0,0.0,0.0,0.0,0.0,0.0,0.0,0.0,0.0,-0.023827824750192073
2022-07-13,0.0,0.0,0.0,0.0,0.0,0.0,0.0,0.0,0.0,0.0,0.0,0.0,0.0,0.0,0.0,0.0,0.0,0.0,0.03307086614173227
2022-07-14,0.0,0.0,0.0,0.0,0.0,0.0,0.0,0.0,0.0,0.0,0.0,0.0,0.0,0.0,0.0,0.0,0.0,0.0,0.0030487804878049918
2022-07-15,0.0,0.0,0.0,0.0,0.0,0.0,0.0,0.0,0.0,0.0,0.0,0.0,0.0,0.0,0.0,0.0,0.0,0.0,0.015197568389057725
2022-07-18,0.0,0.0,0.0,0.0,0.0,0.0,0.0,0.0,0.0,0.0,0.0,0.0,0.0,0.0,0.0,0.0,0.0,0.0,-0.01571856287425144
2022-07-19,0.0,0.0,0.0,0.0,0.0,0.0,0.0,0.0,0.0,0.0,0.0,0.0,0.0,0.0,0.0,0.0,0.0,0.0,0.0007604562737641984
2022-07-20,0.0,0.0,0.0,0.0,0.0,0.0,0.0,0.0,0.0,0.0,0.0,0.0,0.0,0.0,0.0,0.0,0.0,0.0,0.003039513677811634
2022-07-21,0.0,0.0,0.0,0.0,0.0,0.0,0.0,0.0,0.0,0.0,0.0,0.0,0.0,0.0,0.0,0.0,0.0,0.0,0.014393939393939403
2022-07-22,0.0,0.0,0.0,0.0,0.0,0.0,0.0,0.0,0.0,0.0,0.0,0.0,0.0,0.0,0.0,0.0,0.0,0.0,0.004480955937266495
2022-07-25,0.0,0.0,0.0,0.0,0.0,0.0,0.0,0.0,0.0,0.0,0.0,0.0,0.0,0.0,0.0,0.0,0.0,0.0,-0.0007434944237917351
2022-07-26,0.0,0.0,0.0,0.0,0.0,0.0,0.0,0.0,0.0,0.0,0.0,0.0,0.0,0.0,0.0,0.0,0.0,0.0,-0.00967261904761918
2022-07-27,0.0,0.0,0.0,0.0,0.0,0.0,0.0,0.0,0.0,0.0,0.0,0.0,0.0,0.0,0.0,0.0,0.0,0.0,0.008264462809917328
2022-07-28,0.0,0.0,0.0,0.0,0.0,0.0,0.0,0.0,0.0,0.0,0.0,0.0,0.0,0.0,0.0,0.0,0.0,0.0,0.0029806259314455463
2022-07-29,0.0,0.0,0.0,0.0,0.0,0.0,0.0,0.0,0.0,0.0,0.0,0.0,0.0,0.0,0.0,0.0,0.0,0.0,0.008915304606240904
2022-08-01,0.0,0.0,0.0,0.0,0.0,0.0,0.0,0.0,0.0,0.0,0.0,0.0,0.0,0.0,0.0,0.0,0.0,0.0,-0.002945508100147265
2022-08-02,0.0,0.0,0.0,0.0,0.0,0.0,0.0,0.0,0.0,0.0,0.0,0.0,0.0,0.0,0.0,0.0,0.0,0.0,-0.01624815361890708
2022-08-03,0.0,0.0,0.0,0.0,0.0,0.0,0.0,0.0,0.0,0.0,0.0,0.0,0.0,0.0,0.0,0.0,0.0,0.0,0.0045045045045046805
2022-08-04,0.0,0.0,0.0,0.0,0.0,0.0,0.0,0.0,0.0,0.0,0.0,0.0,0.0,0.0,0.0,0.0,0.0,0.0,0.002989536621823552
2022-08-05,0.0,0.0,0.0,0.0,0.0,0.0,0.0,0.0,0.0,0.0,0.0,0.0,0.0,0.0,0.0,0.0,0.0,0.0,0.024590163934426368
2022-08-08,0.0,0.0,0.0,0.0,0.0,0.0,0.0,0.0,0.0,0.0,0.0,0.0,0.0,0.0,0.0,0.0,0.0,0.0,-0.0021818181818182847
2022-08-09,0.0,0.0,0.0,0.0,0.0,0.0,0.0,0.0,0.0,0.0,0.0,0.0,0.0,0.0,0.0,0.0,0.0,0.0,-0.0021865889212826506
2022-08-10,0.0,0.0,0.0,0.0,0.0,0.0,0.0,0.0,0.0,0.0,0.0,0.0,0.0,0.0,0.0,0.0,0.0,0.0,-0.009495982468955555
2022-08-11,0.0,0.0,0.0,0.0,0.0,0.0,0.0,0.0,0.0,0.0,0.0,0.0,0.0,0.0,0.0,0.0,0.0,0.0,0.018436578171091345
2022-08-12,0.0,0.0,0.0,0.0,0.0,0.0,0.0,0.0,0.0,0.0,0.0,0.0,0.0,0.0,0.0,0.0,0.0,0.0,0.007241129616220032
2022-08-15,0.0,0.0,0.0,0.0,0.0,0.0,0.0,0.0,0.0,0.0,0.0,0.0,0.0,0.0,0.0,0.0,0.0,0.0,0.009345794392523477
2022-08-16,0.0,0.0,0.0,0.0,0.0,0.0,0.0,0.0,0.0,0.0,0.0,0.0,0.0,0.0,0.0,0.0,0.0,0.0,0.0007122507122505617
2022-08-17,0.0,0.0,0.0,0.0,0.0,0.0,0.0,0.0,0.0,0.0,0.0,0.0,0.0,0.0,0.0,0.0,0.0,0.0,0.002135231316725994
2022-08-18,0.0,0.0,0.0,0.0,0.0,0.0,0.0,0.0,0.0,0.0,0.0,0.0,0.0,0.0,0.0,0.0,0.0,0.0,-0.008522727272727404
2022-08-19,0.0,0.0,0.0,0.0,0.0,0.0,0.0,0.0,0.0,0.0,0.0,0.0,0.0,0.0,0.0,0.0,0.0,0.0,0.0021489971346706493
2022-08-22,0.0,0.0,0.0,0.0,0.0,0.0,0.0,0.0,0.0,0.0,0.0,0.0,0.0,0.0,0.0,0.0,0.0,0.0,-0.014295925661186537
2022-08-23,0.0,0.0,0.0,0.0,0.0,0.0,0.0,0.0,0.0,0.0,0.0,0.0,0.0,0.0,0.0,0.0,0.0,0.0,-0.012327773749093662
2022-08-24,0.0,0.0,0.0,0.0,0.0,0.0,0.0,0.0,0.0,0.0,0.0,0.0,0.0,0.0,0.0,0.0,0.0,0.0,-0.002936857562408024
2022-08-25,0.0,0.0,0.0,0.0,0.0,0.0,0.0,0.0,0.0,0.0,0.0,0.0,0.0,0.0,0.0,0.0,0.0,0.0,0.008836524300441795
2022-08-26,0.0,0.0,0.0,0.0,0.0,0.0,0.0,0.0,0.0,0.0,0.0,0.0,0.0,0.0,0.0,0.0,0.0,0.0,0.005109489051094762
2022-08-29,0.0,0.0,0.0,0.0,0.0,0.0,0.0,0.0,0.0,0.0,0.0,0.0,0.0,0.0,0.0,0.0,0.0,0.0,-0.02323892519970938
2022-08-30,0.0,0.0,0.0,0.0,0.0,0.0,0.0,0.0,0.0,0.0,0.0,0.0,0.0,0.0,0.0,0.0,0.0,0.0,0.0
2022-08-31,0.0,0.0,0.0,0.0,0.0,0.0,0.0,0.0,0.0,0.0,0.0,0.0,0.0,0.0,0.0,0.0,0.0,0.0,0.006691449814126393
2022-09-01,0.0,0.0,0.0,0.0,0.0,0.0,0.0,0.0,0.0,0.0,0.0,0.0,0.0,0.0,0.0,0.0,0.0,0.0,-0.020679468242245314
2022-09-02,0.0,0.0,0.0,0.0,0.0,0.0,0.0,0.0,0.0,0.0,0.0,0.0,0.0,0.0,0.0,0.0,0.0,0.0,-0.009049773755656076
2022-09-05,0.0,0.0,0.0,0.0,0.0,0.0,0.0,0.0,0.0,0.0,0.0,0.0,0.0,0.0,0.0,0.0,0.0,0.0,0.0
2022-09-06,0.0,0.0,0.0,0.0,0.0,0.0,0.0,0.0,0.0,0.0,0.0,0.0,0.0,0.0,0.0,0.0,0.0,0.0,0.006088280060882578
2022-09-07,0.0,0.0,0.0,0.0,0.0,0.0,0.0,0.0,0.0,0.0,0.0,0.0,0.0,0.0,0.0,0.0,0.0,0.0,-0.021936459909228323
2022-09-08,0.0,0.0,0.0,0.0,0.0,0.0,0.0,0.0,0.0,0.0,0.0,0.0,0.0,0.0,0.0,0.0,0.0,0.0,0.005413766434648082
2022-09-12,0.0,0.0,0.0,0.0,0.0,0.0,0.0,0.0,0.0,0.0,0.0,0.0,0.0,0.0,0.0,0.0,0.0,0.0,0.02076923076923065
2022-09-13,0.0,0.0,0.0,0.0,0.0,0.0,0.0,0.0,0.0,0.0,0.0,0.0,0.0,0.0,0.0,0.0,0.0,0.0,0.005275056518462717
2022-09-14,0.0,0.0,0.0,0.0,0.0,0.0,0.0,0.0,0.0,0.0,0.0,0.0,0.0,0.0,0.0,0.0,0.0,0.0,-0.019490254872563728
2022-09-15,0.0,0.0,0.0,0.0,0.0,0.0,0.0,0.0,0.0,0.0,0.0,0.0,0.0,0.0,0.0,0.0,0.0,0.0,0.001529051987767538
2022-09-16,0.0,0.0,0.0,0.0,0.0,0.0,0.0,0.0,0.0,0.0,0.0,0.0,0.0,0.0,0.0,0.0,0.0,0.0,-0.009923664122137521
2022-09-19,0.0,0.0,0.0,0.0,0.0,0.0,0.0,0.0,0.0,0.0,0.0,0.0,0.0,0.0,0.0,0.0,0.0,0.0,-0.006168080185042224
2022-09-20,0.0,0.0,0.0,0.0,0.0,0.0,0.0,0.0,0.0,0.0,0.0,0.0,0.0,0.0,0.0,0.0,0.0,0.0,0.00853374709076804
2022-09-21,0.0,0.0,0.0,0.0,0.0,0.0,0.0,0.0,0.0,0.0,0.0,0.0,0.0,0.0,0.0,0.0,0.0,0.0,-0.007692307692307665
2022-09-22,0.0,0.0,0.0,0.0,0.0,0.0,0.0,0.0,0.0,0.0,0.0,0.0,0.0,0.0,0.0,0.0,0.0,0.0,-0.012403100775193798
2022-09-23,0.0,0.0,0.0,0.0,0.0,0.0,0.0,0.0,0.0,0.0,0.0,0.0,0.0,0.0,0.0,0.0,0.0,0.0,-0.010989010989011061
2022-09-26,0.0,0.0,0.0,0.0,0.0,0.0,0.0,0.0,0.0,0.0,0.0,0.0,0.0,0.0,0.0,0.0,0.0,0.0,-0.01904761904761909
2022-09-27,0.0,0.0,0.0,0.0,0.0,0.0,0.0,0.0,0.0,0.0,0.0,0.0,0.0,0.0,0.0,0.0,0.0,0.0,-0.0016181229773462036
2022-09-28,0.0,0.0,0.0,0.0,0.0,0.0,0.0,0.0,0.0,0.0,0.0,0.0,0.0,0.0,0.0,0.0,0.0,0.0,-0.021069692058346856
2022-09-29,0.0,0.0,0.0,0.0,0.0,0.0,0.0,0.0,0.0,0.0,0.0,0.0,0.0,0.0,0.0,0.0,0.0,0.0,-0.0033112582781456013
2022-09-30,0.0,0.0,0.0,0.0,0.0,0.0,0.0,0.0,0.0,0.0,0.0,0.0,0.0,0.0,0.0,0.0,0.0,0.0,-0.014119601328903664
2022-10-03,0.0,0.0,0.0,0.0,0.0,0.0,0.0,0.0,0.0,0.0,0.0,0.0,0.0,0.0,0.0,0.0,0.0,0.0,-0.010951979780960408
2022-10-04,0.0,0.0,0.0,0.0,0.0,0.0,0.0,0.0,0.0,0.0,0.0,0.0,0.0,0.0,0.0,0.0,0.0,0.0,0.022998296422487075
2022-10-05,0.0,0.0,0.0,0.0,0.0,0.0,0.0,0.0,0.0,0.0,0.0,0.0,0.0,0.0,0.0,0.0,0.0,0.0,0.02497918401332222
2022-10-06,0.0,0.0,0.0,0.0,0.0,0.0,0.0,0.0,0.0,0.0,0.0,0.0,0.0,0.0,0.0,0.0,0.0,0.0,0.007311129163281915
2022-10-07,0.0,0.0,0.0,0.0,0.0,0.0,0.0,0.0,0.0,0.0,0.0,0.0,0.0,0.0,0.0,0.0,0.0,0.0,-0.01693548387096766
2022-10-11,0.0,0.0,0.0,0.0,0.0,0.0,0.0,0.0,0.0,0.0,0.0,0.0,0.0,0.0,0.0,0.0,0.0,0.0,-0.05004101722723553
2022-10-12,0.0,0.0,0.0,0.0,0.0,0.0,0.0,0.0,0.0,0.0,0.0,0.0,0.0,0.0,0.0,0.0,0.0,0.0,-0.006044905008635637
2022-10-13,0.0,0.0,0.0,0.0,0.0,0.0,0.0,0.0,0.0,0.0,0.0,0.0,0.0,0.0,0.0,0.0,0.0,0.0,-0.012163336229365718
2022-10-14,0.0,0.0,0.0,0.0,0.0,0.0,0.0,0.0,0.0,0.0,0.0,0.0,0.0,0.0,0.0,0.0,0.0,0.0,0.028144239226033374
2022-10-17,0.0,0.0,0.0,0.0,0.0,0.0,0.0,0.0,0.0,0.0,0.0,0.0,0.0,0.0,0.0,0.0,0.0,0.0,-0.019674935842600605
2022-10-18,0.0,0.0,0.0,0.0,0.0,0.0,0.0,0.0,0.0,0.0,0.0,0.0,0.0,0.0,0.0,0.0,0.0,0.0,0.01221640488656206
2022-10-19,0.0,0.0,0.0,0.0,0.0,0.0,0.0,0.0,0.0,0.0,0.0,0.0,0.0,0.0,0.0,0.0,0.0,0.0,-0.012931034482758674
2022-10-20,0.0,0.0,0.0,0.0,0.0,0.0,0.0,0.0,0.0,0.0,0.0,0.0,0.0,0.0,0.0,0.0,0.0,0.0,-0.0026200873362445254
2022-10-21,0.0,0.0,0.0,0.0,0.0,0.0,0.0,0.0,0.0,0.0,0.0,0.0,0.0,0.0,0.0,0.0,0.0,0.0,-0.0061295971978984065
2022-10-24,0.0,0.0,0.0,0.0,0.0,0.0,0.0,0.0,0.0,0.0,0.0,0.0,0.0,0.0,0.0,0.0,0.0,0.0,0.0
2022-10-25,0.0,0.0,0.0,0.0,0.0,0.0,0.0,0.0,0.0,0.0,0.0,0.0,0.0,0.0,0.0,0.0,0.0,0.0,-0.022026431718061623
2022-10-26,0.0,0.0,0.0,0.0,0.0,0.0,0.0,0.0,0.0,0.0,0.0,0.0,0.0,0.0,0.0,0.0,0.0,0.0,0.011711711711711592
2022-10-27,0.0,0.0,0.0,0.0,0.0,0.0,0.0,0.0,0.0,0.0,0.0,0.0,0.0,0.0,0.0,0.0,0.0,0.0,0.013357079252003468
2022-10-28,0.0,0.0,0.0,0.0,0.0,0.0,0.0,0.0,0.0,0.0,0.0,0.0,0.0,0.0,0.0,0.0,0.0,0.0,-0.012302284710017486
2022-10-31,0.0,0.0,0.0,0.0,0.0,0.0,0.0,0.0,0.0,0.0,0.0,0.0,0.0,0.0,0.0,0.0,0.0,0.0,0.013345195729537407
2022-11-01,0.0,0.0,0.0,0.0,0.0,0.0,0.0,0.0,0.0,0.0,0.0,0.0,0.0,0.0,0.0,0.0,0.0,0.0,0.005267778753292207
2022-11-02,0.0,0.0,0.0,0.0,0.0,0.0,0.0,0.0,0.0,0.0,0.0,0.0,0.0,0.0,0.0,0.0,0.0,0.0,0.004366812227074135
2022-11-03,0.0,0.0,0.0,0.0,0.0,0.0,0.0,0.0,0.0,0.0,0.0,0.0,0.0,0.0,0.0,0.0,0.0,0.0,-0.012173913043478257
2022-11-04,0.0,0.0,0.0,0.0,0.0,0.0,0.0,0.0,0.0,0.0,0.0,0.0,0.0,0.0,0.0,0.0,0.0,0.0,0.0017605633802817433
2022-11-07,0.0,0.0,0.0,0.0,0.0,0.0,0.0,0.0,0.0,0.0,0.0,0.0,0.0,0.0,0.0,0.0,0.0,0.0,0.016695957820738183
2022-11-08,0.0,0.0,0.0,0.0,0.0,0.0,0.0,0.0,0.0,0.0,0.0,0.0,0.0,0.0,0.0,0.0,0.0,0.0,0.011235955056179803
2022-11-09,0.0,0.0,0.0,0.0,0.0,0.0,0.0,0.0,0.0,0.0,0.0,0.0,0.0,0.0,0.0,0.0,0.0,0.0,0.02564102564102555
2022-11-10,0.0,0.0,0.0,0.0,0.0,0.0,0.0,0.0,0.0,0.0,0.0,0.0,0.0,0.0,0.0,0.0,0.0,0.0,-0.009166666666666656
2022-11-11,0.0,0.0,0.0,0.0,0.0,0.0,0.0,0.0,0.0,0.0,0.0,0.0,0.0,0.0,0.0,0.0,0.0,0.0,0.052144659377628244
2022-11-14,0.0,0.0,0.0,0.0,0.0,0.0,0.0,0.0,0.0,0.0,0.0,0.0,0.0,0.0,0.0,0.0,0.0,0.0,0.011191047162270262
2022-11-15,0.0,0.0,0.0,0.0,0.0,0.0,0.0,0.0,0.0,0.0,0.0,0.0,0.0,0.0,0.0,0.0,0.0,0.0,0.04031620553359683
2022-11-16,0.0,0.0,0.0,0.0,0.0,0.0,0.0,0.0,0.0,0.0,0.0,0.0,0.0,0.0,0.0,0.0,0.0,0.0,-0.01671732522796343
2022-11-17,0.0,0.0,0.0,0.0,0.0,0.0,0.0,0.0,0.0,0.0,0.0,0.0,0.0,0.0,0.0,0.0,0.0,0.0,0.0
2022-11-18,0.0,0.0,0.0,0.0,0.0,0.0,0.0,0.0,0.0,0.0,0.0,0.0,0.0,0.0,0.0,0.0,0.0,0.0,-0.0023183925811438577
2022-11-21,0.0,0.0,0.0,0.0,0.0,0.0,0.0,0.0,0.0,0.0,0.0,0.0,0.0,0.0,0.0,0.0,0.0,0.0,-0.004647560030983655
2022-11-22,0.0,0.0,0.0,0.0,0.0,0.0,0.0,0.0,0.0,0.0,0.0,0.0,0.0,0.0,0.0,0.0,0.0,0.0,0.009338521400778177
2022-11-23,0.0,0.0,0.0,0.0,0.0,0.0,0.0,0.0,0.0,0.0,0.0,0.0,0.0,0.0,0.0,0.0,0.0,0.0,0.006939090208172738
2022-11-24,0.0,0.0,0.0,0.0,0.0,0.0,0.0,0.0,0.0,0.0,0.0,0.0,0.0,0.0,0.0,0.0,0.0,0.0,0.009188361408882129
2022-11-25,0.0,0.0,0.0,0.0,0.0,0.0,0.0,0.0,0.0,0.0,0.0,0.0,0.0,0.0,0.0,0.0,0.0,0.0,-0.0015174506828529166
2022-11-28,0.0,0.0,0.0,0.0,0.0,0.0,0.0,0.0,0.0,0.0,0.0,0.0,0.0,0.0,0.0,0.0,0.0,0.0,-0.01671732522796343
2022-11-29,0.0,0.0,0.0,0.0,0.0,0.0,0.0,0.0,0.0,0.0,0.0,0.0,0.0,0.0,0.0,0.0,0.0,0.0,0.0061823802163831765
2022-11-30,0.0,0.0,0.0,0.0,0.0,0.0,0.0,0.0,0.0,0.0,0.0,0.0,0.0,0.0,0.0,0.0,0.0,0.0,0.009984639016897168
2022-12-01,0.0,0.0,0.0,0.0,0.0,0.0,0.0,0.0,0.0,0.0,0.0,0.0,0.0,0.0,0.0,0.0,0.0,0.0,0.015209125475285079
2022-12-02,0.0,0.0,0.0,0.0,0.0,0.0,0.0,0.0,0.0,0.0,0.0,0.0,0.0,0.0,0.0,0.0,0.0,0.0,-0.006741573033707926
2022-12-05,0.0,0.0,0.0,0.0,0.0,0.0,0.0,0.0,0.0,0.0,0.0,0.0,0.0,0.0,0.0,0.0,0.0,0.0,-0.0007541478129713397
2022-12-06,0.0,0.0,0.0,0.0,0.0,0.0,0.0,0.0,0.0,0.0,0.0,0.0,0.0,0.0,0.0,0.0,0.0,0.0,-0.01584905660377356
2022-12-07,0.0,0.0,0.0,0.0,0.0,0.0,0.0,0.0,0.0,0.0,0.0,0.0,0.0,0.0,0.0,0.0,0.0,0.0,-0.006901840490797562
2022-12-08,0.0,0.0,0.0,0.0,0.0,0.0,0.0,0.0,0.0,0.0,0.0,0.0,0.0,0.0,0.0,0.0,0.0,0.0,-0.01158301158301156
2022-12-09,0.0,0.0,0.0,0.0,0.0,0.0,0.0,0.0,0.0,0.0,0.0,0.0,0.0,0.0,0.0,0.0,0.0,0.0,0.014843750000000044
2022-12-12,0.0,0.0,0.0,0.0,0.0,0.0,0.0,0.0,0.0,0.0,0.0,0.0,0.0,0.0,0.0,0.0,0.0,0.0,-0.006928406466512715
2022-12-13,0.0,0.0,0.0,0.0,0.0,0.0,0.0,0.0,0.0,0.0,0.0,0.0,0.0,0.0,0.0,0.0,0.0,0.0,-0.005426356589147252
2022-12-14,0.0,0.0,0.0,0.0,0.0,0.0,0.0,0.0,0.0,0.0,0.0,0.0,0.0,0.0,0.0,0.0,0.0,0.0,0.013250194855806585
2022-12-15,0.0006824561963505449,0.002961188769460943,0.0,0.0,0.0,0.0,-0.0005645001353582479,0.00121365216177316,0.0,0.0,0.0,0.0,-0.002429118605254965,-0.0013962642601978992,0.0,0.0,0.0,0.0,0.0007692307692306333
2022-12-16,-0.011547536569166295,-0.01851002672636881,-0.0003927497362516963,-0.0043165621229037665,0.0,0.0,-0.012780053199957342,-0.020229555971540303,-0.0016383662474839245,-0.0060514181440958215,0.0,0.0,-0.014628828146143413,-0.022808849839297873,-0.0035009812358279824,-0.008642396324206936,0.0,0.0,-0.017678708685626376
2022-12-19,0.0,0.0,-0.006967064110531829,-0.006300195983202528,0.0032707879505178283,-0.014940160667262337,0.0,0.0,-0.008207962168149896,-0.008042395741037489,0.0020206062832897054,-0.016656506373629032,0.0,0.0,-0.01006930925457683,-0.01065569537778921,0.00015116485365673782,-0.019219839711036912,-0.0046948356807511304
2022-12-20,0.0,0.0,0.0,0.0,-0.0022024377267870765,-0.000442044713683698,0.0,0.0,0.0,0.0,-0.0034556365837300485,-0.00219328712185507,0.0,0.0,0.0,0.0,-0.005335434869144229,-0.004820150734111683,-0.01729559748427678
2022-12-21,0.0,0.0,0.0,0.0,0.0,0.0,0.0,0.0,0.0,0.0,0.0,0.0,0.0,0.0,0.0,0.0,0.0,0.0,0.0023999999999999577
2022-12-22,0.0,0.0,0.0,0.0,0.0,0.0,0.0,0.0,0.0,0.0,0.0,0.0,0.0,0.0,0.0,0.0,0.0,0.0,0.016759776536312998
2022-12-23,0.0,0.0,0.0,0.0,0.0,0.0,0.0,0.0,0.0,0.0,0.0,0.0,0.0,0.0,0.0,0.0,0.0,0.0,-0.014128728414442793
2022-12-26,0.0,0.0,0.0,0.0,0.0,0.0,0.0,0.0,0.0,0.0,0.0,0.0,0.0,0.0,0.0,0.0,0.0,0.0,0.0023885350318473275
2022-12-27,0.0,0.0,0.0,0.0,0.0,0.0,0.0,0.0,0.0,0.0,0.0,0.0,0.0,0.0,0.0,0.0,0.0,0.0,0.002382843526608447
2022-12-28,0.0,0.0,0.0,0.0,0.0,0.0,0.0,0.0,0.0,0.0,0.0,0.0,0.0,0.0,0.0,0.0,0.0,0.0,-0.015847860538827252
2022-12-29,0.0,0.0,0.0,0.0,0.0,0.0,0.0,0.0,0.0,0.0,0.0,0.0,0.0,0.0,0.0,0.0,0.0,0.0,-0.004025764895330131
2022-12-30,0.0,0.0,0.0,0.0,0.0,0.0,0.0,0.0,0.0,0.0,0.0,0.0,0.0,0.0,0.0,0.0,0.0,0.0,0.004042037186742009
2023-01-03,0.0,0.0,0.0,0.0,0.0,0.0,0.0,0.0,0.0,0.0,0.0,0.0,0.0,0.0,0.0,0.0,0.0,0.0,0.008051529790660261
2023-01-04,0.0,0.0,0.0,0.0,0.0,0.0,0.0,0.0,0.0,0.0,0.0,0.0,0.0,0.0,0.0,0.0,0.0,0.0,-0.003993610223642197
2023-01-05,0.0,0.0,0.0,0.0,0.0,0.0,0.0,0.0,0.0,0.0,0.0,0.0,0.0,0.0,0.0,0.0,0.0,0.0,0.007217321571772128
2023-01-06,0.0,0.0,0.0,0.0,0.0,0.0,0.0,0.0,0.0,0.0,0.0,0.0,0.0,0.0,0.0,0.0,0.0,0.0,0.006369426751592355
2023-01-09,0.0,0.0,0.0,0.0,0.0,0.0,0.0,0.0,0.0,0.0,0.0,0.0,0.0,0.0,0.0,0.0,0.0,0.0,0.032436708860759556
2023-01-10,0.0,0.0,0.0,0.0,0.0,0.0,0.0,0.0,0.0,0.0,0.0,0.0,0.0,0.0,0.0,0.0,0.0,0.0,0.00766283524904221
2023-01-11,0.0,0.0,0.0,0.0,0.0,0.0,0.0,0.0,0.0,0.0,0.0,0.0,0.0,0.0,0.0,0.0,0.0,0.0,-0.0022813688212928174
2023-01-12,0.0,0.0,0.0,0.0,0.0,0.0,0.0,0.0,0.0,0.0,0.0,0.0,0.0,0.0,0.0,0.0,0.0,0.0,-0.0007621951219511924
2023-01-13,-0.015511239759386064,-0.023876981971672095,0.0,0.0,0.0,0.0,-0.016738017030714092,-0.025577756365249837,0.0,0.0,0.0,0.0,-0.018572461028791065,-0.028117834209879233,0.0,0.0,0.0,0.0,0.011441647597254079
2023-01-16,0.008609136547961471,0.00828188309195399,-4.7132654891979264e-05,-0.0021576390867337203,0.0,0.0,0.008609136547961471,0.00828188309195399,-0.001293179841614922,-0.003896256765985373,0.0,0.0,0.008609136547961471,0.008281883091954212,-0.0031564388344476058,-0.006492852918904113,0.0,0.0,0.008295625942684737
2023-01-17,0.007970086176748215,0.01998470317168466,0.008052714261392424,0.019959924233079906,0.004813293330450774,0.01448889714216195,0.007970086176748437,0.01998470317168466,0.008052714261392424,0.01995992423308013,0.003561189538138887,0.012721274919387682,0.007970086176748437,0.01998470317168488,0.008052714261392424,0.01995992423308013,0.0016888738860152408,0.010081360970367603,-0.0014958863126401933
2023-01-30,0.018449711205925423,0.032287574456849155,0.01884862880382765,0.03272544966895263,0.01866640366468797,0.032766443489500086,0.018449711205925423,0.032287574456849155,0.01884862880382787,0.03272544966895241,0.01866640366468797,0.032766443489499864,0.018449711205925423,0.03228757445684982,0.01884862880382765,0.03272544966895308,0.01866640366468819,0.03276644348950053,0.04494382022471921
2023-01-31,-0.0015844074967825694,0.01464764205316671,-0.0016457080815118763,0.014630646347319143,-0.0016291063156842478,0.014378089823762874,-0.0015844074967826804,0.01464764205316671,-0.0016457080815117653,0.014630646347319143,-0.0016291063156840258,0.014378089823763096,-0.0015844074967825694,0.014647642053167154,-0.0016457080815116543,0.014630646347319365,-0.0016291063156842478,0.014378089823763096,-0.016487455197132683
2023-02-01,0.008770536479811852,0.008512529988925044,0.008934609853883835,0.008436833605003358,0.008850798874707078,0.008573569351985277,0.008770536479812074,0.008512529988924822,0.008934609853883613,0.008436833605003136,0.008850798874706634,0.008573569351984833,0.008770536479811852,0.008512529988925044,0.008934609853883613,0.00843683360500358,0.008850798874706634,0.008573569351985277,0.005102040816326703
2023-02-02,0.018366426953634996,0.02031674899604985,0.018666332153880916,0.020542459909270283,0.0185151125552514,0.020471144037292,0.018366426953634774,0.02031674899605007,0.018666332153881138,0.020542459909270283,0.018515112555251623,0.020471144037292,0.018366426953634996,0.020316748996050293,0.018666332153880916,0.020542459909270727,0.018515112555251623,0.020471144037292444,0.014503263234227681
2023-02-03,0.002947201445088865,-0.0021731486051925764,0.0029387987066908927,-0.002217282748074534,0.0029363551640166907,-0.0022402597126870427,0.002947201445088865,-0.0021731486051925764,0.0029387987066908927,-0.002217282748074423,0.0029363551640164687,-0.0022402597126868207,0.002947201445088865,-0.0021731486051924653,0.002938798706691337,-0.002217282748074645,0.0029363551640166907,-0.0022402597126869317,0.0
2023-02-06,-0.016551061073140194,-0.027276499299810797,-0.015265035121273862,-0.012932069050537898,-0.015117899095251519,-0.012837140256572566,-0.017331487049543015,-0.028555926376739316,-0.015265035121273973,-0.012932069050537787,-0.015117899095251297,-0.012837140256572566,-0.018502126014147025,-0.03047267285463795,-0.015265035121273973,-0.012932069050538009,-0.015117899095251297,-0.012837140256572899,-0.013581129378127277
2023-02-07,0.012165260512313703,0.026026676967534135,0.009953223813179646,0.023846060377850087,0.010595396543294333,0.01648685476819778,0.01216526051231348,0.026026676967534135,0.009142659301650147,0.022496218983644622,0.010595396543294555,0.01648685476819778,0.01216526051231348,0.026026676967534135,0.007928329309265347,0.020473982793148826,0.010595396543294555,0.016486854768198,-0.0021739130434783593
2023-02-08,0.027310277338226108,0.027296696265579623,0.027566717833890753,0.027397305802395078,0.02528967323959752,0.022108055785040825,0.02731027733822544,0.02729669626557918,0.027566717833890753,0.027397305802394856,0.02446547977738045,0.020784069862508137,0.027310277338225664,0.0272966962655794,0.027566717833890975,0.027397305802395078,0.02322839868455784,0.018798090978709325,0.014524328249818419
2023-02-09,-0.009998095821740605,0.009463299924525437,-0.010028690546018848,0.009095348104095402,-0.010016035650641353,0.009336344733936741,-0.009998095821740383,0.009463299924525437,-0.010028690546018959,0.009095348104095402,-0.01001603565064102,0.009336344733936297,-0.009998095821740494,0.009463299924525659,-0.010028690546019181,0.00909534810409518,-0.01001603565064113,0.009336344733936297,0.000715819613457569
2023-02-10,0.0012274648312244896,-0.012498974872439228,0.0011692731663637268,-0.012529091459637098,0.001260178094210307,-0.012467874927011957,0.0012274648312244896,-0.012498974872439117,0.0011692731663639488,-0.012529091459636987,0.0012601780942100849,-0.012467874927011957,0.0012274648312242675,-0.012498974872439228,0.0011692731663641709,-0.012529091459636987,0.0012601780942098628,-0.012467874927011624,0.0014306151645206988
2023-02-13,-0.005049000517396984,-0.00861241641145627,-0.00509580830418066,-0.008731126842793757,-0.005021482042773195,-0.0085613722327339,-0.005049000517396762,-0.00861241641145638,-0.005095808304180771,-0.008731126842793646,-0.005021482042773084,-0.008561372232733455,-0.005049000517396873,-0.008612416411456603,-0.005095808304180882,-0.008731126842793646,-0.005021482042772973,-0.008561372232733677,-0.002142857142857224
2023-02-14,0.011988532715426548,0.002242898387338821,0.012037315011724115,0.002310930064374217,0.011848611800332254,0.002232590917845556,0.011988532715426548,0.002242898387338821,0.012037315011724115,0.002310930064373995,0.011848611800332032,0.002232590917845334,0.011988532715426325,0.002242898387339043,0.012037315011724337,0.002310930064373995,0.011848611800332032,0.002232590917845334,0.005726556907659441
2023-02-15,0.001816006379394386,0.009525755803217573,0.0018422216210252085,0.009406761094349347,0.0017223924813860592,0.00962920586980709,0.0018160063793941639,0.009525755803217795,0.0018422216210249864,0.009406761094349347,0.0017223924813862812,0.009629205869806867,0.0018160063793941639,0.009525755803217795,0.0018422216210247644,0.009406761094349125,0.0017223924813858371,0.00962920586980709,-0.01992882562277587
2023-02-16,0.006121282056976263,0.020982950427825386,0.006219713200667165,0.02100974597947336,0.005982927893259937,0.02083624809178586,0.006121282056976485,0.020982950427824942,0.006219713200667387,0.021009745979473138,0.005982927893259937,0.020836248091785414,0.006121282056976263,0.020982950427825386,0.006219713200667609,0.02100974597947336,0.005982927893259937,0.020836248091785414,0.01089324618736387
2023-02-17,-0.011254974745130264,0.004176760204961827,-0.011255727311107133,0.004287187098047873,-0.01160188502647097,0.004417940716462843,-0.011254974745130264,0.004176760204961827,-0.011255727311107355,0.004287187098048095,-0.01160188502647086,0.0044179407164626205,-0.011254974745130153,0.004176760204961605,-0.011255727311107577,0.004287187098047651,-0.01160188502647086,0.004417940716462843,-0.012931034482758452
2023-02-20,0.008087191875976618,0.0107120271200003,0.008151191303216843,0.010620654386355177,0.008043174743020742,0.010561993373252143,0.008087191875976618,0.010712027120000078,0.008151191303217065,0.010620654386354955,0.00804317474302052,0.010561993373252143,0.00808719187597684,0.010712027120000078,0.008151191303217065,0.0106206543863554,0.00804317474302052,0.010561993373251921,0.0021834061135370675
2023-02-21,0.013295598895102678,0.024213274792169726,0.01342270035611226,0.023784528884482237,0.013025802999197422,0.023799425492899484,0.013295598895102234,0.024213274792169726,0.013422700356112038,0.023784528884482015,0.013025802999196978,0.02379942549289904,0.013295598895102234,0.024213274792169726,0.01342270035611226,0.023784528884482015,0.013025802999196978,0.023799425492899262,-0.001452432824981753
2023-02-22,-0.012063419202641201,-0.01907119684322589,-0.012101274397258832,-0.0193645094799334,-0.011932727010010802,-0.01856921388784094,-0.01206341920264098,-0.01907119684322567,-0.012101274397258832,-0.01936450947993329,-0.01193272701001058,-0.01856921388784094,-0.012063419202640868,-0.01907119684322589,-0.012101274397258721,-0.01936450947993329,-0.011932727010010358,-0.01856921388784094,-0.01018181818181818
2023-02-23,0.01564150174048229,0.0282804026703265,0.015941704196832163,0.028762500779630384,0.015224000772230406,0.02740644361110456,0.015641501740481845,0.028280402670326055,0.01594170419683194,0.028762500779630384,0.015224000772230184,0.027406443611104336,0.015641501740481845,0.0282804026703265,0.015941704196832163,0.028762500779630606,0.015224000772230406,0.027406443611104114,0.014695077149154967
2023-02-24,0.006666178084291374,0.011818964723482317,0.006814785016272307,0.011732009151645517,0.006516991933120719,0.011205922920433764,0.00666617808429093,0.011818964723482095,0.006814785016272085,0.011732009151645295,0.006516991933120941,0.011205922920433542,0.00666617808429093,0.011818964723482317,0.006814785016272307,0.011732009151645295,0.006516991933120497,0.011205922920433542,-0.005068790731354023
2023-03-01,0.0051881400394493404,0.010688640454154408,0.005193464579147822,0.010502490166439005,0.005019377976975603,0.010075926471648344,0.0051881400394493404,0.010688640454154186,0.005193464579148044,0.010502490166439005,0.005019377976975381,0.010075926471648122,0.0051881400394493404,0.01068864045415463,0.005193464579148044,0.010502490166438783,0.005019377976975603,0.010075926471648122,0.00509461426491975
2023-03-02,0.003081610976953586,0.00013453317489919847,0.0031466325177142984,0.000159443482560917,0.0031270520529149692,6.016678396458808e-05,0.003081610976953586,0.00013453317489919847,0.0031466325177142984,0.00015944348256113905,0.0031270520529151913,6.016678396458808e-05,0.003081610976953586,0.00013453317489897643,0.0031466325177142984,0.000159443482560917,0.0031270520529149692,6.016678396458808e-05,-0.002896451846488124
2023-03-03,-0.016114512258437852,-0.017284143326022794,-0.016405851904752855,-0.017151118962903,-0.015623223710679923,-0.01687731142302118,-0.01611451225843752,-0.01728414332602235,-0.016405851904752855,-0.017151118962903222,-0.015623223710679923,-0.016877311423020958,-0.016114512258437408,-0.017284143326022683,-0.016405851904753077,-0.01715111896290311,-0.015623223710679701,-0.016877311423020847,0.002178649237472907
2023-03-06,0.02057117460092206,0.021260456917115533,0.020567567991593316,0.021331765903296995,0.020730875293539786,0.021342788015681347,0.020571174600921838,0.02126045691711509,0.020567567991593316,0.021331765903296995,0.020730875293539563,0.021342788015681124,0.020571174600921838,0.02126045691711531,0.02056756799159354,0.021331765903296995,0.02073087529353912,0.021342788015680902,0.010869565217391353
2023-03-07,0.01468663182879859,0.0035149447206688222,0.014615793460735604,0.003436716374458193,0.014772622040274186,0.004186198698785892,0.014686631828798147,0.0035149447206688222,0.014615793460735382,0.003436716374458415,0.014772622040273964,0.004186198698785892,0.014686631828797925,0.0035149447206690443,0.014615793460735604,0.003436716374458193,0.014772622040273964,0.004186198698785892,0.00501792114695343
2023-03-08,-0.0053108353560099575,0.012204291445095272,0.0002418944668751699,0.01867698437389609,-2.7943014913489606e-05,0.01875838399112273,-0.006108108741356588,0.011557761894082974,0.0002418944668751699,0.018676984373895866,-2.7943014913378583e-05,0.018758383991122507,-0.007303272122275439,0.010589177390826654,0.0002418944668751699,0.01867698437389609,-2.7943014913600628e-05,0.018758383991122507,-0.0064194008559199656
2023-03-09,-0.0006983697789701981,0.00910247798149566,0.00038782073389764804,0.010814559227472875,-0.0009968071805448453,0.008848793086482676,-0.0006983697789704202,0.00910247798149566,-0.00043453423342743047,0.010162715986367088,-0.0009968071805448453,0.008848793086482676,-0.0006983697789705312,0.009102477981495882,-0.001667296496820736,0.009186170891251955,-0.0009968071805444012,0.008848793086482676,-0.001435750179468842
2023-03-10,-0.01278237658576431,-0.0310066700197299,-0.012681693034106267,-0.030724891783428188,-0.02116819816277349,-0.03793009547640547,-0.012782376585764532,-0.031006670019729565,-0.012681693034106267,-0.030724891783427966,-0.02194421619402165,-0.0385375728300118,-0.012782376585764532,-0.03100667001973012,-0.012681693034106378,-0.030724891783428188,-0.02310751645078002,-0.03944765211387602,-0.014378145219266725
2023-03-13,0.009826742778594522,-0.006190713491486255,0.009753791694363079,-0.0060793658448502486,0.009810825257430933,-0.006074556963442612,0.009826742778594522,-0.006190713491486477,0.0097537916943633,-0.0060793658448499155,0.009810825257430711,-0.006074556963442945,0.009826742778594744,-0.006190713491486588,0.0097537916943633,-0.0060793658448500265,0.009810825257430711,-0.006074556963442612,0.0029175784099197966
2023-03-14,-0.011357409908568261,-0.002935976907397997,-0.011253550413904079,-0.0028638529690449,-0.011356314721698402,-0.002894462021896138,-0.011357409908568372,-0.002935976907397886,-0.011253550413903968,-0.002863852969044789,-0.01135631472169818,-0.002894462021896249,-0.011357409908568705,-0.002935976907397886,-0.01125355041390419,-0.002863852969045011,-0.011356314721698069,-0.002894462021896249,-0.010909090909090868
2023-03-15,-0.004003066608065486,0.0021233928021833215,-0.003989788338613076,0.002259833202462147,-0.004000758613398658,0.0023311988825058805,-0.004003066608065486,0.0021233928021833215,-0.003989788338613187,0.002259833202461925,-0.004000758613398436,0.0023311988825058805,-0.004003066608065375,0.0021233928021830994,-0.003989788338613187,0.002259833202462147,-0.004000758613398769,0.0023311988825058805,0.0
2023-03-16,-0.0032345688687732688,-0.011594449274198282,-0.003163698899021905,-0.011424918665304595,-0.0032294905511842664,-0.011374565220980681,-0.0032345688687730467,-0.011594449274198282,-0.003163698899021905,-0.011424918665304373,-0.0032294905511844885,-0.011374565220980903,-0.0032345688687732688,-0.01159444927419817,-0.003163698899021905,-0.011424918665304595,-0.0032294905511843774,-0.01137456522098057,-0.0051470588235292825
2023-03-17,0.008601203898516596,0.018180112953460448,0.00856892622832528,0.01812512440970293,0.008606782003786506,0.018142121242708642,0.008601203898516596,0.01818011295346067,0.00856892622832528,0.01812512440970271,0.008606782003786506,0.018142121242708864,0.00860120389851704,0.01818011295346067,0.00856892622832528,0.01812512440970293,0.008606782003786728,0.01814212124270842,0.013303769401330268
2023-03-20,-0.0009258545318875377,0.02101856975566596,-0.0008973330238006838,0.020758697948693783,-0.0009243840477065612,0.020648872996122947,-0.0009258545318875377,0.02101856975566574,-0.0008973330238007948,0.02075869794869334,-0.0009243840477065612,0.02064887299612339,-0.0009258545318877598,0.021018569755666183,-0.0008973330238007948,0.02075869794869356,-0.0009243840477066723,0.020648872996122947,-0.0051057622173594774
2023-03-21,-3.9999058275563826e-05,0.017272990615105677,-8.650884340299925e-05,0.017262548463512273,-5.906596473082004e-05,0.01758757287426982,-3.9999058275452803e-05,0.01727299061510612,-8.650884340311027e-05,0.017262548463512273,-5.9065964730931064e-05,0.01758757287427004,-3.999905827534178e-05,0.01727299061510612,-8.650884340299925e-05,0.017262548463512273,-5.906596473082004e-05,0.017587572874269597,0.004398826979472137
2023-03-22,0.006715888617424115,0.01705073820474956,0.006680120565272674,0.016897264414903024,0.006722294407328633,0.01715265030292179,0.006715888617423893,0.017050738204749116,0.006680120565272896,0.016897264414902358,0.006722294407328855,0.017152650302922012,0.006715888617423893,0.017050738204749782,0.006680120565272896,0.0168972644149028,0.006722294407328633,0.01715265030292179,0.01897810218978102
2023-03-23,0.005070423259503576,0.0016201992785129793,0.005056177611020507,0.0014321768781306865,0.0050814205346920716,0.0013693944539285852,0.005070423259503576,0.0016201992785129793,0.005056177611020507,0.0014321768781304645,0.0050814205346918495,0.0013693944539285852,0.005070423259503576,0.0016201992785127572,0.005056177611020507,0.0014321768781306865,0.0050814205346920716,0.0013693944539285852,0.006446991404011504
2023-03-24,-0.001185245046664507,0.003664777981199574,-0.0011625088882977197,0.003480977243408123,-0.001147622853804764,0.0035364425175994363,-0.001185245046664396,0.003664777981199574,-0.0011625088882977197,0.003480977243408123,-0.001147622853804653,0.0035364425175996583,-0.001185245046664618,0.003664777981199574,-0.0011625088882977197,0.003480977243408123,-0.001147622853804653,0.0035364425175994363,0.005693950177936058
2023-03-27,-0.005569822599747698,0.0017530788969399858,-0.005531112275994787,0.001990881269068545,-0.005609459140685669,0.002023878710630145,-0.005569822599747698,0.0017530788969399858,-0.005531112275994787,0.001990881269068767,-0.005609459140685558,0.002023878710630367,-0.005569822599747476,0.0017530788969402078,-0.005531112275994676,0.001990881269068767,-0.005609459140685669,0.002023878710630367,-0.006369426751592355
2023-03-28,-0.0047394081909251096,-0.01745180586694739,-0.004667734562788017,-0.01737206917336953,-0.004734550492970002,-0.01749411744755336,-0.004739408190925221,-0.01745180586694739,-0.004667734562788017,-0.01737206917336942,-0.004734550492969669,-0.017494117447553803,-0.004739408190925554,-0.017451805866947723,-0.004667734562788017,-0.017372069173369642,-0.00473455049296978,-0.017494117447553692,-0.008547008547008628
2023-03-29,-0.0033783599314404222,4.3205091161846454e-05,-0.003309652892713566,-4.856502767158766e-05,-0.003300783565865273,-0.00012935735352148647,-0.0033783599314404222,4.320509116229054e-05,-0.003309652892713677,-4.85650276718097e-05,-0.003300783565865495,-0.00012935735352126443,-0.003378359931440311,4.32050911620685e-05,-0.003309652892713677,-4.856502767169868e-05,-0.003300783565865495,-0.00012935735352126443,0.00287356321839094
2023-03-30,0.0003293176007668208,0.004765641240635166,0.0003355854291842153,0.004823910737620896,0.0003661279387900951,0.004928568700880653,0.0003293176007668208,0.004765641240635166,0.00033558542918399326,0.004823910737620896,0.00036612793879031713,0.004928568700880653,0.00032931760076659877,0.004765641240635388,0.0003355854291842153,0.004823910737621118,0.00036612793879031713,0.004928568700880653,0.003581661891117527
2023-03-31,0.0021600115054825064,0.005575410145366444,0.0021561119489148517,0.005749541757468668,0.0021545659402952833,0.005645018615801689,0.0021600115054825064,0.005575410145366444,0.0021561119489148517,0.005749541757468668,0.002154565940295061,0.005645018615801911,0.0021600115054829505,0.005575410145366444,0.0021561119489150737,0.005749541757468446,0.0021545659402952833,0.005645018615801689,0.002855103497501732
2023-04-06,-0.00030282182102081556,0.003411723802013933,-0.00026820321356857413,0.0033436394412644788,-0.0002806143511453474,0.0029577942551362035,-0.00030282182102081556,0.003411723802013933,-0.00026820321356868515,0.0033436394412644788,-0.00028061435114523636,0.0029577942551359815,-0.0003028218210210376,0.003411723802013933,-0.00026820321356879617,0.0033436394412644788,-0.0002806143511454584,0.0029577942551362035,-0.002846975088968029
2023-04-07,-0.0005836788035088469,0.006420102615515955,-0.0006004064202028703,0.006045060820218495,-0.0006437036523033735,0.006074443751909575,-0.0005836788035088469,0.006420102615515955,-0.0006004064202027593,0.006045060820218051,-0.0006437036523034845,0.006074443751909797,-0.0005836788035088469,0.006420102615515955,-0.0006004064202028703,0.006045060820218273,-0.0006437036523032624,0.006074443751909575,-0.001427551748750866
2023-04-10,3.3888485556632375e-05,0.013828630936470576,0.0006484833829121239,0.006490016986134384,0.0006480866753277859,0.006470571781212575,-0.0007696893392354909,0.012725858185651306,0.0006484833829121239,0.006490016986134384,0.0006480866753280079,0.006470571781212575,-0.0019735523754040862,0.011075817981549552,0.0006484833829121239,0.006490016986134384,0.0006480866753277859,0.006470571781212353,0.0014295925661185205
2023-04-11,0.005088901143637692,0.019574069313461173,0.003177721821119084,0.010693917054444002,0.008620768871614004,0.019574696370044498,0.005088901143637692,0.019574069313461173,0.0023708099776691416,0.009599296716092054,0.008620768871613782,0.01957469637004472,0.00508890114363747,0.019574069313461173,0.0011619521523211773,0.007959414525066544,0.008620768871614004,0.019574696370044498,-0.001427551748750866
2023-04-12,0.00048238744193351835,0.009627906381523887,0.0005427306851966129,0.00965899810943971,-0.003119345061963985,0.010261868559248821,0.0004823874419332963,0.009627906381523665,0.0005427306851963909,0.00965899810943971,-0.003927074528891961,0.00910450753672798,0.00048238744193351835,0.009627906381523887,0.0005427306851963909,0.009658998109439487,-0.005137157259473724,0.0073727888155303845,-0.002144388849178114
2023-04-13,-0.018323352807483873,-0.031080310444866255,-0.018347923155193957,-0.031057152119434606,-0.018428278059915537,-0.03104157876680791,-0.018323352807484317,-0.031080310444866366,-0.018347923155194068,-0.03105715211943416,-0.018428278059915426,-0.031041578766807798,-0.018323352807483873,-0.031080310444866366,-0.018347923155194068,-0.03105715211943405,-0.018428278059915537,-0.031041578766807798,-0.00859598853868182
2023-04-14,0.012383503754943792,0.03130875337471517,0.012247469016679613,0.03125353627923255,0.012349611661945703,0.032116091744559094,0.012383503754944236,0.03130875337471517,0.012247469016679613,0.03125353627923233,0.012349611661945259,0.03211609174455887,0.012383503754944014,0.03130875337471517,0.012247469016679391,0.03125353627923211,0.012349611661945703,0.03211609174455865,0.009393063583814865
2023-04-17,0.0019332226475050618,-0.006482826216459903,0.0020279503521862807,-0.006531654640644646,0.0019881254431344253,-0.007271260979184735,0.0019332226475050618,-0.006482826216459792,0.0020279503521865028,-0.006531654640644646,0.0019881254431344253,-0.007271260979184513,0.0019332226475048397,-0.006482826216459681,0.002027950352186725,-0.006531654640644757,0.0019881254431344253,-0.007271260979184735,-0.0014316392269146938
2023-04-18,-0.01064290728003603,-0.019800722992119102,-0.010552353866597253,-0.019672005085450195,-0.010667167017701207,-0.020408435614279186,-0.01064290728003614,-0.019800722992119324,-0.010552353866597253,-0.019672005085450084,-0.010667167017701096,-0.020408435614279186,-0.010642907280035807,-0.019800722992119546,-0.010552353866597364,-0.019672005085450084,-0.010667167017701429,-0.020408435614279186,-0.0035842293906810374
2023-04-19,-0.005316407474746709,0.0027966446369229736,-0.005381854511192441,0.0026884734891881035,-0.005397388087095556,0.0025482464818009642,-0.00531640747474682,0.0027966446369231956,-0.005381854511192663,0.0026884734891881035,-0.005397388087095556,0.0025482464818009642,-0.005316407474746709,0.0027966446369234177,-0.005381854511192774,0.0026884734891881035,-0.005397388087095556,0.0025482464818011863,-0.007194244604316502
2023-04-20,-0.012311756595785761,-0.015843264834956683,-0.012301410858661987,-0.016207626011387588,-0.012110368690606443,-0.01586044403474718,-0.012311756595785761,-0.015843264834956572,-0.012301410858661654,-0.016207626011387588,-0.01211036869060611,-0.0158604440347474,-0.012311756595785539,-0.015843264834956905,-0.012301410858661654,-0.016207626011387588,-0.012110368690606221,-0.01586044403474729,-0.0014492753623187582
2023-04-21,-0.008842293094462605,-0.03344883116783148,-0.008793983808629169,-0.032985842261022635,-0.008865258152344402,-0.03369073240780163,-0.008842293094462716,-0.033448831167831594,-0.008793983808629613,-0.03298584226102241,-0.008865258152344402,-0.03369073240780107,-0.008842293094462383,-0.03344883116783137,-0.008793983808629613,-0.0329858422610223,-0.008865258152344402,-0.033690732407801294,-0.002902757619738794
2023-04-24,0.0006199195716023453,0.011689166308453292,0.0005514630789276165,0.011650526656136195,0.0005383477819176363,0.011378639751068231,0.0006199195716025674,0.011689166308453514,0.0005514630789276165,0.011650526656136195,0.0005383477819174143,0.011378639751068231,0.0006199195716025674,0.011689166308453292,0.0005514630789276165,0.011650526656136195,0.0005383477819178584,0.01137863975106801,-0.00363901018922852
2023-04-25,-0.03260724910725166,-0.048285912733941894,-0.03236751491691903,-0.048108220462304896,-0.03246939075996369,-0.04797745592624947,-0.0326072491072521,-0.048285912733941894,-0.03236751491691947,-0.04810822046230501,-0.032469390759963024,-0.04797745592624891,-0.03260724910725166,-0.048285912733942005,-0.03236751491691947,-0.04810822046230456,-0.03246939075996336,-0.047977455926249135,-0.012417823228634162
2023-04-26,0.010191130481192578,0.009326063058541223,0.010100831267950472,0.009194263456484553,0.010137136038295802,0.00969725238281316,0.010191130481192578,0.009326063058541001,0.010100831267950694,0.009194263456484553,0.01013713603829558,0.009697252382812938,0.010191130481192356,0.009326063058541223,0.010100831267950916,0.009194263456484553,0.01013713603829558,0.009697252382812938,-0.008136094674556227
2023-04-27,-0.0033392109496662714,0.014848731047997,-0.0032873863960820593,0.014631932102249001,-0.003207053416505401,0.01479381485184672,-0.0033392109496663824,0.014848731047997,-0.0032873863960820593,0.014631932102249001,-0.003207053416505512,0.01479381485184672,-0.0033392109496662714,0.014848731047996777,-0.0032873863960822813,0.01463193210224878,-0.00320705341650529,0.014793814851846943,0.0022371364653244186
2023-04-28,0.012141608965910766,0.013441970691352001,0.012053533176553,0.013760685557736574,0.012057385890513528,0.01356448318785497,0.012141608965910766,0.013441970691352001,0.012053533176553,0.013760685557736352,0.012057385890513528,0.013564483187854748,0.012141608965910766,0.013441970691352223,0.012053533176553,0.013760685557736352,0.012057385890513306,0.013564483187854748,0.01116071428571419
2023-05-02,0.015750052856885244,0.043079921663805365,0.0155837195394124,0.04280741625587736,0.015916180668269497,0.04218465517277292,0.015750052856885466,0.04307992166380514,0.015583719539412622,0.04280741625587714,0.015916180668269275,0.04218465517277248,0.015750052856885022,0.043079921663805365,0.015583719539412622,0.04280741625587692,0.015916180668269275,0.04218465517277292,0.0014716703458423908
2023-05-03,-0.002723114228828538,-0.017716755688640395,-0.0026723518844006255,-0.017618474195085332,-0.002712738158341832,-0.0167100278928366,-0.002723114228828316,-0.017716755688640395,-0.0026723518844006255,-0.01761847419508522,-0.002712738158342054,-0.016710027892836377,-0.002723114228828205,-0.017716755688640506,-0.0026723518844008476,-0.017618474195085332,-0.002712738158341943,-0.01671002789283682,-0.0029390154298309934
2023-05-04,0.0027750529411356695,0.003495923139658519,0.002767768009672711,0.00353466161428595,0.0028667043244525736,0.0033338585664115516,0.0027750529411356695,0.003495923139658519,0.002767768009672711,0.003534661614286172,0.0028667043244525736,0.0033338585664113296,0.0027750529411354474,0.003495923139658297,0.002767768009672711,0.003534661614286172,0.0028667043244525736,0.0033338585664115516,0.0014738393515107973
2023-05-05,0.00011586929620510666,-0.0004809801602594366,4.528340264142727e-05,-0.00068919944194612,0.00019040818642257484,2.848308721059567e-05,0.00011586929620510666,-0.0004809801602594366,4.528340264142727e-05,-0.0006891994419462311,0.00019040818642257484,2.848308721059567e-05,0.00011586929620532871,-0.00048098016025932555,4.528340264164932e-05,-0.000689199441946009,0.0001904081864227969,2.848308721059567e-05,0.003679175864606421
2023-05-08,0.008457849909808468,0.02688653320438794,0.008473431301067702,0.02710145534865238,0.008384049251034309,0.02566926432258665,0.008457849909808468,0.02688653320438794,0.008473431301067702,0.02710145534865216,0.008384049251033865,0.02566926432258665,0.008457849909808246,0.02688653320438794,0.008473431301067924,0.02710145534865216,0.008384049251034087,0.02566926432258665,0.00586510263929596
2023-05-09,-0.0057567101950305455,0.004333897366999517,-0.0021176598983907446,-0.010886618867532838,-0.0019865321366335786,-0.009511144979380548,-0.007509622534012883,0.0027885972596028985,-0.0021176598983907446,-0.010886618867532727,-0.0019865321366335786,-0.009511144979380437,-0.010134075722493585,0.00047641888675808985,-0.0021176598983907446,-0.010886618867532949,-0.0019865321366336897,-0.009511144979380548,0.00291545189504383
2023-05-10,-0.00390958015346432,0.016261245964398263,-0.006138825141744686,0.018418904558610283,-0.004366447975710841,0.016286183368143137,-0.00390958015346432,0.016261245964398485,-0.007907786455714882,0.016845337873518718,-0.004366447975710619,0.016286183368142915,-0.003909580153464209,0.016261245964398263,-0.010556268103942723,0.014487932394319225,-0.00436644797571073,0.016286183368143137,-0.007267441860465129
2023-05-11,-0.0058240953741658386,-0.0011980777949073262,-0.005882427605715224,-0.0011745860694949428,-0.009547424455953468,0.0002589476234355903,-0.0058240953741657275,-0.0011980777949074373,-0.005882427605715446,-0.0011745860694950538,-0.011335422596617906,-0.001283201158935321,-0.0058240953741658386,-0.0011980777949073262,-0.005882427605715446,-0.0011745860694950538,-0.014012406103953823,-0.0035964243324924094,-0.004392386530014614
2023-05-12,0.014144136371750271,0.01544967030842348,0.014142407679133218,0.015356004275687951,0.014151342037812986,0.01500990651471068,0.014144136371749827,0.015449670308423258,0.01414240767913344,0.015356004275687951,0.014151342037813208,0.015009906514710902,0.014144136371750271,0.01544967030842348,0.01414240767913344,0.015356004275688395,0.014151342037812764,0.015009906514710902,-0.002941176470588225
2023-05-15,-0.01210297742131683,-0.006935168103818112,-0.012097998421840894,-0.006924982430939419,-0.012094976717764605,-0.007178610326673662,-0.012102977421316607,-0.006935168103817779,-0.012097998421841005,-0.006924982430939197,-0.012094976717764716,-0.007178610326673773,-0.012102977421316718,-0.006935168103818001,-0.012097998421840894,-0.00692498243093953,-0.012094976717764494,-0.007178610326673662,0.0
2023-05-16,0.014808654219930606,0.01019710326954959,0.0148580153295359,0.010126718601101592,0.014862323441043657,0.009800984809800406,0.014808654219930384,0.010197103269549368,0.014858015329536123,0.01012671860110137,0.014862323441043435,0.009800984809800628,0.014808654219930384,0.010197103269549146,0.0148580153295359,0.01012671860110137,0.014862323441043435,0.009800984809800628,0.01179941002949847
2023-05-17,0.001205513036857564,0.011235536262460766,0.0012301302674853076,0.01116766307081285,0.0011665402793736845,0.010593071919367203,0.001205513036857342,0.011235536262460988,0.0012301302674855297,0.011167663070812628,0.0011665402793736845,0.010593071919366981,0.001205513036857342,0.011235536262460988,0.0012301302674853076,0.011167663070812628,0.0011665402793736845,0.010593071919367425,0.015306122448979664
2023-05-18,0.010777531903424009,0.005794388788138649,0.010806543788274947,0.005791138810056884,0.010763091847790784,0.0058503798816802455,0.010777531903424009,0.005794388788138649,0.010806543788274947,0.005791138810057106,0.010763091847790784,0.0058503798816804675,0.010777531903424009,0.005794388788138649,0.010806543788274947,0.005791138810057106,0.010763091847790784,0.0058503798816802455,0.012921751615218913
2023-05-19,0.006278134791722234,0.02102594119129586,0.0061510940782043555,0.020869150493773247,0.0061549165399354955,0.020580330093626475,0.006278134791722012,0.021025941191296083,0.0061510940782045775,0.020869150493773247,0.0061549165399354955,0.020580330093626698,0.006278134791722456,0.02102594119129564,0.0061510940782045775,0.02086915049377347,0.0061549165399352734,0.020580330093626698,0.002126151665485576
2023-05-22,-0.0072524727902407715,-0.0028831810257747836,-0.007296367278213367,-0.0028440083733975996,-0.007314616354032744,-0.0029236200731811435,-0.0072524727902405495,-0.0028831810257747836,-0.007296367278213589,-0.0028440083733974886,-0.0073146163540326326,-0.0029236200731813655,-0.0072524727902409936,-0.0028831810257748947,-0.007296367278213478,-0.0028440083733975996,-0.0073146163540325215,-0.0029236200731811435,-0.0007072135785006761
2023-05-23,0.0019323430639017758,0.008900901621357482,0.0019402054842698746,0.008836284597000255,0.001958768155050139,0.008699076714318243,0.0019323430639017758,0.00890090162135726,0.0019402054842700966,0.008836284597000477,0.001958768155050139,0.008699076714318466,0.0019323430639019978,0.008900901621357482,0.0019402054842698746,0.008836284597000255,0.001958768155049917,0.008699076714318466,0.0
2023-05-24,4.9016457797312896e-05,0.0002539684811941889,6.772295668988626e-05,0.0002813407398336576,-4.995933136631159e-06,0.0006903961917603674,4.901645779709085e-05,0.0002539684811941889,6.772295668988626e-05,0.0002813407398336576,-4.9959331365201365e-06,0.0006903961917603674,4.901645779709085e-05,0.0002539684811941889,6.77229566901083e-05,0.00028134073983387964,-4.995933136631159e-06,0.0006903961917601453,-0.004953998584571906
2023-05-25,0.024985503299913336,0.01450024470679745,0.025073968594916618,0.01445471796404707,0.02506686356764143,0.015123652784946984,0.024985503299913336,0.014500244706797227,0.025073968594917062,0.01445471796404707,0.02506686356764143,0.015123652784947206,0.024985503299913336,0.014500244706797227,0.025073968594916618,0.014454717964047292,0.025066863567640985,0.015123652784946984,0.010668563300142209
2023-05-26,0.023753609472924264,0.004890341909482787,0.02403565671787855,0.004917467905962036,0.02405251216059856,0.005239857527626901,0.023753609472923598,0.004890341909482787,0.024035656717878995,0.004917467905962036,0.024052512160598782,0.005239857527626679,0.023753609472924042,0.004890341909482787,0.024035656717878773,0.004917467905962036,0.02405251216059834,0.005239857527626901,0.023223082336382816
2023-05-29,0.011997127811660846,0.021930075526521486,0.012243362029733529,0.021770113917436662,0.012408606953530965,0.021769382547190963,0.011997127811660624,0.021930075526521486,0.012243362029733751,0.02177011391743644,0.012408606953530743,0.021769382547191185,0.011997127811660846,0.021930075526521264,0.012243362029733751,0.021770113917436662,0.012408606953530743,0.021769382547191185,0.004814305364511551
2023-05-30,-0.0024799256151200044,-0.004235767678381297,-0.0025454987800701545,-0.004242977667134218,-0.0025162765540514,-0.004234157175342479,-0.0024799256151198934,-0.004235767678380964,-0.0025454987800699325,-0.004242977667134329,-0.0025162765540514,-0.00423415717534259,-0.0024799256151198934,-0.004235767678381075,-0.0025454987800701545,-0.004242977667134218,-0.002516276554051622,-0.004234157175342479,0.002053388090349051
2023-05-31,-1.1875248940196315e-05,-0.0011777805752622994,-6.374196297220802e-05,-0.0011506413203454802,-2.0704921745107185e-05,-0.0010409529101119697,-1.1875248939863248e-05,-0.0011777805752624104,-6.374196297231904e-05,-0.0011506413203453691,-2.070492174488514e-05,-0.0010409529101120807,-1.1875248940085292e-05,-0.0011777805752622994,-6.374196297231904e-05,-0.0011506413203454802,-2.0704921744996163e-05,-0.0010409529101119697,-0.005464480874317057
2023-06-01,6.99691260444002e-05,0.00627919504456842,5.498771665801705e-05,0.006228913373928835,-9.11778055981971e-05,0.006603443083954552,6.996912604395611e-05,0.006279195044568642,5.498771665801705e-05,0.006228913373928613,-9.117780559830813e-05,0.006603443083954552,6.99691260444002e-05,0.00627919504456842,5.498771665801705e-05,0.006228913373928835,-9.117780559830813e-05,0.00660344308395433,-0.008241758241758212
2023-06-02,0.005202022913868509,0.0008714391330708615,0.005128607438562804,0.000910385135198144,0.0052002737518555,0.0012621536312793502,0.005202022913868731,0.0008714391330708615,0.005128607438562804,0.000910385135198144,0.005200273751855722,0.0012621536312793502,0.005202022913868509,0.0008714391330708615,0.005128607438562804,0.000910385135198144,0.0052002737518555,0.0012621536312795723,0.012465373961218829
2023-06-05,0.0016381109536551808,0.006210857612535481,0.0016323118777585854,0.0062109070280076395,0.0016745666280999494,0.005850045557580952,0.0016381109536551808,0.006210857612535259,0.0016323118777590295,0.0062109070280076395,0.0016745666280999494,0.005850045557581174,0.0016381109536551808,0.006210857612535703,0.0016323118777588075,0.0062109070280076395,0.0016745666281001714,0.005850045557580952,-0.002735978112174964
2023-06-06,0.0058959781136236344,-0.005102575851483326,0.008603734817827835,0.0009098362393211712,0.008638466509162113,0.0008046558723653341,0.004806805691191185,-0.006710573603349479,0.008603734817828057,0.0009098362393213932,0.008638466509162335,0.0008046558723655561,0.003174067136609393,-0.00911956125332003,0.008603734817828057,0.0009098362393213932,0.00863846650916189,0.0008046558723653341,0.003429355281207025
2023-06-07,0.019568484322756374,0.01802794587753387,0.017328732383070644,0.012012285433445458,0.015623771144832155,0.0029473294378346004,0.019568484322756152,0.018027945877533424,0.016213512739172042,0.010376196810441218,0.015623771144831933,0.0029473294378343784,0.019568484322756152,0.018027945877533424,0.014541727747265254,0.00792512541901691,0.015623771144832155,0.0029473294378346004,0.010936431989063466
2023-06-08,-0.020700360929277406,-0.021097901804956964,-0.020545981931091584,-0.0212321936476203,-0.023079122952960884,-0.01992920074430593,-0.020700360929277406,-0.02109790180495663,-0.020545981931092028,-0.0212321936476203,-0.02414251831759684,-0.0215018648475932,-0.020700360929277295,-0.02109790180495663,-0.020545981931092028,-0.02123219364762019,-0.02573661542733452,-0.023857918143049717,-0.009465855307640325
2023-06-09,0.027586207901384663,0.010447725899724869,0.0272755604742676,0.010154743217560602,0.02715238045756907,0.010314271400106323,0.027586207901384663,0.010447725899724647,0.027275560474268268,0.010154743217560602,0.027152380457568404,0.010314271400106323,0.02758620790138444,0.010447725899724647,0.02727556047426849,0.01015474321756038,0.027152380457568626,0.010314271400106545,0.00887372013651877
2023-06-12,-0.0031126691907427118,-0.022271620543006465,-0.0029869602693299857,-0.021850452670497567,-0.0028654217695953665,-0.02197054430689782,-0.0031126691907428228,-0.02227162054300602,-0.0029869602693302078,-0.021850452670497456,-0.0028654217695952555,-0.02197054430689782,-0.0031126691907426007,-0.022271620543006132,-0.00298696026933043,-0.021850452670497345,-0.0028654217695952555,-0.021970544306897932,0.007442489851150258
2023-06-13,0.02448856249991116,0.012346171961041374,0.0241622565911086,0.012415195290411907,0.024042921479945578,0.012244374756383847,0.02448856249991116,0.012346171961041152,0.024162256591109044,0.012415195290411685,0.024042921479945356,0.012244374756384069,0.02448856249991116,0.012346171961041374,0.024162256591109044,0.012415195290411685,0.024042921479945134,0.012244374756384069,0.02081934184016121
2023-06-14,0.0036019699186340404,-0.0011765599767199486,0.0035597455307205816,-0.0013170374853577194,0.003537568302812044,-0.0012949969061309963,0.0036019699186342624,-0.0011765599767199486,0.0035597455307208037,-0.0013170374853577194,0.003537568302812044,-0.0012949969061311073,0.0036019699186342624,-0.0011765599767199486,0.0035597455307205816,-0.0013170374853577194,0.003537568302812044,-0.0012949969061309963,-0.0019736842105263497
2023-06-15,0.02872496462111096,0.02930219025083103,0.02856250157776974,0.029247858978943997,0.028586153887313337,0.029264676150162483,0.02872496462111096,0.029302190250830806,0.028562501577770183,0.029247858978943775,0.028586153887312893,0.029264676150162483,0.028724964621110738,0.02930219025083103,0.028562501577770405,0.029247858978943775,0.02858615388731267,0.029264676150162705,0.0039551746868822235
2023-06-16,0.004009917184357503,0.023873314274657886,0.003853484980733235,0.024014449476854605,0.003788887349694736,0.02387064970895847,0.004009917184357281,0.023873314274657442,0.003853484980733013,0.024014449476854827,0.003788887349694736,0.02387064970895847,0.004009917184357059,0.02387331427465722,0.003853484980733235,0.024014449476854605,0.003788887349694514,0.023870649708958913,-0.0032829940906106136
2023-06-19,0.005122887639249063,-0.005467565265222296,0.004983704009501988,-0.005687281964131263,0.004976209511285745,-0.005648627351687696,0.005122887639249285,-0.005467565265222185,0.00498370400950221,-0.005687281964131485,0.004976209511285745,-0.005648627351687585,0.005122887639249285,-0.005467565265221963,0.004983704009501988,-0.005687281964131374,0.004976209511285745,-0.005648627351687807,-0.0006587615283268899
2023-06-20,-0.013664944950645186,0.005060926052638193,-0.013572644438186177,0.005150293917102422,-0.01350906188554113,0.0050938870457599705,-0.013664944950645075,0.005060926052637971,-0.013572644438186288,0.0051502939171022,-0.013509061885540907,0.0050938870457597485,-0.013664944950644964,0.005060926052637749,-0.013572644438186288,0.0051502939171022,-0.013509061885541018,0.0050938870457599705,-0.005932762030322891
2023-06-21,0.005854863371989705,-0.0025099595725486257,0.005779874978834254,-0.0025104247712043337,0.005689992815295364,-0.002489658542217499,0.005854863371989705,-0.0025099595725486257,0.005779874978834254,-0.0025104247712041117,0.005689992815295364,-0.002489658542217388,0.005854863371989483,-0.0025099595725486257,0.005779874978834254,-0.0025104247712041117,0.005689992815295364,-0.002489658542217499,0.0006631299734747298
2023-06-26,-0.014672490458885523,-0.004783676539783843,-0.014661854006779662,-0.004838768756266765,-0.014625354579524519,-0.004710120784185423,-0.014672490458885412,-0.004783676539783732,-0.014661854006779995,-0.004838768756266876,-0.014625354579524408,-0.004710120784185423,-0.01467249045888519,-0.004783676539783843,-0.014661854006779773,-0.004838768756266765,-0.014625354579524408,-0.004710120784185201,-0.005964214711729698
2023-06-27,-0.015693546832420302,-0.03180085225628826,-0.01547032243360702,-0.03177488981514831,-0.01543857424580053,-0.03175198584317418,-0.015693546832420302,-0.03180085225628804,-0.015470322433607242,-0.03177488981514809,-0.015438574245800418,-0.0317519858431744,-0.015693546832420302,-0.031800852256287926,-0.015470322433607464,-0.031774889815147866,-0.015438574245800196,-0.031751985843174624,-0.0033333333333332993
2023-06-28,0.009170793489501339,0.0007516777244889195,0.009042896204998208,0.0004395556393319566,0.009016868088123964,0.0005363803371587483,0.009170793489501117,0.0007516777244891415,0.00904289620499843,0.0004395556393317346,0.009016868088123742,0.0005363803371589704,0.009170793489501117,0.0007516777244891415,0.009042896204998652,0.0004395556393319566,0.009016868088123742,0.0005363803371587483,-0.0013377926421404007
2023-06-29,0.01063604877543689,0.014455853806764507,0.010573315039910547,0.01451221165867933,0.010552737152411007,0.014483083597315538,0.010636048775436668,0.014455853806764507,0.010573315039910547,0.01451221165867933,0.010552737152411007,0.014483083597315316,0.01063604877543689,0.014455853806764507,0.010573315039910769,0.014512211658679108,0.010552737152411007,0.014483083597315538,0.0
2023-06-30,0.008796179261852943,0.016215442709240246,0.008450369956578996,0.01560415468758336,0.008413789999830223,0.015652063136462724,0.008796179261853387,0.016215442709240024,0.008450369956579218,0.01560415468758336,0.008413789999830001,0.015652063136462724,0.008796179261853165,0.016215442709239802,0.008450369956579218,0.01560415468758336,0.008413789999830001,0.015652063136463168,0.0013395847287340779
2023-07-03,0.03345417699248321,0.035568832299708086,0.03311850713171216,0.03511363209871887,0.03309038715634838,0.035165376900817336,0.03345417699248299,0.03556883229970764,0.03311850713171305,0.03511363209871865,0.033090387156348156,0.035165376900817336,0.033454176992482765,0.035568832299708086,0.03311850713171283,0.03511363209871843,0.03309038715634771,0.035165376900817336,0.011371237458193795
2023-07-04,0.013716153216482008,-0.002889176097515933,0.013461853970131665,-0.0029889428659186645,0.013362456789923094,-0.00291738653192275,0.01371615321648223,-0.002889176097516155,0.013461853970131665,-0.0029889428659187756,0.013362456789922872,-0.002917386531922528,0.013716153216482008,-0.002889176097516044,0.013461853970131665,-0.0029889428659186645,0.013362456789922872,-0.002917386531922528,0.003968253968254176
2023-07-05,-0.01665049366456184,-0.022011536467047677,-0.016569658301399226,-0.0219656817179803,-0.01658696851642505,-0.021918531239789485,-0.016650493664561727,-0.02201153646704712,-0.01656965830139967,-0.0219656817179803,-0.016586968516424494,-0.021918531239789485,-0.016650493664561505,-0.022011536467047454,-0.01656965830139956,-0.02196568171798019,-0.016586968516424494,-0.021918531239789707,-0.0039525691699606735
2023-07-06,-0.015155631538649406,0.00702711365859332,-0.011621857277594239,0.0013567873638338224,-0.011541576158074385,0.001313517638965811,-0.016365684492080756,0.005848651842504937,-0.01162185727759446,0.0013567873638338224,-0.011541576158074607,0.001313517638965811,-0.018177370827579864,0.0040853607436810435,-0.011621857277594572,0.0013567873638338224,-0.011541576158074385,0.001313517638965589,-0.017857142857142794
2023-07-07,-0.012469220734423136,-0.007321980815091389,-0.017183067048823886,-0.008034587035008256,-0.01505303847408146,-0.0036305479695393217,-0.012469220734422914,-0.0073219808150915,-0.018371645923060842,-0.009166047756279383,-0.015053038474081348,-0.0036305479695393217,-0.012469220734423025,-0.007321980815091389,-0.020151181354970626,-0.010859012764774412,-0.015053038474081126,-0.0036305479695393217,-0.0033670033670033517
2023-07-10,0.005179038853860618,0.02514143660605206,0.005181788301868551,0.024950638558387972,0.00213693142535476,0.021420209941984014,0.005179038853860396,0.025141436606052503,0.005181788301868773,0.024950638558388638,0.0009427936787049784,0.020258175718778304,0.005179038853860396,0.02514143660605206,0.005181788301868551,0.02495063855838775,-0.0008450644742581392,0.01851946465123855,-0.002702702702702786
2023-07-11,0.009439683172522306,-0.0027718456153145166,0.009625322346548337,-0.0027674766019437635,0.00976839492073589,-0.0029177323806849342,0.009439683172522084,-0.0027718456153145166,0.009625322346548337,-0.0027674766019438746,0.009768394920736112,-0.0029177323806851563,0.009439683172522306,-0.0027718456153142945,0.009625322346548115,-0.0027674766019436525,0.00976839492073589,-0.0029177323806850453,0.014227642276422703
2023-07-12,0.015032597099216005,0.03762766417402896,0.015237126411562274,0.03726456856401583,0.015517320941834889,0.03709642175555361,0.015032597099215783,0.037627664174029185,0.015237126411562496,0.0372645685640165,0.015517320941834889,0.03709642175555339,0.015032597099216005,0.03762766417402874,0.015237126411562274,0.03726456856401583,0.015517320941834667,0.03709642175555383,0.0013360053440214514
2023-07-13,0.018422461978966576,0.004913774121946934,0.018554694651786496,0.004916254395858077,0.018781534741868056,0.005027958476826688,0.018422461978966798,0.004913774121946934,0.018554694651786274,0.004916254395858077,0.018781534741867834,0.005027958476826688,0.018422461978966798,0.0049137741219471565,0.018554694651786274,0.004916254395857855,0.018781534741867834,0.005027958476826688,0.010673782521681163
2023-07-14,0.014110506344346296,0.03640187373470649,0.014126558913811316,0.036157942613480154,0.014218227615072632,0.0359715490633441,0.014110506344346296,0.03640187373470671,0.014126558913811094,0.0361579426134806,0.014218227615072632,0.03597154906334388,0.014110506344346296,0.03640187373470627,0.014126558913811094,0.036157942613480154,0.014218227615072632,0.03597154906334432,0.007260726072607193
2023-07-17,0.004127542528017392,0.007210013772444235,0.00416733851817197,0.0070459251126979705,0.004117887585485258,0.006674591963860221,0.00412754252801717,0.007210013772444013,0.00416733851817197,0.0070459251126981925,0.004117887585485258,0.006674591963860221,0.004127542528017392,0.007210013772444013,0.00416733851817197,0.0070459251126977485,0.004117887585485036,0.006674591963860443,0.001965923984272644
2023-07-18,0.004214241569638233,-0.008721124547289905,0.0043042860608764055,-0.008651948334014503,0.004441829111390572,-0.008420363623980909,0.004214241569638233,-0.008721124547289794,0.0043042860608764055,-0.008651948334014503,0.004441829111390572,-0.008420363623980909,0.004214241569638455,-0.008721124547289572,0.0043042860608759614,-0.00865194833401417,0.004441829111390572,-0.008420363623980909,-0.018966644865925475
2023-07-19,-0.014009565784189548,-0.012051630366263444,-0.014156418486168332,-0.012103483329975795,-0.014129692663905957,-0.011785791148931413,-0.014009565784189437,-0.012051630366263666,-0.01415641848616822,-0.012103483329976017,-0.014129692663905957,-0.01178579114893119,-0.014009565784189548,-0.012051630366263444,-0.01415641848616811,-0.012103483329975906,-0.014129692663905846,-0.011785791148931524,-0.0040000000000000036
2023-07-20,0.00931276314741436,0.023394904356639934,0.009506152484330288,0.023083908503751527,0.00964915179454584,0.02286996336804381,0.009312763147414138,0.023394904356640156,0.009506152484330288,0.02308390850375197,0.009649151794545618,0.02286996336804359,0.009312763147414138,0.023394904356639934,0.009506152484330288,0.023083908503751527,0.009649151794545618,0.022869963368044033,0.0
2023-07-21,0.015133046074665923,0.032934794036878934,0.015318817608632518,0.0328437704889335,0.015627359177827538,0.03280958031006809,0.01513304607466548,0.032934794036879156,0.015318817608632296,0.0328437704889335,0.015627359177827538,0.032809580310067865,0.015133046074665701,0.03293479403687871,0.015318817608632296,0.03284377048893328,0.015627359177827538,0.03280958031006831,-0.014725568942436484
2023-07-24,0.014563394370339822,-0.007891921695739823,0.014893457852372727,-0.007725367546871809,0.015274104182225523,-0.0075364762161600485,0.014563394370340044,-0.007891921695739823,0.014893457852372949,-0.00772536754687192,0.015274104182225745,-0.0075364762161603815,0.014563394370340044,-0.007891921695739823,0.014893457852372727,-0.00772536754687192,0.015274104182225523,-0.0075364762161603815,0.0013586956521740579
2023-07-25,0.006207166406263287,0.013222560643868286,0.006233413211391703,0.013486935974203362,0.006170295761917188,0.013414994334676855,0.006207166406263287,0.013222560643868286,0.006233413211391703,0.013486935974203584,0.006170295761917188,0.013414994334676855,0.006207166406263065,0.013222560643868064,0.006233413211391703,0.01348693597420314,0.006170295761917188,0.013414994334677077,0.01085481682496603
2023-07-26,0.0011950972123939696,-0.01998771688690615,0.0013499514207468977,-0.02020185353442938,0.0014753554152460158,-0.020346715439836793,0.0011950972123937476,-0.01998771688690626,0.0013499514207468977,-0.020201853534429492,0.0014753554152462378,-0.02034671543983646,0.0011950972123939696,-0.019987716886906037,0.0013499514207468977,-0.02020185353442905,0.0014753554152457937,-0.020346715439836904,-0.0013422818791946067
2023-07-27,-0.006800648038852941,0.010424570676658584,-0.006898792778628371,0.010203996734294618,-0.00700731557291312,0.009985222674344874,-0.006800648038852719,0.010424570676658584,-0.006898792778628482,0.010203996734294618,-0.007007315572913231,0.00998522267434443,-0.00680064803885283,0.010424570676658362,-0.006898792778628593,0.010203996734294174,-0.00700731557291312,0.009985222674344874,0.0047043010752687575
2023-07-28,0.008091865336860238,0.00758344286246504,0.008238655437821318,0.007465855168305113,0.008421162123226411,0.007425456064592328,0.008091865336860016,0.00758344286246504,0.008238655437821318,0.007465855168305113,0.008421162123226411,0.007425456064592106,0.008091865336860238,0.00758344286246504,0.008238655437821318,0.007465855168305113,0.008421162123226411,0.007425456064592328,0.0006688963210701449
2023-07-31,-0.03523131983701622,-0.03225698134257393,-0.03548237767526141,-0.03225381191263921,-0.03591854892415791,-0.03266458130295602,-0.035231319837016106,-0.03225698134257393,-0.03548237767526119,-0.03225381191263932,-0.0359185489241578,-0.032664581302955575,-0.03523131983701622,-0.03225698134257371,-0.03548237767526097,-0.032253811912638874,-0.03591854892415758,-0.03266458130295602,-0.004010695187165791
2023-08-01,-0.012845719379744658,-0.03238785335145622,-0.01272113941746389,-0.03219456355617001,-0.012814057817181035,-0.03200155581335129,-0.012845719379744658,-0.03238785335145644,-0.012721139417463556,-0.03219456355617045,-0.012814057817180813,-0.03200155581335107,-0.012845719379744547,-0.03238785335145611,-0.012721139417463556,-0.032194563556169786,-0.012814057817180924,-0.03200155581335151,0.004697986577181235
2023-08-02,-0.029259427426775453,-0.03125617851520213,-0.029591100330950137,-0.030980392688004454,-0.029891601089875097,-0.030925579714498386,-0.029259427426775342,-0.03125617851520235,-0.029591100330949915,-0.030980392688004788,-0.029891601089875097,-0.03092557971449794,-0.029259427426775564,-0.031256178515202016,-0.029591100330949804,-0.030980392688004343,-0.029891601089874875,-0.030925579714498608,-0.011356045424181671
2023-08-04,0.006607307486268255,0.010426624552866581,0.0009905040463720205,0.003926670341215965,0.0011297899754307839,0.0037471669750841485,0.005479172833433799,0.009254238672990356,0.0009905040463715764,0.003926670341215965,0.0011297899754307839,0.0037471669750839265,0.0037901342427262286,0.007497853689030665,0.0009905040463717985,0.003926670341215965,0.001129789975431006,0.0037471669750841485,-0.005405405405405461
2023-08-07,0.033079853335086895,0.05799956832588249,0.027045043400517166,0.04458272720658707,0.021035809339290612,0.026422602909812465,0.03307985333508778,0.05799956832588116,0.025864153625908992,0.0433158646921199,0.02103580933929039,0.026422602909812243,0.03307985333508756,0.05799956832588227,0.0240961302825331,0.04142030272761765,0.02103580933929039,0.02642260290981291,0.006793478260869623
2023-08-08,-0.003594870955080043,-0.001953232237862146,-0.003864515516210032,-0.0018893078133835894,-0.010303364594029585,-0.009502533566457805,-0.003594870955079821,-0.001953232237861924,-0.003864515516210032,-0.0018893078133838115,-0.011459828291747964,-0.010709510303758885,-0.003594870955079932,-0.001953232237862146,-0.003864515516209921,-0.0018893078133835894,-0.013191281012652434,-0.01251771684545655,-0.00944669365721984
2023-08-09,-0.009185426126768426,-0.005603444110974465,-0.00885404215980834,-0.0059639971537379655,-0.0085889506091692,-0.005139811992517895,-0.00918542612676887,-0.005603444110974465,-0.008854042159808007,-0.0059639971537379655,-0.0085889506091692,-0.005139811992518228,-0.009185426126768648,-0.005603444110974465,-0.008854042159808229,-0.0059639971537379655,-0.0085889506091692,-0.005139811992518117,0.0013623978201633413
2023-08-10,-0.05047333151721689,-0.07986233328912906,-0.04960470641585102,-0.07945911548257145,-0.04922905882256701,-0.0786834493155607,-0.050473331517218334,-0.07986233328912729,-0.04960470641585024,-0.07945911548257212,-0.04922905882256701,-0.07868344931556137,-0.05047333151721778,-0.07986233328912873,-0.049604706415850575,-0.07945911548257023,-0.04922905882256723,-0.07868344931556004,-0.0054421768707483276
2023-08-11,0.023350187570465808,0.012988295730189447,0.022974887042969128,0.01249388361490289,0.022534359265666604,0.012853845267410957,0.023350187570466696,0.012988295730189003,0.022974887042968684,0.01249388361490289,0.02253435926566638,0.01285384526741118,0.023350187570466474,0.012988295730189225,0.022974887042968906,0.012493883614902668,0.02253435926566638,0.012853845267410513,-0.0020519835841311673
2023-08-14,0.001448710258475483,-0.01577495476097035,0.0008294500973180519,-0.015763930748081245,0.0004782427457461491,-0.016611122845305193,0.001448710258475261,-0.015774954760970017,0.0008294500973182739,-0.015763930748081245,0.00047824274574637116,-0.016611122845305304,0.001448710258475261,-0.015774954760970128,0.0008294500973180519,-0.015763930748080912,0.00047824274574637116,-0.01661112284530475,-0.01233721727210424
2023-08-15,0.02199248247315988,0.049986113976389746,0.021499732577212827,0.04920303793867964,0.0213103343221408,0.04906648279944714,0.021992482473160546,0.04998611397638841,0.021499732577212827,0.04920303793868008,0.021310334322141022,0.049066482799447586,0.021992482473160324,0.0499861139763893,0.021499732577212827,0.04920303793867897,0.0213103343221408,0.04906648279944692,0.000693962526023606
2023-08-16,0.022540365710767674,0.05147047128733462,0.02173237063209088,0.0503424227280751,0.021218808685204094,0.04995475576336528,0.022540365710768118,0.051470471287333286,0.021732370632090214,0.050342422728075764,0.021218808685204316,0.0499547557633655,0.022540365710767674,0.051470471287334174,0.021732370632090436,0.05034242272807443,0.021218808685204316,0.04995475576336483,-0.004160887656033285
2023-08-17,0.015576477076497453,0.025943452495926556,0.015500437420419289,0.02623340347473846,0.015563450631895126,0.02687044574619679,0.015576477076497897,0.02594345249592611,0.015500437420418844,0.026233403474738903,0.015563450631895126,0.026870445746197014,0.015576477076497675,0.025943452495926556,0.015500437420419289,0.026233403474738237,0.015563450631895126,0.02687044574619679,0.001392757660167332
2023-08-18,-0.016733468554289144,-0.0264590829376794,-0.0162626855118293,-0.025915635370711176,-0.016086147015513252,-0.025936827169280918,-0.016733468554289588,-0.026459082937679068,-0.016262685511829078,-0.02591563537071151,-0.016086147015513363,-0.02593682716928125,-0.016733468554289477,-0.02645908293767918,-0.016262685511828967,-0.025915635370710843,-0.016086147015513252,-0.025936827169280807,-0.004867872044506338
2023-08-21,0.010207667641016327,0.024668296474384288,0.010297504713933536,0.02546561083642307,0.009914625151132173,0.025615803677712767,0.010207667641016771,0.024668296474383844,0.010297504713933758,0.02546561083642329,0.009914625151132395,0.02561580367771299,0.010207667641016771,0.024668296474384066,0.010297504713933314,0.025465610836422847,0.009914625151132173,0.025615803677712545,-0.0034940600978337066
2023-08-22,0.018234209963163384,0.04325091552664828,0.018212945049716822,0.04328576435590947,0.017876416552068397,0.04297813597167033,0.018234209963163828,0.043250915526647615,0.018212945049716378,0.04328576435590992,0.01787641655206862,0.042978135971670994,0.01823420996316405,0.04325091552664828,0.0182129450497166,0.04328576435590881,0.01787641655206862,0.042978135971670106,0.004908835904628539
2023-08-23,0.012582925121700228,0.018281470413744172,0.012636867356826897,0.01830741140473524,0.012877738888223966,0.018380193055088423,0.01258292512170045,0.018281470413743728,0.012636867356826675,0.018307411404735463,0.012877738888223966,0.018380193055088423,0.01258292512170045,0.018281470413743728,0.012636867356826675,0.01830741140473502,0.012877738888223966,0.018380193055088423,0.007676203768318235
2023-08-24,0.03697852961713055,0.013009297396814778,0.0366787725016442,0.013114570208437204,0.03621646630223818,0.012719953739267265,0.03697852961713144,0.013009297396814778,0.03667877250164375,0.013114570208437204,0.03621646630223818,0.012719953739267487,0.036978529617130995,0.013009297396814778,0.036678772501643975,0.01311457020843676,0.036216466302238404,0.012719953739267043,0.016620498614958512
2023-08-25,-0.04581868244041021,-0.03550948211367144,-0.04507404980137697,-0.03530130785564445,-0.04445623781761965,-0.03454113368361078,-0.04581868244041143,-0.035509482113670665,-0.045074049801376415,-0.03530130785564478,-0.04445623781761965,-0.034541133683611114,-0.04581868244041121,-0.03550948211367111,-0.045074049801376526,-0.03530130785564378,-0.04445623781761976,-0.03454113368361056,-0.017029972752043543
2023-08-28,-0.008274128753359644,-0.016127473390532665,-0.007900663013018616,-0.01589190356988679,-0.007875061529796556,-0.016149566841220042,-0.008274128753359866,-0.016127473390532554,-0.007900663013018505,-0.0158919035698869,-0.007875061529796779,-0.016149566841220042,-0.008274128753359755,-0.016127473390532554,-0.007900663013018505,-0.01589190356988668,-0.007875061529796668,-0.01614956684121971,0.0034650034650034467
2023-08-29,0.008010749520579452,0.027463466241798073,0.00811646976939806,0.027466176171502932,0.008196665343363385,0.02773661413621964,0.008010749520579674,0.02746346624179763,0.00811646976939806,0.027466176171503376,0.008196665343363385,0.027736614136220084,0.008010749520579896,0.027463466241798073,0.00811646976939806,0.02746617617150271,0.008196665343363607,0.027736614136219417,0.004834254143646355
2023-08-30,0.004608953697410989,0.009414864819522029,0.00450768043254679,0.009295837994440781,0.004346968076524238,0.008858644904480961,0.004608953697411211,0.009414864819522029,0.004507680432546568,0.009295837994440781,0.004346968076524238,0.00885864490448074,0.004608953697410989,0.009414864819522029,0.00450768043254679,0.009295837994440559,0.00434696807652446,0.008858644904480517,0.004810996563573866
2023-08-31,-0.0055492626063825545,0.004141584122915987,-0.0058909983516449715,0.003806033347118598,-0.0060647875841948196,0.004449652427635176,-0.0055492626063826656,0.004141584122915765,-0.0058909983516446385,0.003806033347118598,-0.0060647875841947085,0.004449652427635398,-0.0055492626063825545,0.004141584122915987,-0.0058909983516450826,0.003806033347118376,-0.0060647875841948196,0.004449652427635398,-0.0068399452804377425
2023-09-01,-0.019554528625258194,-0.017198821459706526,-0.01797321417656228,-0.04195343193853984,-0.017725563978267966,-0.04193284404544606,-0.020608824720620533,-0.018924977601623816,-0.017973214176561836,-0.041953431938540287,-0.017725563978267966,-0.04193284404544617,-0.022185351437845502,-0.021515831705774313,-0.017973214176561836,-0.041953431938539176,-0.01772556397826819,-0.04193284404544595,0.0013774104683197397
2023-09-04,0.0049073775460546365,0.00233843586235305,0.0015028481359165013,0.0006463105802712032,0.0074194952171855455,0.009284457764484388,0.0049073775460548585,0.002338435862352828,0.00042739107642342233,-0.0011111881006524715,0.0074194952171855455,0.009284457764484166,0.0049073775460548585,0.00233843586235305,-0.0011827788368634629,-0.0037490854263558804,0.0074194952171855455,0.009284457764484166,0.00687757909215958
2023-09-05,-0.0010514663059862928,0.000281092808843475,-0.0010758082008810455,6.653280304647069e-05,-0.00157273869450536,-0.0077572198507457335,-0.0010514663059862928,0.00028109280884369703,-0.0010758082008809344,6.653280304669273e-05,-0.002616510088230606,-0.009499744671837118,-0.0010514663059861817,0.000281092808843475,-0.0010758082008810455,6.653280304669273e-05,-0.004181189620694803,-0.012112777387459639,-0.001366120218579403
2023-09-06,0.010447115441409416,0.009051711930183837,0.010449990719518576,0.009254041672253521,0.010516431595789966,0.00930935858867521,0.010447115441409194,0.009051711930183837,0.010449990719518354,0.009254041672253521,0.010516431595790188,0.00930935858867521,0.010447115441409194,0.009051711930183837,0.010449990719518576,0.009254041672253521,0.010516431595790188,0.00930935858867521,-0.0034199726402188713
2023-09-07,-0.006999441688044006,-0.004164803045330401,-0.007046483213332566,-0.004142262517980777,-0.007045934192004832,-0.004109308106075682,-0.006999441688043895,-0.004164803045330401,-0.007046483213332566,-0.00414226251798111,-0.007045934192004832,-0.004109308106075682,-0.006999441688043673,-0.004164803045330512,-0.007046483213332788,-0.004142262517980999,-0.007045934192004721,-0.004109308106075682,-0.008922443376801481
2023-09-08,-0.005798614526524415,-0.002619677727220604,-0.00584526746591485,-0.002557717272854032,-0.005815174113559252,-0.00253446730985718,-0.005798614526524415,-0.002619677727220604,-0.00584526746591485,-0.002557717272853921,-0.005815174113559252,-0.002534467309857069,-0.005798614526524526,-0.002619677727220493,-0.00584526746591485,-0.002557717272854032,-0.005815174113559252,-0.002534467309856958,-0.0041551246537395725
2023-09-11,-0.03409920476072148,-0.03108550278881339,-0.03411376369525798,-0.03180078421261712,-0.03427497243481736,-0.032012214019657925,-0.03409920476072137,-0.03108550278881328,-0.03411376369525754,-0.03180078421261712,-0.03427497243481814,-0.03201221401965726,-0.03409920476072115,-0.031085502788813613,-0.03411376369525787,-0.03180078421261723,-0.03427497243481814,-0.03201221401965759,-0.003477051460361591
2023-09-12,-0.0069281035088278875,0.003853864268184015,-0.006936779229661738,0.0038456545305736167,-0.00700998196813718,0.0036560541152999004,-0.0069281035088278875,0.003853864268184015,-0.006936779229661516,0.0038456545305736167,-0.00700998196813718,0.0036560541152999004,-0.0069281035088276655,0.0038538642681842372,-0.006936779229661516,0.0038456545305736167,-0.007009981968137069,0.0036560541152999004,0.007676203768318235
2023-09-13,0.005199103051213072,-0.005711868271252474,0.005286626824666074,-0.005922127440396663,0.005273894558863734,-0.006001109236898117,0.005199103051213072,-0.005711868271252585,0.005286626824665852,-0.005922127440396441,0.005273894558863512,-0.006001109236898228,0.005199103051212628,-0.005711868271252696,0.005286626824665852,-0.005922127440396774,0.005273894558863734,-0.006001109236898117,0.0006925207756232066
2023-09-14,0.0190805509915164,0.015814048229517486,0.019046169098338117,0.016225805635738944,0.019211720599136672,0.016411879455154654,0.0190805509915164,0.015814048229517486,0.019046169098337895,0.01622580563573872,0.019211720599137116,0.016411879455154654,0.0190805509915164,0.015814048229517486,0.01904616909833834,0.016225805635739166,0.019211720599136894,0.016411879455154876,0.01384083044982698
2023-09-15,0.005464873219765742,0.005383291053595585,0.005441662695241378,0.005655536198892364,0.005483021896380835,0.005748011213928095,0.00546487321976552,0.005383291053595363,0.005441662695241378,0.0056555361988921415,0.005483021896381057,0.005748011213927873,0.00546487321976552,0.005383291053595363,0.005441662695241156,0.0056555361988921415,0.005483021896381057,0.005748011213928095,0.0034129692832765013
2023-09-18,-0.026721320947773908,-0.029682570748013837,-0.0268012484201281,-0.030161871060210954,-0.02687814367862329,-0.030342685059006724,-0.026721320947773797,-0.029682570748013615,-0.026801248420127655,-0.030161871060210732,-0.026878143678623734,-0.03034268505900617,-0.026721320947773686,-0.029682570748013837,-0.026801248420127655,-0.030161871060211176,-0.026878143678623623,-0.030342685059006502,-0.009523809523809601
2023-09-19,-0.0063556106630956455,-0.01676189876962353,-0.006408744972045133,-0.01702943979120297,-0.0063909850504714205,-0.01712167512835483,-0.0063556106630957565,-0.01676189876962375,-0.0064087449720448,-0.017029439791203083,-0.0063909850504715315,-0.01712167512835472,-0.0063556106630956455,-0.016761898769623862,-0.006408744972045022,-0.017029439791203194,-0.0063909850504715315,-0.01712167512835483,-0.004120879120879106
2023-09-20,-0.01053148337969223,0.0016937116166115818,-0.010551190633447116,0.001942447706159811,-0.01066587598472013,0.0021327422198389456,-0.01053148337969212,0.0016937116166118038,-0.010551190633446894,0.0019424477061600331,-0.01066587598472013,0.0021327422198389456,-0.010531483379692008,0.0016937116166118038,-0.010551190633447116,0.001942447706159811,-0.010665875984720019,0.0021327422198389456,-0.006206896551724128
2023-09-21,-0.015796724213427482,-0.013377526788728167,-0.01586793461209468,-0.013463801273414733,-0.015850404352485525,-0.01342924281825919,-0.01579672421342737,-0.013377526788728056,-0.01586793461209446,-0.013463801273415066,-0.015850404352485525,-0.013429242818258746,-0.015796724213427482,-0.013377526788728278,-0.015867934612094348,-0.013463801273415066,-0.015850404352485747,-0.013429242818258857,-0.013185287994448291
2023-09-22,0.023355928187886343,0.021070585389769247,0.02351719112529671,0.021213849401523044,0.023440159044384234,0.02125998910550142,0.02335592818788612,0.021070585389769247,0.023517191125296266,0.021213849401523044,0.023440159044384457,0.021259989105500976,0.02335592818788612,0.02107058538976947,0.023517191125296266,0.021213849401523266,0.023440159044384457,0.021259989105500976,-0.002812939521800173
2023-09-25,0.010349402190209522,0.011237219907746843,0.01040806999943289,0.011304518596320312,0.01036402428142491,0.011218395436546347,0.010349402190209522,0.01123721990774662,0.010408069999432445,0.011304518596320534,0.010364024281425133,0.011218395436546347,0.010349402190209522,0.011237219907746843,0.010408069999432668,0.011304518596320534,0.01036402428142491,0.011218395436546347,0.007757404795486478
2023-09-26,0.005728131989913399,0.011228232600221322,0.005728258006316045,0.011305915656404153,0.005783900202271486,0.011340698267574778,0.005728131989913177,0.011228232600221322,0.005728258006316045,0.011305915656404153,0.005783900202271708,0.011340698267574556,0.005728131989913177,0.011228232600221322,0.005728258006316045,0.011305915656404153,0.005783900202271708,0.011340698267574556,-0.011896431070678948
2023-09-27,0.0025175718137460112,0.01188707468624739,0.002450651593389752,0.012073372102968216,0.00249347725092508,0.012049682147892371,0.0025175718137462333,0.01188707468624739,0.002450651593389974,0.012073372102968216,0.0024934772509253023,0.012049682147892149,0.0025175718137462333,0.011887074686247612,0.002450651593389974,0.012073372102968438,0.00249347725092508,0.012049682147892371,0.0
2023-09-28,0.013855476349325935,0.017321639745592643,0.013867303201849479,0.01740553159152669,0.013934141726259064,0.017441052631691267,0.013855476349325713,0.017321639745592643,0.013867303201849257,0.01740553159152669,0.013934141726259508,0.017441052631690823,0.01385547634932549,0.017321639745592865,0.013867303201849701,0.01740553159152669,0.013934141726259286,0.017441052631691045,0.003541076487252104
2023-10-02,0.0180609625027921,0.02028931606403339,0.014592295004968836,0.00863485050778845,0.01458139632162836,0.008717112687728346,0.016968491535024777,0.019000623213673462,0.014592295004968614,0.008634850507788672,0.01458139632162836,0.008717112687728346,0.01533080825173827,0.017072397282944296,0.014592295004968614,0.008634850507788672,0.014581396321628581,0.008717112687728124,0.013408609738885024
2023-10-03,-0.013349319144531191,-0.011785722756633366,-0.013534401297297216,-0.012844535006341418,-0.009429185694236009,-0.0052951279645228055,-0.013349319144531302,-0.011785722756633144,-0.014586898519768798,-0.014092271478063245,-0.009429185694235787,-0.0052951279645226945,-0.013349319144531413,-0.011785722756633366,-0.016162693058921374,-0.01596240871235144,-0.00942918569423612,-0.0052951279645228055,-0.004874651810584885
2023-10-04,-0.006247572225623332,0.003246665701675866,-0.00634594894050422,0.0029141357921314004,-0.007282550478696637,0.006359528473057319,-0.006247572225622999,0.003246665701675866,-0.006345948940503998,0.0029141357921311783,-0.00833553275713006,0.005092646149255975,-0.006247572225623221,0.003246665701675866,-0.00634594894050422,0.0029141357921311783,-0.009914019990077017,0.003194693326585396,-0.01259622113365999
2023-10-05,0.017400174536684743,-0.005067995904708744,0.017588964452021516,-0.004853639700938217,0.017528319748864485,-0.004885764532598258,0.0174001745366843,-0.005067995904708855,0.017588964452021294,-0.004853639700938106,0.017528319748864263,-0.004885764532598369,0.01740017453668452,-0.005067995904708633,0.017588964452021516,-0.004853639700938106,0.017528319748864707,-0.00488576453259848,0.012048192771084487
2023-10-06,0.0023941224269703465,-0.002456212403483038,0.0023630769946165753,-0.002639309813307622,0.0024499439779914756,-0.0025451366586599633,0.0023941224269703465,-0.002456212403482816,0.0023630769946165753,-0.002639309813307622,0.0024499439779916976,-0.0025451366586598523,0.0023941224269703465,-0.002456212403483038,0.0023630769946165753,-0.002639309813307289,0.0024499439779916976,-0.0025451366586600743,0.004901960784313708
2023-10-11,-0.007415669499097666,-0.014878801937736719,-0.007030381744442593,-0.014581136914463944,-0.0074550527456863636,-0.014936414699343481,-0.007415669499097444,-0.014878801937736386,-0.007030381744442593,-0.014581136914463833,-0.0074550527456861415,-0.014936414699343481,-0.007415669499097555,-0.014878801937736497,-0.007030381744442704,-0.014581136914463833,-0.0074550527456862525,-0.014936414699343481,0.015331010452961591
2023-10-12,-0.003936841202389796,0.0065285509765256045,-0.004075243311765564,0.00664577586462034,-0.004073427840106003,0.006646642317183371,-0.003936841202390018,0.0065285509765256045,-0.004075243311765453,0.00664577586462034,-0.004073427840106003,0.006646642317183371,-0.003936841202390018,0.0065285509765256045,-0.004075243311765342,0.006645775864620118,-0.004073427840106114,0.006646642317183593,0.008236101578586341
2023-10-13,-0.019074793071611085,-0.015716692279704514,-0.018733147042114706,-0.015321889573733927,-0.018957422947248448,-0.015609887940500888,-0.01907479307161053,-0.015716692279704292,-0.018733147042114706,-0.015321889573734149,-0.018957422947248226,-0.015609887940500888,-0.019074793071610974,-0.015716692279704292,-0.018733147042114484,-0.015321889573733594,-0.01895742294724856,-0.01560988794050111,-0.002042205582028722
2023-10-16,-0.010355889695509823,-0.007251350519809852,-0.01024766773163166,-0.006639384152184458,-0.010435532901614364,-0.006848738399287013,-0.010355889695509712,-0.0072513505198097405,-0.01024766773163166,-0.006639384152184347,-0.010435532901614142,-0.006848738399287013,-0.010355889695509712,-0.007251350519809963,-0.01024766773163166,-0.006639384152184569,-0.010435532901614253,-0.006848738399287013,-0.005457025920873049
2023-10-17,-0.010745785501083294,-0.011102696784602739,-0.010760081797898557,-0.011092885865543689,-0.010754750690462833,-0.011118840881535363,-0.010745785501083294,-0.011102696784602406,-0.010760081797898668,-0.011092885865543689,-0.0107547506904625,-0.011118840881535252,-0.010745785501083294,-0.011102696784602517,-0.010760081797898335,-0.011092885865543467,-0.010754750690462722,-0.011118840881535474,0.0
2023-10-18,-0.026809753603227682,-0.041955977215165974,-0.026583453351744057,-0.041669468533771736,-0.027118962248522616,-0.042109144140402455,-0.02680975360322735,-0.041955977215165086,-0.026583453351743835,-0.041669468533771514,-0.027118962248522505,-0.042109144140402344,-0.026809753603227682,-0.04195597721516531,-0.026583453351743613,-0.04166946853377096,-0.027118962248522838,-0.04210914414040268,-0.010973936899863035
2023-10-19,-0.001775299587569057,0.005855712503945787,-0.001783760185769201,0.00651359315815303,-0.0017196243693590185,0.006440799121621543,-0.001775299587568946,0.005855712503945565,-0.001783760185769312,0.00651359315815303,-0.0017196243693591295,0.006440799121621321,-0.001775299587569057,0.005855712503945565,-0.001783760185769423,0.006513593158152808,-0.0017196243693594626,0.006440799121621321,0.0020804438280166426
2023-10-20,-0.001776470995531465,-0.009074771289834138,-0.0017090530010777094,-0.008782038326208719,-0.0016808894908216798,-0.00890635709714993,-0.001776470995531576,-0.009074771289833916,-0.0017090530010777094,-0.008782038326208608,-0.0016808894908215688,-0.00890635709714982,-0.001776470995531576,-0.009074771289834027,-0.0017090530010775984,-0.008782038326208497,-0.0016808894908214578,-0.00890635709714993,0.0013840830449827202
2023-10-23,-0.008281996866685182,-0.0024062500183359425,-0.008168436852672434,-0.00229997123731851,-0.008316813059089934,-0.002409679982722568,-0.008281996866684849,-0.0024062500183358315,-0.008168436852672434,-0.002299971237318399,-0.008316813059089823,-0.00240967998272279,-0.008281996866685182,-0.0024062500183358315,-0.008168436852672434,-0.00229997123731851,-0.008316813059089934,-0.002409679982722568,-0.011057360055286791
2023-10-24,0.018179876274311058,0.03528059385193694,0.017987641841392676,0.03551480603376023,0.018246789627102133,0.035805912908305926,0.01817987627431039,0.03528059385193605,0.017987641841392676,0.03551480603376023,0.01824678962710169,0.03580591290830637,0.018179876274311058,0.03528059385193627,0.017987641841392454,0.03551480603375978,0.018246789627102133,0.03580591290830615,0.0006988120195667857
2023-10-25,0.0016408108639678343,0.008863905361471858,0.004934832523550092,0.018112876792108823,0.0048648879377810594,0.018206656231793517,-0.00010142162505200059,0.007373398855521129,0.00493483252354987,0.018112876792108823,0.004864887937780837,0.01820665623179374,-0.0027147703585819194,0.005137639096594926,0.004934832523550092,0.0181128767921086,0.0048648879377812815,0.01820665623179374,0.0013966480446927498
2023-10-26,-0.000948538890378825,-0.00783549220594959,-0.0189937293783482,-0.024834931897739998,-0.015265436388685272,-0.02791069147566161,-0.002689263278124243,-0.00931817889256592,-0.020694008277810316,-0.02626073358293035,-0.01526543638868516,-0.027910691475661498,-0.0052890057646137745,-0.011533918552100286,-0.023244426627003323,-0.028399436110715603,-0.015265436388685494,-0.02791069147566161,-0.016039051603905286
2023-10-27,0.006269707455674567,0.00819442176237084,-0.003479156473923606,-0.0067805489675230035,0.006000866289004536,0.007830427475337576,0.004501445461355669,0.006676295888194073,-0.0052154715715421185,-0.008264812157110946,0.004248340658435712,0.006338382405262966,0.0018490524698775435,0.004399107076929143,-0.0078086288576639795,-0.010482907756163007,0.0016195522125814765,0.004100314800151494,0.0014174344436570507
2023-10-30,0.0,0.0,-0.0008477508806857825,-0.0005562387216812015,-0.0037270259463770827,0.005786450557031975,0.0,0.0,-0.0026010994157366074,-0.0020573462849712287,-0.005462909161903173,0.004283407293434793,0.0,0.0,-0.005231122218312678,-0.004309007629906603,-0.008055421439410404,0.002037246591237718,-0.0014154281670206714
2023-10-31,0.0,0.0,0.0,0.0,0.0018478694629231462,0.0024983816007999593,0.0,0.0,0.0,0.0,8.917590504520234e-05,0.0009848516510015948,0.0,0.0,0.0,0.0,-0.0025488644317721576,-0.001285443273695952,-0.006378454996456506
2023-11-01,0.0,0.0,0.0,0.0,0.0,0.0,0.0,0.0,0.0,0.0,0.0,0.0,0.0,0.0,0.0,0.0,0.0,0.0,0.0028530670470756636
2023-11-02,0.0,0.0,0.0,0.0,0.0,0.0,0.0,0.0,0.0,0.0,0.0,0.0,0.0,0.0,0.0,0.0,0.0,0.0,0.024182076813655806
2023-11-03,0.0,0.0,0.0,0.0,0.0,0.0,0.0,0.0,0.0,0.0,0.0,0.0,0.0,0.0,0.0,0.0,0.0,0.0,0.005555555555555536
2023-11-06,-0.0009346244704099282,0.00935988744931504,0.0,0.0,0.0,0.0,-0.002179565748328449,0.008102118119160506,0.0,0.0,0.0,0.0,-0.004041171036111346,0.006221330585356233,0.0,0.0,0.0,0.0,0.008977900552486151
2023-11-07,0.00514577775160685,0.00029618117001151134,0.003337872284960186,-0.001141484802936077,0.0,0.0,0.005145777751607072,0.0002961811700112893,0.0020876070235460453,-0.0023861683109698273,0.0,0.0,0.005145777751607072,0.0002961811700112893,0.00021804059253183183,-0.004247388146210618,0.0,0.0,-0.000684462696783017
2023-11-08,0.009944979332453308,0.0072350354931816074,0.009934264649349656,0.007086783494569815,0.006311934395652141,-0.0003750492502541114,0.009944979332453308,0.0072350354931816074,0.009934264649349656,0.007086783494569593,0.0050579631378384615,-0.0016206878181665996,0.009944979332453086,0.007235035493181385,0.009934264649349656,0.007086783494569593,0.003182854997655804,-0.0034833357886552285,0.004794520547945158
2023-11-09,0.0017596799101269323,0.009644423271501168,0.0017926807347605767,0.009874768071846951,0.001770773547026483,0.009692813157490487,0.0017596799101267102,0.00964442327150139,0.0017926807347607987,0.009874768071847173,0.0017707735470262609,0.009692813157490487,0.0017596799101269323,0.009644423271501168,0.0017926807347605767,0.009874768071846951,0.001770773547026483,0.009692813157490487,0.0013633265167007913
2023-11-10,-0.004108488377282948,0.002767886788688889,-0.004098008716694412,0.002742156304256227,-0.004059787506454637,0.0027513403460841523,-0.004108488377282726,0.002767886788689111,-0.004098008716694634,0.002742156304256005,-0.004059787506454637,0.0027513403460841523,-0.004108488377282948,0.0027678867886893332,-0.004098008716694412,0.002742156304256227,-0.004059787506454859,0.0027513403460841523,-0.004084411164057111
2023-11-13,0.0044481548022319295,0.009067709103769417,0.004373065490692385,0.00866908188990334,0.004413859207808679,0.00865228551383268,0.0044481548022321515,0.009067709103769417,0.004373065490692385,0.00866908188990334,0.004413859207808901,0.00865228551383268,0.004448154802232374,0.009067709103769195,0.004373065490692163,0.00866908188990334,0.004413859207808901,0.00865228551383268,0.015037593984962294
2023-11-14,0.0027107810925375286,0.02172607764368406,0.002700885321455626,0.021399730494835678,0.002715313764976024,0.02130812645176805,0.0027107810925375286,0.02172607764368406,0.002700885321455848,0.0213997304948359,0.002715313764976024,0.021308126451768272,0.0027107810925373066,0.02172607764368406,0.00270088532145607,0.021399730494835678,0.002715313764976024,0.021308126451767828,0.0033670033670034627
2023-11-15,0.0016223274925499798,-0.009382421759762116,0.001605257387566894,-0.009890210788028098,0.0016095890730962736,-0.009840832339601646,0.0016223274925499798,-0.009382421759762005,0.001605257387566894,-0.009890210788027987,0.0016095890730964957,-0.009840832339601646,0.0016223274925499798,-0.009382421759762116,0.00160525738756645,-0.009890210788028098,0.0016095890730962736,-0.009840832339601424,0.010738255033557076
2023-11-16,-0.005906587810306507,-0.002481517179325987,-0.005895298902020341,-0.0025011475477956235,-0.005865994328931645,-0.0024589424432008844,-0.005906587810306729,-0.002481517179326098,-0.0058952989020202295,-0.0025011475477956235,-0.005865994328931756,-0.0024589424432009954,-0.005906587810306507,-0.002481517179325987,-0.0058952989020200075,-0.0025011475477957346,-0.005865994328931534,-0.0024589424432008844,-0.009296148738379806
2023-11-17,0.010957399533230383,0.008758100520021461,0.01096618322178644,0.009163923233964422,0.01091565972184827,0.00910645319725445,0.010957399533230605,0.008758100520021683,0.010966183221786663,0.009163923233964422,0.01091565972184827,0.00910645319725445,0.010957399533230383,0.008758100520021683,0.010966183221786219,0.009163923233964422,0.01091565972184827,0.00910645319725445,0.00201072386058998
2023-11-20,0.002732316557582326,-0.0011189239317617172,0.0027928599848696667,-0.0005878618497621169,0.0026961888251375576,-0.0004717226924271234,0.002732316557582326,-0.0011189239317618282,0.0027928599848698887,-0.0005878618497622279,0.0026961888251375576,-0.0004717226924267903,0.002732316557582326,-0.0011189239317619393,0.0027928599848698887,-0.0005878618497621169,0.0026961888251373356,-0.00047172269242690135,-0.0013377926421404007
2023-11-21,0.007490345558549771,0.0022549679442549486,0.007480633034944395,0.0024595648548639826,0.007452256546593983,0.002552161961688393,0.007490345558549771,0.0022549679442549486,0.007480633034944173,0.0024595648548639826,0.007452256546593983,0.002552161961688393,0.007490345558549549,0.0022549679442549486,0.007480633034944395,0.0024595648548639826,0.007452256546593983,0.002552161961688393,0.0120562625586067
2023-11-22,0.005003025439632047,0.0011390469933407754,0.004996272520562117,0.0016427483726628722,0.0049664657518166955,0.0016996884809445945,0.005003025439632047,0.0011390469933407754,0.004996272520562117,0.0016427483726630943,0.004966465751816473,0.0016996884809445945,0.005003025439632269,0.0011390469933407754,0.004996272520562117,0.0016427483726630943,0.0049664657518166955,0.0016996884809445945,-0.007279947054930513
2023-11-23,-0.010782669634469055,-0.019517541321797727,-0.010831181899626174,-0.019935236124909328,-0.01073507663425921,-0.019993432489688212,-0.010782669634468944,-0.019517541321797616,-0.010831181899625952,-0.01993523612490955,-0.01073507663425921,-0.019993432489688212,-0.010782669634469055,-0.019517541321797616,-0.010831181899626063,-0.019935236124909217,-0.0107350766342591,-0.0199934324896881,-0.0013333333333332975
2023-11-24,-0.004361848232958598,0.007799346017719699,-0.004417277212249049,0.007142348220743333,-0.004372499476893887,0.007120247359818421,-0.004361848232958598,0.007799346017719699,-0.004417277212248827,0.007142348220743333,-0.004372499476893998,0.007120247359818421,-0.004361848232958598,0.007799346017719477,-0.004417277212249049,0.007142348220742889,-0.004372499476893887,0.007120247359818421,-0.0006675567423232165
2023-11-27,-0.006348988035610126,-0.009790144197541317,-0.006391561700431869,-0.009403166200525281,-0.006304241201181671,-0.009229692378773913,-0.006348988035610237,-0.009790144197541428,-0.006391561700432091,-0.009403166200525392,-0.006304241201181671,-0.009229692378773913,-0.006348988035610126,-0.009790144197541317,-0.006391561700432202,-0.00940316620052506,-0.006304241201181782,-0.009229692378773913,-0.00868403473613888
2023-11-28,0.00891248748671214,0.024413147681111802,0.008926131414462413,0.024371972684583687,0.008871786294029071,0.024223526880188695,0.008912487486712362,0.024413147681112024,0.008926131414462413,0.02437197268458391,0.00887178629402885,0.02422352688018914,0.00891248748671214,0.024413147681112024,0.008926131414462635,0.024371972684583687,0.008871786294029071,0.024223526880188917,0.008760107816711438
2023-11-29,-0.003265983038555409,-0.005698251318856595,-0.000218879921200954,-0.005540200612170643,-0.00021431731061072323,-0.005547899817790247,-0.004550482446463389,-0.007257350264372353,-0.00021887992120106503,-0.005540200612170976,-0.00021431731061072323,-0.005547899817790469,-0.006474827929194293,-0.009591626832412659,-0.00021887992120117605,-0.005540200612170865,-0.00021431731061072323,-0.00554789981779058,-0.0006680026720106147
2023-11-30,0.003253040777134064,0.004594103607829192,-0.0011698047573575066,0.0014129460419136652,-0.0010360727296901961,0.009358246509258539,0.003253040777133842,0.004594103607829192,-0.002449590150399472,-0.00016276489620892232,-0.0010360727296901961,0.009358246509258539,0.003253040777134064,0.004594103607829192,-0.004366873431966289,-0.002521912871674803,-0.0010360727296901961,0.009358246509258539,0.0020053475935830622
2023-12-01,-0.007592046018156218,-0.0014335643953727883,-0.007654553482701165,-0.0014292382804144133,-0.007190893048092506,-0.00813829803177546,-0.007592046018156218,-0.0014335643953726773,-0.007654553482701165,-0.0014292382804144133,-0.008470364751716364,-0.009688590042296052,-0.007592046018156329,-0.0014335643953727883,-0.007654553482701387,-0.0014292382804143022,-0.010387178086149973,-0.012006797218475196,0.0013342228152100066
2023-12-04,-0.010518109322182667,-0.008594418970885531,-0.010525081706804995,-0.008523272660271197,-0.010582699886088065,-0.008550841685860178,-0.010518109322182778,-0.008594418970885642,-0.010525081706805328,-0.00852327266027142,-0.010582699886088176,-0.008550841685860067,-0.010518109322182778,-0.008594418970885531,-0.010525081706804995,-0.00852327266027153,-0.010582699886088287,-0.008550841685860178,-0.0019986675549632515
2023-12-05,-0.0010533411728378406,-0.012503883511494118,-0.0009966277497964748,-0.012517393929471043,-0.0010149040107186869,-0.012475462484127009,-0.0010533411728380626,-0.01250388351149423,-0.0009966277497963638,-0.012517393929471266,-0.0010149040107186869,-0.012475462484127009,-0.0010533411728377295,-0.012503883511493896,-0.0009966277497962528,-0.012517393929471043,-0.0010149040107184648,-0.01247546248412712,-0.006675567423230944
2023-12-06,0.011618433081707513,0.013561019293452548,0.011670669939302991,0.013875192303595352,0.01163309336058349,0.013751325924451718,0.011618433081707735,0.013561019293452548,0.011670669939302769,0.013875192303595352,0.011633093360583713,0.013751325924451496,0.011618433081707735,0.013561019293452325,0.011670669939302769,0.013875192303595352,0.01163309336058349,0.013751325924451718,0.0026881720430105283
2023-12-07,-0.001069816486477193,0.007584600548641074,-0.0010597915676396896,0.007748944277708336,-0.0011067836106849471,0.007898796837672029,-0.00106981648647686,0.007584600548641074,-0.0010597915676394676,0.007748944277708558,-0.0011067836106849471,0.007898796837671807,-0.001069816486476971,0.007584600548640852,-0.0010597915676395786,0.00774894427770878,-0.0011067836106849471,0.007898796837671807,-0.005361930294906059
2023-12-08,0.02075402077203914,0.009103602165903002,0.020911035326431016,0.009185962061290187,0.02070850799950885,0.009293199905234806,0.02075402077203936,0.009103602165903002,0.020911035326430794,0.009185962061290187,0.020708507999509074,0.009293199905234806,0.02075402077203936,0.00910360216590278,0.020911035326430794,0.009185962061289743,0.02070850799950885,0.009293199905235028,0.006064690026954311
2023-12-11,-0.002599567265153313,0.013822805710433927,-0.002705201717134842,0.014260333479791942,-0.002598314108632427,0.014780055909529022,-0.002599567265153424,0.013822805710433705,-0.002705201717134398,0.014260333479792164,-0.002598314108632649,0.014780055909529244,-0.002599567265153424,0.013822805710433705,-0.002705201717134731,0.014260333479792386,-0.002598314108632427,0.014780055909529466,0.002009377093101117
2023-12-12,0.0020175292292430314,0.019355576323258905,0.001997115822421014,0.01941079778267829,0.0020098797923580047,0.0193986935340813,0.0020175292292430314,0.019355576323258905,0.001997115822420792,0.019410797782678513,0.0020098797923580047,0.01939869353408108,0.0020175292292430314,0.019355576323258683,0.001997115822421014,0.019410797782678513,0.0020098797923582268,0.01939869353408108,0.0020053475935830622
2023-12-13,8.002996574774102e-06,0.012989922661506004,3.3052340562056415e-05,0.013137254756545591,-2.1778282245032976e-05,0.012761884083790864,8.002996574996146e-06,0.012989922661506004,3.3052340562056415e-05,0.013137254756545813,-2.1778282244921954e-05,0.012761884083790864,8.002996574774102e-06,0.012989922661505782,3.3052340562056415e-05,0.013137254756545813,-2.1778282244921954e-05,0.012761884083791308,0.0013342228152100066
2023-12-14,0.011199807349579372,0.004332526800608916,0.011191335485223108,0.004171785742278944,0.011170559636684452,0.004060355120001136,0.011199807349579594,0.004332526800608916,0.011191335485222886,0.004171785742279166,0.011170559636684452,0.004060355120000914,0.011199807349579594,0.004332526800608916,0.011191335485223108,0.004171785742279166,0.011170559636684452,0.004060355120001136,0.009993337774816702
2023-12-15,-0.006806549486604085,-0.017210965715241167,-0.006853259080882079,-0.017306097568033585,-0.006882970716915016,-0.017158289342364075,-0.006806549486604085,-0.017210965715241278,-0.006853259080882412,-0.017306097568033807,-0.006882970716915016,-0.01715828934236374,-0.0068065494866043075,-0.017210965715241056,-0.006853259080882301,-0.017306097568033807,-0.006882970716914905,-0.017158289342363964,0.0032981530343008103
2023-12-18,-0.0006394400602375283,-0.00942068592675449,-0.000668378606415998,-0.009493087609391382,-0.0005914141305277676,-0.009465240393366048,-0.0006394400602378614,-0.00942068592675449,-0.0006683786064156649,-0.009493087609391604,-0.0005914141305276566,-0.009465240393365937,-0.0006394400602375283,-0.009420685926754269,-0.000668378606415776,-0.009493087609391382,-0.0005914141305278786,-0.009465240393365826,0.0006574621959236637
2023-12-19,-0.005556539455495835,-0.0040367955578459735,-0.005526946195756111,-0.0039873976748978635,-0.005534727824231922,-0.004004863688691462,-0.005556539455496057,-0.0040367955578459735,-0.005526946195756222,-0.003987397674897641,-0.005534727824232144,-0.004004863688691462,-0.005556539455496168,-0.0040367955578459735,-0.0055269461957559995,-0.0039873976748979745,-0.005534727824231922,-0.004004863688691462,-0.001971090670170761
2023-12-20,-0.007132336213786505,-0.002133532996663412,-0.0071848362475636085,-0.002135849532791556,-0.007169824117681856,-0.002179587997955923,-0.0071323362137867274,-0.00213353299666319,-0.007184836247563942,-0.002135849532791556,-0.007169824117681856,-0.002179587997956145,-0.0071323362137867274,-0.002133532996663301,-0.007184836247564053,-0.002135849532791667,-0.007169824117682078,-0.002179587997956145,0.0019749835418036987
2023-12-21,-0.0070253343245663125,-5.5623516403868756e-05,-0.006935025173286702,-0.0001281437053424206,-0.00698955842368576,-0.00020203834453580427,-0.0070253343245663125,-5.562351640397978e-05,-0.006935025173286702,-0.00012814370534230957,-0.00698955842368576,-0.00020203834453569325,-0.0070253343245663125,-5.5623516403757733e-05,-0.00693502517328648,-0.00012814370534230957,-0.006989558423685427,-0.00020203834453558223,-0.007884362680683266
2023-12-22,7.241660989509846e-05,0.013876517969712232,8.652539541320614e-05,0.013882803705498992,-2.6397078787265826e-06,0.013905741188157794,7.241660989509846e-05,0.01387651796971201,8.652539541342819e-05,0.01388280370549877,-2.639707878837605e-06,0.013905741188158016,7.241660989509846e-05,0.013876517969711788,8.652539541342819e-05,0.013882803705498992,-2.6397078790596495e-06,0.013905741188157794,0.001986754966887494
2023-12-25,0.00024029935960556692,0.001057813640696681,0.0002535713406062179,0.0010549433313871148,0.00027604641564549226,0.0009584992180480256,0.00024029935960556692,0.001057813640696903,0.00025357134060599584,0.0010549433313871148,0.0002760464156457143,0.0009584992180480256,0.00024029935960578896,0.001057813640696681,0.00025357134060599584,0.0010549433313873369,0.0002760464156457143,0.0009584992180480256,0.004626569729015095
2023-12-26,0.008919601482168638,0.006933460130506663,0.008905731803139139,0.006953488322868351,0.008918278341895292,0.006993438943692087,0.008919601482168638,0.006933460130506663,0.008905731803138917,0.006953488322868573,0.008918278341895292,0.0069934389436923095,0.008919601482168416,0.006933460130506663,0.008905731803138917,0.006953488322868351,0.008918278341895514,0.0069934389436923095,0.0052631578947368585
2023-12-27,0.007044273202659657,-0.003766736285252925,0.00953589811658695,0.004578450682493518,0.00958320819219094,0.004407120164408473,0.0060034378496631735,-0.005284695909449133,0.009535898116587171,0.00457845068249374,0.00958320819219094,0.004407120164408473,0.004440229342926871,-0.007559522155402898,0.00953589811658695,0.004578450682493518,0.009583208192190718,0.004407120164408473,0.009162303664921323
2023-12-28,-0.0012898750916219281,0.011558583638799025,-0.0024512091667253655,0.006008016819342155,-0.0028347284903768033,0.012899869361730154,-0.0012898750916218171,0.011558583638799025,-0.003485976132725721,0.004456067747146797,-0.0028347284903768033,0.012899869361729932,-0.0012898750916219281,0.011558583638799025,-0.005038126581725755,0.002132495940215362,-0.0028347284903766923,0.012899869361730154,0.0012970168612194133
2023-12-29,-0.0005242102403076876,-0.009129867002229175,-0.0004789811597237792,-0.008833478281938034,-0.0016331055383101978,-0.013131394505714544,-0.0005242102403077986,-0.009129867002229397,-0.00047898115972411226,-0.008833478281938256,-0.002652784130900754,-0.014660775522127523,-0.0005242102403076876,-0.009129867002229286,-0.00047898115972400124,-0.00883347828193859,-0.004182302019786532,-0.016950558528192716,-0.0006476683937823857
2024-01-02,-0.0197729996860444,-0.0019329280545777872,-0.01963967914069875,-0.0019088796928883323,-0.01974839390420291,-0.00255420338116108,-0.01977299968604429,-0.001932928054577454,-0.01963967914069875,-0.0019088796928882212,-0.019748393904202688,-0.002554203381161191,-0.0197729996860444,-0.0019329280545776761,-0.019639679140698862,-0.0019088796928882212,-0.01974839390420291,-0.002554203381161191,-0.003240440699935232
2024-01-03,-0.015807164208038293,-0.0027768571682558196,-0.01574050420503581,-0.0026195869159147955,-0.015726542684265876,-0.0024105742424436194,-0.015807164208038627,-0.0027768571682560417,-0.015740504205036143,-0.0026195869159147955,-0.01572654268426621,-0.0024105742424435084,-0.015807164208038627,-0.0027768571682558196,-0.015740504205036254,-0.0026195869159147955,-0.015726542684265987,-0.0024105742424433974,-0.016905071521456594
2024-01-04,-0.003628195893304542,-0.011295963445201784,-0.0035567468649213563,-0.01140974974861697,-0.0036357895980938526,-0.011218618511498524,-0.003628195893304653,-0.011295963445202006,-0.0035567468649214673,-0.011409749748617415,-0.0036357895980936306,-0.011218618511498746,-0.003628195893304542,-0.011295963445202006,-0.0035567468649214673,-0.011409749748617415,-0.0036357895980937416,-0.011218618511498635,-0.000661375661375585
2024-01-05,-0.0020165930987916525,0.014383846571046854,-0.001969495727341286,0.014046768753537942,-0.001922596238727925,0.01400734382291402,-0.0020165930987913194,0.014383846571047076,-0.001969495727341397,0.014046768753538164,-0.001922596238728147,0.014007343822914464,-0.0020165930987914304,0.014383846571046854,-0.001969495727341508,0.014046768753538386,-0.001922596238728147,0.014007343822914242,-0.002647253474520217
2024-01-08,0.004050495180403013,0.0060543909337356094,0.0040395266121084905,0.005996869761865531,0.004027915797328863,0.005544314698316066,0.004050495180402791,0.0060543909337358315,0.0040395266121087126,0.005996869761865753,0.004027915797329085,0.005544314698315844,0.004050495180402791,0.0060543909337358315,0.0040395266121087126,0.005996869761865531,0.004027915797329085,0.005544314698315844,0.007299270072992803
2024-01-09,0.005382851255168575,0.03361695933118014,0.005291654626351505,0.03382025136198141,0.005319556876417275,0.03356360262108149,0.005382851255168575,0.03361695933118036,0.005291654626351505,0.03382025136198186,0.005319556876416831,0.033563602621081934,0.005382851255168575,0.03361695933117992,0.005291654626351505,0.033820251361982745,0.005319556876416609,0.03356360262108149,-0.0006587615283268899
2024-01-10,0.0023331411610976183,0.010240063992743798,0.002426431756539671,0.010284861213840868,0.0026072572079192113,0.010386136461047135,0.0023331411610978403,0.010240063992743798,0.002426431756539671,0.01028486121384109,0.0026072572079192113,0.010386136461047135,0.0023331411610976183,0.010240063992743798,0.002426431756539893,0.01028486121384109,0.0026072572079194334,0.010386136461046913,-0.0039551746868820015
2024-01-11,0.00775589855780745,0.009206078359817349,0.007790321240161102,0.00957414312375704,0.007878814611343099,0.01010723205675701,0.007755898557807228,0.009206078359817571,0.007790321240161102,0.00957414312375704,0.007878814611343099,0.010107232056756787,0.00775589855780745,0.009206078359817349,0.007790321240161102,0.009574143123757262,0.007878814611342877,0.010107232056756787,0.0046326935804104075
2024-01-12,-0.004934557668025752,-0.0040259448133203035,-0.004959770499342819,-0.004318339035660923,-0.005003626853230303,-0.004864954732015536,-0.004934557668025863,-0.0040259448133203035,-0.004959770499342597,-0.004318339035661145,-0.00500362685322997,-0.004864954732015536,-0.004934557668025641,-0.0040259448133201925,-0.004959770499342708,-0.004318339035661256,-0.00500362685322997,-0.004864954732015536,-0.0026350461133070047
2024-01-15,0.0007813220108017216,0.025077790971719915,0.0007681285456460074,0.0248731697871869,0.0006683515944769791,0.024872300629657618,0.0007813220108019436,0.025077790971719915,0.0007681285456457854,0.024873169787187566,0.0006683515944769791,0.02487230062965784,0.0007813220108019436,0.025077790971719693,0.0007681285456457854,0.024873169787187566,0.0006683515944769791,0.024872300629657618,0.0033025099075296716
2024-01-16,-0.009430197519334493,0.004249064233655231,-0.009371347653423734,0.004397876664491429,-0.009457886677319838,0.004395510768225197,-0.009430197519334493,0.004249064233655453,-0.009371347653423845,0.004397876664491207,-0.00945788667732006,0.004395510768225641,-0.009430197519334604,0.004249064233655231,-0.009371347653423956,0.004397876664491207,-0.009457886677319949,0.004395510768225197,-0.009874917709019049
2024-01-17,-0.010449290642088327,0.0024017629517827377,-0.010440804592847908,0.0023067538987533442,-0.01053544306008214,0.0021342490355771293,-0.010449290642088549,0.0024017629517829597,-0.010440804592848019,0.0023067538987537883,-0.01053544306008214,0.0021342490355769073,-0.010449290642088438,0.0024017629517827377,-0.010440804592848019,0.0023067538987537883,-0.01053544306008214,0.0021342490355771293,-0.0066489361702127825
2024-01-18,0.007270968196036787,0.0023144747506180785,0.007262269310358116,0.0025151795159688017,0.007342040818345996,0.0025851907789387063,0.007270968196037009,0.0023144747506178565,0.007262269310358116,0.0025151795159685797,0.007342040818345996,0.0025851907789384843,0.007270968196037009,0.0023144747506180785,0.007262269310358116,0.0025151795159688017,0.007342040818346218,0.0025851907789384843,0.004016064257028162
2024-01-19,0.008246044224523574,0.005488535072869727,0.008100196757157896,0.005751848805910065,0.007970200799422678,0.0062923007940953735,0.008246044224523352,0.005488535072870171,0.00810019675715834,0.005751848805910065,0.007970200799422678,0.0062923007940953735,0.008246044224523352,0.005488535072869949,0.008100196757158118,0.005751848805910065,0.007970200799422678,0.006292300794095151,0.03333333333333344
2024-01-22,0.0124889587750181,0.026393791056603888,0.012429584925679249,0.02623822130539466,0.012381332077359586,0.02551774595672973,0.0124889587750181,0.026393791056603666,0.012429584925679471,0.026238221305395326,0.012381332077359808,0.02551774595672973,0.0124889587750181,0.026393791056603666,0.012429584925679471,0.02623822130539577,0.012381332077359586,0.02551774595672973,0.005161290322580614
2024-01-23,-0.006680743246191612,-0.00444700790573449,-0.006587454289801786,-0.004694632722403114,-0.006584093711208827,-0.005266260769633435,-0.006680743246191723,-0.004447007905734601,-0.006587454289801675,-0.004694632722403114,-0.006584093711208827,-0.005266260769633213,-0.006680743246191612,-0.00444700790573449,-0.006587454289801675,-0.004694632722403447,-0.006584093711209049,-0.005266260769633324,0.003209242618742003
2024-01-24,-0.0024892718669287106,-0.012553425272485819,-0.0026189982537848655,-0.012544317909539138,-0.0026323267637736736,-0.012867237399829756,-0.0024892718669285996,-0.01255342527248593,-0.0026189982537850875,-0.012544317909539138,-0.0026323267637737846,-0.012867237399829867,-0.0024892718669287106,-0.01255342527248593,-0.0026189982537849765,-0.012544317909539249,-0.0026323267637736736,-0.012867237399829645,0.000639795265515053
2024-01-25,-0.0008481714072029467,-0.00405856019541162,-0.004776701435271868,-0.003952228429096483,-0.004981939656308998,-0.0037776581855744062,-0.0018599640063474698,-0.004168797507683952,-0.0047767014352719794,-0.003952228429096927,-0.004981939656308998,-0.003777658185574184,-0.003377652905064199,-0.004334050231856623,-0.0047767014352719794,-0.003952228429096816,-0.004981939656308776,-0.0037776581855742952,0.011508951406649537
2024-01-26,-0.005682667786404583,-0.0008495327015057841,-0.008068975575081017,-0.0009709572669320821,-0.001632950453889448,-0.0008160599852959916,-0.005682667786404694,-0.0008495327015060061,-0.00907650274223204,-0.001083074881093271,-0.001632950453889559,-0.0008160599852961026,-0.005682667786404361,-0.0008495327015060061,-0.010587793492958797,-0.0012513565178150499,-0.001632950453889448,-0.0008160599852959916,0.0
2024-01-29,0.004221011803754449,0.013778912370878915,0.004269728073127865,0.013853965615200803,0.005728518215876388,0.01404016732786606,0.004221011803754449,0.01377891237087936,0.004269728073127865,0.013853965615200803,0.004714988020666722,0.013950262289898596,0.004221011803754227,0.013778912370878915,0.004269728073127865,0.01385396561520058,0.003194692727851889,0.013815488934717957,0.006321112515802696
2024-01-30,0.0019489951430209373,0.01870368216779017,0.0019689528672313106,0.01868539691969051,0.0019678442031165755,0.018547370815833242,0.0019489951430207153,0.018703682167790392,0.0019689528672313106,0.01868539691969051,0.0019678442031165755,0.01854737081583302,0.0019489951430207153,0.018703682167790392,0.0019689528672313106,0.018685396919690067,0.0019678442031165755,0.018547370815833464,-0.0018844221105526193
2024-01-31,0.00261416838248274,0.003914228684900101,0.0026592553348223635,0.003910117929082357,0.0026263928429774985,0.0036847077427082375,0.002614168382482962,0.003914228684900323,0.0026592553348223635,0.003910117929082357,0.0026263928429777206,0.0036847077427084596,0.002614168382482962,0.003914228684900323,0.0026592553348223635,0.003910117929082135,0.0026263928429777206,0.0036847077427082375,-0.012586532410320928
2024-02-01,0.0021463847446157036,0.021734270789618426,0.0022654353636950564,0.021901857497635957,0.0023736731144297085,0.021688707415896902,0.0021463847446157036,0.02173427078961887,0.0022654353636950564,0.021901857497635957,0.0023736731144294865,0.021688707415896458,0.0021463847446157036,0.02173427078961887,0.0022654353636952784,0.021901857497635513,0.0023736731144297085,0.021688707415897124,0.0
2024-02-02,-0.002737121176609958,0.00611270305077416,-0.002595168657206326,0.006134096668354738,-0.002528692026245616,0.006308311252261722,-0.002737121176609847,0.00611270305077416,-0.002595168657205993,0.006134096668354738,-0.002528692026245616,0.006308311252261722,-0.002737121176609847,0.006112703050773938,-0.002595168657206215,0.006134096668354516,-0.002528692026245616,0.006308311252261722,0.006373486297004405
2024-02-05,-0.002610388237203165,-0.011611859312642192,-0.0026648024040321072,-0.011798062966142053,-0.0026771598427903776,-0.012387448501022247,-0.002610388237203387,-0.011611859312642525,-0.0026648024040321072,-0.011798062966141831,-0.0026771598427903776,-0.012387448501022358,-0.002610388237203276,-0.011611859312642414,-0.0026648024040322182,-0.01179806296614172,-0.0026771598427905996,-0.01238744850102258,0.007599746675110763
2024-02-15,0.009553574935066145,0.024451623285085988,0.00942797809899254,0.02433903256322778,0.009428777860207571,0.02377471599472103,0.009553574935066367,0.024451623285086654,0.009427978098992318,0.02433903256322778,0.009428777860207349,0.02377471599472103,0.009553574935066145,0.024451623285086432,0.00942797809899254,0.024339032563227336,0.009428777860207571,0.023774715994721474,0.04274041483343827
2024-02-16,0.008349025514136521,0.00616383376864893,0.008427039722439966,0.0060059569007568925,0.008575949854767062,0.006616848018991206,0.008349025514136521,0.006163833768649152,0.008427039722439744,0.0060059569007568925,0.008575949854767062,0.006616848018990984,0.008349025514136743,0.006163833768649152,0.008427039722439966,0.0060059569007568925,0.008575949854767062,0.006616848018991206,-0.005424954792043413
2024-02-19,0.0018297056398595135,-0.008950113931484593,0.0018519834989685346,-0.008836802994677595,0.0018247913363651502,-0.009101120528411166,0.0018297056398595135,-0.008950113931484704,0.0018519834989680906,-0.008836802994677706,0.0018247913363649282,-0.009101120528410833,0.0018297056398592915,-0.008950113931484704,0.0018519834989685346,-0.008836802994677484,0.0018247913363649282,-0.009101120528411277,-0.001212121212121109
2024-02-20,0.008275600409501926,0.02353038316239675,0.008278917802258645,0.02356570080528053,0.00820020148160494,0.023429746398130114,0.008275600409502148,0.023530383162396973,0.008278917802258423,0.023565700805280754,0.00820020148160494,0.023429746398130114,0.008275600409502148,0.023530383162396973,0.008278917802258867,0.02356570080528031,0.008200201481605163,0.023429746398130558,0.00364077669902918
2024-02-21,-0.004896022036754877,-0.011279957393671713,-0.004987370353028875,-0.0113031212422392,-0.005013296692331082,-0.010953520517170356,-0.004896022036754988,-0.011279957393671824,-0.004987370353028653,-0.01130312124223909,-0.00501329669233086,-0.010953520517170245,-0.004896022036755099,-0.011279957393671824,-0.004987370353028986,-0.011303121242238978,-0.005013296692331082,-0.010953520517170467,-0.0036275695284159193
2024-02-22,0.010028855606688314,0.019058984572357884,0.009991500459278324,0.019043217209880225,0.009941018897122733,0.019001685698996518,0.010028855606688314,0.019058984572358106,0.009991500459278102,0.019043217209880225,0.009941018897122733,0.019001685698996296,0.010028855606688314,0.01905898457235833,0.009991500459278102,0.019043217209880003,0.009941018897122733,0.01900168569899674,0.011529126213592145
2024-02-23,0.010157549609322247,0.016159888133004063,0.010125787648642692,0.016404977356285322,0.010024134277966334,0.016440004241576434,0.01015754960932247,0.016159888133004063,0.01012578764864247,0.016404977356285322,0.01002413427796589,0.016440004241576656,0.010157549609322025,0.016159888133004063,0.010125787648642914,0.0164049773562851,0.010024134277966334,0.016440004241576878,0.006598680263947276
2024-02-26,-0.0005120007994726672,-0.013550954910195534,-0.000565171622071925,-0.013675012437467271,-0.0006329184977186264,-0.013920647856845991,-0.0005120007994726672,-0.013550954910195645,-0.0005651716220718139,-0.013675012437467493,-0.0006329184977185154,-0.013920647856845991,-0.0005120007994725562,-0.013550954910195534,-0.000565171622071925,-0.013675012437467049,-0.0006329184977186264,-0.013920647856846213,0.0029797377830751426
2024-02-27,-0.012258986454830034,-0.01154720164018097,-0.012295610383953104,-0.011502474549262676,-0.01242756454321825,-0.011613572885749046,-0.012258986454830145,-0.011547201640181082,-0.012295610383952993,-0.011502474549262676,-0.012427564543217806,-0.011613572885749268,-0.012258986454829923,-0.011547201640181193,-0.012295610383953104,-0.011502474549262565,-0.01242756454321814,-0.01161357288574938,-0.0035650623885918886
2024-02-29,0.014701198016600303,0.0282856506777569,0.014766299493206292,0.028282679315546178,0.01473032096916338,0.02808635234334389,0.014701198016600525,0.028285650677757124,0.014766299493205848,0.0282826793155464,0.014730320969162713,0.02808635234334389,0.014701198016600081,0.028285650677757124,0.01476629949320607,0.028282679315545955,0.014730320969163158,0.028086352343344334,0.0011926058437687903
2024-03-01,-0.010141880044690965,0.014521256230703328,-0.01017436242934211,0.014384510752892599,-0.01007563222576413,0.014158764366531296,-0.010141880044691298,0.014521256230703994,-0.010174362429341666,0.014384510752892599,-0.010075632225763798,0.014158764366531074,-0.010141880044690965,0.014521256230703772,-0.010174362429341999,0.014384510752892377,-0.010075632225763798,0.014158764366531074,-0.0029779630732579276
2024-03-04,0.01601374258727839,0.0016791233221098434,0.016002563049463348,0.0015152405632570254,0.015938435895633596,0.0016104880417351364,0.016013742587278612,0.0016791233221096213,0.016002563049462903,0.0015152405632568033,0.015938435895633152,0.0016104880417353584,0.016013742587278168,0.0016791233221098434,0.016002563049463348,0.0015152405632570254,0.015938435895633374,0.0016104880417353584,0.025686977299880454
2024-03-05,0.010698062212339599,0.00819266895591908,0.007934696282952736,0.018409338420487087,0.008009634439561264,0.01886165865905043,0.009885430188828703,0.006391930388363054,0.007934696282952292,0.01840933842048731,0.008009634439561264,0.018861658659050207,0.008667243235002564,0.0036908225370282377,0.007934696282952958,0.018409338420487087,0.008009634439561486,0.01886165865905043,0.009318578916715392
2024-03-06,0.019875810370789004,0.024973899642321662,0.019515868187135466,0.025084309172036745,0.009650625243479816,0.004935760351977958,0.019875810370788782,0.024973899642321884,0.018695236983100827,0.02323700306555665,0.009650625243479594,0.004935760351977514,0.01987581037078945,0.024973899642321662,0.017466591298944678,0.020469500691216336,0.009650625243479594,0.004935760351977958,0.0057703404500866196
2024-03-07,0.017114295768859922,-0.039789776203341676,0.017401157248999155,-0.039584971159212556,0.011211112362041531,-0.04068454416351841,0.017114295768860366,-0.03978977620334223,0.017401157248998933,-0.03958497115921189,0.010385316443015657,-0.04245741426652394,0.017114295768860366,-0.039789776203341565,0.017401157248999155,-0.039584971159212334,0.009147395974741235,-0.04511340192458191,0.0206540447504302
2024-03-08,-0.004252469724501218,-0.06087179169859147,-0.0038703964530787394,-0.06106923616994886,-0.0035063092455194234,-0.06072066179300428,-0.004252469724501551,-0.060871791698592026,-0.0038703964530786283,-0.06106923616994819,-0.0035063092455193123,-0.06072066179300406,-0.004252469724501662,-0.06087179169859103,-0.0038703964530789614,-0.06106923616994875,-0.0035063092455194234,-0.06072066179300328,0.012928611579539062
2024-03-11,-0.007194876176615073,0.030003499249317,-0.007296597530095261,0.02985491835359455,-0.007227509946519994,0.029310712267496264,-0.007194876176614851,0.030003499249317223,-0.007296597530095483,0.02985491835359433,-0.007227509946519772,0.029310712267496042,-0.007194876176615073,0.03000349924931678,-0.007296597530095261,0.02985491835359455,-0.007227509946519994,0.02931071226749582,-0.008879023307436174
2024-03-12,0.02019820673780859,0.02650179015664822,0.019727171046361125,0.026236646846570455,0.01924040738900068,0.025702597952951267,0.020198206737808366,0.02650179015664844,0.019727171046361125,0.02623664684657001,0.019240407389000236,0.025702597952951267,0.02019820673780881,0.026501790156647997,0.019727171046361125,0.02623664684657001,0.01924040738900068,0.0257025979529506,0.010078387458006821
2024-03-13,0.0035875933158375783,-0.028724842773954262,0.003860402348229597,-0.028961626318878553,0.004322112346255791,-0.0286644687606471,0.0035875933158375783,-0.028724842773954706,0.0038604023482293748,-0.02896162631887811,0.004322112346255791,-0.028664468760646877,0.0035875933158373563,-0.028724842773954262,0.0038604023482293748,-0.02896162631887833,0.004322112346256013,-0.028664468760646433,0.006651884700665134
2024-03-14,-0.027617382046771444,-0.020167210346427655,-0.027158836649429863,-0.01981796804860181,-0.026430918692591954,-0.017774338310252435,-0.027617382046771333,-0.020167210346427766,-0.02715883664942942,-0.019817968048601364,-0.02643091869259151,-0.017774338310252324,-0.027617382046771333,-0.020167210346427322,-0.02715883664942953,-0.019817968048601586,-0.026430918692592176,-0.017774338310252213,-0.002753303964757703
2024-03-15,-0.012429257368368307,0.02669186186985817,-0.01291058049392102,0.02619933716686318,-0.01377848169370366,0.0255262147394566,-0.012429257368368418,0.02669186186985839,-0.012910580493921131,0.026199337166862513,-0.013778481693703437,0.025526214739456377,-0.01242925736836853,0.026691861869857947,-0.012910580493921131,0.026199337166862957,-0.01377848169370366,0.025526214739456154,-0.008282716731087825
2024-03-18,0.007190171970769654,0.034500158298633954,0.007086668118395645,0.0344384898768999,0.006319484166868783,0.03422608091227253,0.007190171970769654,0.034500158298634176,0.007086668118395423,0.03443848987689946,0.006319484166868561,0.034226080912272305,0.007190171970769654,0.03450015829863351,0.007086668118395867,0.03443848987689968,0.006319484166868339,0.03422608091227186,0.0055679287305121505
2024-03-19,-0.002850148439723199,-0.03407069973933563,-0.0024928913459080215,-0.03376874253559736,-0.00150368495008657,-0.03424003735261305,-0.002850148439723421,-0.03407069973933585,-0.0024928913459077995,-0.03376874253559681,-0.001503684950086459,-0.03424003735261294,-0.002850148439723421,-0.0340706997393353,-0.0024928913459081325,-0.03376874253559736,-0.001503684950086459,-0.03424003735261272,0.0
2024-03-20,-0.007315726816324197,0.004965708346347686,-0.007331500536318258,0.0047288863473111675,-0.00718595315432613,0.004386458084145284,-0.007315726816324086,0.004965708346347908,-0.007331500536318258,0.0047288863473107234,-0.007185953154325908,0.004386458084145284,-0.007315726816324197,0.004965708346347686,-0.007331500536318258,0.0047288863473109455,-0.007185953154326241,0.004386458084145506,-0.00442967884828338
2024-03-21,0.016265017860961795,0.02002668545591879,0.0162405154152947,0.019645898180521648,0.01593645358272222,0.01904703173475486,0.016265017860961795,0.020026685455919013,0.016240515415294476,0.019645898180521648,0.015936453582721777,0.019047031734754638,0.016265017860961795,0.02002668545591879,0.0162405154152947,0.019645898180521648,0.015936453582722443,0.019047031734754416,0.023359288097886566
2024-03-22,-0.004735370610722489,0.022301339680861565,-0.004769368178682565,0.02251362476770158,-0.004886774942768013,0.02244047548131123,-0.004735370610722489,0.022301339680861787,-0.004769368178682565,0.022513624767701135,-0.004886774942768235,0.02244047548131145,-0.004735370610722711,0.02230133968086112,-0.004769368178682565,0.022513624767701357,-0.004886774942768235,0.022440475481311006,0.0005434782608695343
2024-03-25,-0.0017745380213234352,0.02699573209750805,-0.0017552258025619327,0.02691997720611905,-0.0015266128339693763,0.027109973098832008,-0.0017745380213234352,0.026995732097508496,-0.0017552258025618217,0.026919977206118606,-0.0015266128339690432,0.027109973098831786,-0.0017745380213233242,0.026995732097508274,-0.0017552258025619327,0.02691997720611905,-0.0015266128339692653,0.027109973098831563,0.0005431830526887449
2024-03-26,-0.010923481197983476,-0.024385568200312013,-0.010552900911494412,-0.02403845529226656,-0.010205340128034868,-0.023495946502818166,-0.010923481197983476,-0.024385568200312346,-0.01055290091149419,-0.024038455292266336,-0.010205340128034424,-0.023495946502817944,-0.010923481197983698,-0.024385568200312124,-0.0105529009114943,-0.02403845529226656,-0.010205340128034868,-0.02349594650281772,0.0010857763300760048
2024-03-27,0.007360286161288476,-0.028137201243849108,0.0074786566958686684,-0.02796955591056116,0.007812347489034144,-0.028451362604570374,0.007360286161288698,-0.028137201243849108,0.007478656695868446,-0.02796955591056094,0.007812347489033922,-0.028451362604570152,0.007360286161288698,-0.028137201243848664,0.007478656695868446,-0.02796955591056116,0.007812347489034144,-0.02845136260456982,0.0005422993492407713
2024-03-28,-0.00032987114381544114,0.01752048685404861,-0.00046546720572537836,0.01786592784348051,-0.0005575664637063049,0.017593574770653264,-0.00032987114381544114,0.017520486854048833,-0.0004654672057254894,0.01786592784348029,-0.0005575664637061939,0.017593574770653264,-0.00032987114381544114,0.01752048685404839,-0.00046546720572537836,0.01786592784348029,-0.0005575664637063049,0.017593574770653042,-0.004878048780487809
2024-03-29,0.012917027806280235,0.03173141406397062,0.012918045422385394,0.03191256974186096,0.012562133030817879,0.032125899113733425,0.012917027806280457,0.03173141406397084,0.012918045422385394,0.03191256974186074,0.012562133030817657,0.0321258991137332,0.012917027806280457,0.0317314140639704,0.012918045422385394,0.03191256974186096,0.012562133030817879,0.03212589911373276,0.004901960784313708
2024-04-01,-0.023476340065447854,0.04168999170029597,-0.023515831645203655,0.04135928312861248,-0.02349891788291636,0.04101189462577093,-0.023476340065447854,0.041689991700296414,-0.023515831645203322,0.04135928312861181,-0.023498917882915915,0.041011894625770706,-0.023476340065448076,0.04168999170029575,-0.023515831645203544,0.04135928312861248,-0.02349891788291647,0.04101189462577026,-0.0043360433604336945
2024-04-02,0.007954369193671207,0.031101427074112786,0.0017435199966457926,0.0387704963929949,0.0017641433977146903,0.03839458440274446,0.007165476187146025,0.030354204247170946,0.0017435199966455706,0.038770496392994236,0.0017641433977146903,0.038394584402744236,0.005981821517816677,0.029236160928672428,0.0017435199966457926,0.03877049639299468,0.0017641433977146903,0.03839458440274379,0.01469787697332614
2024-04-03,0.0005071492032271419,0.010475849654900449,0.00032466846859047216,0.00837160873982512,-0.0008230358195531196,0.0018428654672451028,0.0005071492032271419,0.010475849654900227,-0.0005046568107643923,0.007603021079679362,-0.0008230358195534526,0.0018428654672451028,0.0005071492032269198,0.010475849654900005,-0.0017486447297967445,0.006453010310303098,-0.0008230358195532306,0.0018428654672448808,-0.0042918454935623185
2024-04-08,0.0063910382607963445,0.02100901896440832,0.006811825096053381,0.02176469492430777,0.00544324640831606,0.021785131233863497,0.0063910382607963445,0.0210090189644081,0.006811825096053381,0.021764694924307326,0.004618664599981281,0.02097317532840126,0.0063910382607961225,0.0210090189644081,0.006811825096053159,0.021764694924307992,0.0033833348923608675,0.019758274174037416,0.003232758620689724
2024-04-09,0.013569917800110742,0.0023564332187129278,0.013645360945619078,0.0018526521407176144,0.01364218860020694,0.0015067911271711143,0.013569917800110742,0.00235643321871315,0.013645360945618856,0.0018526521407178365,0.013642188600207161,0.0015067911271713363,0.013569917800110742,0.00235643321871315,0.0136453609456193,0.0018526521407176144,0.01364218860020694,0.0015067911271713363,0.025241675617615478
2024-04-10,-0.004517158407119526,-0.014608253828825357,-0.004768983616305511,-0.015433014872873851,-0.0046533725884282395,-0.01478001797168127,-0.004517158407119637,-0.014608253828825357,-0.004768983616305511,-0.015433014872873851,-0.0046533725884281285,-0.014780017971681714,-0.004517158407119637,-0.014608253828825246,-0.004768983616305733,-0.015433014872874184,-0.0046533725884282395,-0.014780017971681714,-0.0010476689366161196
2024-04-11,0.008327315667684188,0.023097716729937323,0.008947253839301172,0.02255185333684162,0.008766075279077468,0.02288116201273027,0.008327315667684188,0.023097716729937323,0.008947253839301172,0.022551853336841177,0.008766075279077468,0.022881162012730938,0.008327315667683965,0.023097716729937323,0.008947253839301172,0.022551853336841843,0.008766075279077468,0.022881162012730938,-0.004195070791819577
2024-04-12,0.009515181434689879,0.05837342674036283,0.010095422209382754,0.057757407319857235,0.00980709027583293,0.05799174456061884,0.009515181434689879,0.05837342674036261,0.010095422209382532,0.05775740731985657,0.00980709027583293,0.05799174456061973,0.009515181434689657,0.05837342674036239,0.010095422209382754,0.05775740731985746,0.00980709027583293,0.05799174456061995,-0.0015797788309637184
2024-04-15,-0.015486176893680037,-0.0449829919030349,-0.015558391500828495,-0.04395768080618734,-0.015459735437310496,-0.04419242677841728,-0.015486176893679926,-0.044982991903034786,-0.01555839150082805,-0.04395768080618656,-0.015459735437310607,-0.04419242677841817,-0.015486176893680037,-0.044982991903034675,-0.015558391500828161,-0.04395768080618756,-0.015459735437310385,-0.04419242677841828,-0.010548523206751037
2024-04-16,-0.031975878577044314,-0.0409414122181202,-0.03190069189570477,-0.04070204924936471,-0.0319052670559995,-0.040717701093296754,-0.03197587857704465,-0.04094141221812009,-0.03190069189570466,-0.04070204924936416,-0.0319052670559995,-0.0407177010932972,-0.0319758785770442,-0.040941412218119866,-0.03190069189570499,-0.04070204924936471,-0.031905267055999165,-0.04071770109329731,-0.026652452025586304
2024-04-17,0.022834273201081334,0.07130071781331337,0.02293348731157696,0.07064365526899508,0.022829947359799263,0.07048551111345391,0.022834273201081556,0.07130071781331315,0.02293348731157674,0.07064365526899397,0.022829947359799263,0.07048551111345502,0.022834273201081334,0.07130071781331293,0.02293348731157696,0.0706436552689953,0.02282994735979882,0.07048551111345525,0.01150054764512598
2024-04-18,0.006217817338557419,-0.009472664196007563,0.0068017712736201386,-0.008362296856371132,0.0065518069159704595,-0.008674692365399417,0.006217817338557197,-0.009472664196007452,0.0068017712736199165,-0.008362296856371132,0.0065518069159706815,-0.008674692365399639,0.006217817338557197,-0.009472664196007341,0.0068017712736201386,-0.00836229685637091,0.0065518069159704595,-0.008674692365399861,0.007579859231185759
2024-04-19,-0.03775752700107626,-0.04920841107067253,-0.03803657913338121,-0.0495473146115617,-0.037842232621771776,-0.04953434029055348,-0.03775752700107604,-0.04920841107067242,-0.03803657913338088,-0.04954731461156092,-0.037842232621772,-0.04953434029055426,-0.03775752700107571,-0.0492084110706722,-0.03803657913338121,-0.049547314611562254,-0.03784223262177144,-0.049534340290554035,-0.04889844169801183
2024-04-22,-0.02826897581950527,-0.08519095195446846,-0.028872168411940513,-0.08524298996071533,-0.028625233945860917,-0.08474342015955194,-0.02826897581950527,-0.08519095195446813,-0.02887216841194018,-0.085242989960714,-0.02862523394586114,-0.0847434201595536,-0.02826897581950516,-0.08519095195446813,-0.028872168411940402,-0.08524298996071555,-0.028625233945860917,-0.08474342015955383,-0.005649717514124242
2024-04-23,0.00817613880769219,0.028685589326264083,0.008234698648767136,0.028365412925990707,0.008208442572780417,0.028592403653228793,0.00817613880769219,0.02868558932626386,0.008234698648767136,0.028365412925990263,0.008208442572780639,0.02859240365322946,0.00817613880769219,0.02868558932626386,0.008234698648767136,0.028365412925990707,0.008208442572780417,0.02859240365322946,0.008522727272727293
2024-04-24,0.046353982228119595,0.0700713519070113,0.04677817466014278,0.07063537720523239,0.04648275335144092,0.07002885278292315,0.04635398222811982,0.07007135190701108,0.04677817466014256,0.07063537720523105,0.04648275335144114,0.07002885278292403,0.04635398222811937,0.07007135190701086,0.046778174660143,0.07063537720523239,0.0464827533514407,0.07002885278292448,0.02985915492957747
2024-04-25,-0.01942601220512996,-0.032290001358382225,-0.01934782151776382,-0.03179382572379097,-0.019328337262213502,-0.03153260010206793,-0.01942601220512996,-0.03229000135838189,-0.01934782151776393,-0.031793825723790525,-0.019328337262213613,-0.03153260010206871,-0.01942601220512996,-0.03229000135838189,-0.019347821517764152,-0.03179382572379108,-0.01932833726221328,-0.03153260010206871,-0.015864332603938713
2024-04-26,0.01548319168508483,0.005702268538107624,0.01586259837802073,0.00690045633637304,0.015725984708091723,0.006229938527481327,0.015483191685084607,0.005702268538107624,0.01586259837802073,0.006900456336372596,0.015725984708091945,0.006229938527481549,0.01548319168508483,0.005702268538107402,0.015862598378020953,0.00690045633637304,0.015725984708091723,0.006229938527481327,0.015564202334630295
2024-04-29,0.023357349448637654,0.014607782772602773,0.022775539843896242,0.013874709564632326,0.023093188019382094,0.014849614267506306,0.023357349448637876,0.014607782772602551,0.022775539843895798,0.013874709564632548,0.023093188019382094,0.014849614267506528,0.023357349448637654,0.014607782772602551,0.02277553984389602,0.013874709564632326,0.023093188019382094,0.01484961426750675,0.01532567049808442
2024-04-30,-0.0022927118881497233,0.029209826914431636,-0.0018339170028891516,0.029622444835973205,-0.002062366652778147,0.030441245307025966,-0.0022927118881495012,0.029209826914431636,-0.0018339170028893736,0.029622444835972983,-0.002062366652778147,0.03044124530702641,-0.0022927118881496122,0.029209826914431636,-0.0018339170028889296,0.029622444835973427,-0.002062366652778369,0.03044124530702641,-0.0005390835579514031
2024-05-02,-0.013370275288903,-0.0008269190079246425,-0.013251321058396437,-0.00021984084083614963,-0.013331390896466178,0.0003413584338143316,-0.013370275288903333,-0.0008269190079245314,-0.013251321058396326,-0.0002198408408364827,-0.013331390896466178,0.0003413584338143316,-0.013370275288902889,-0.0008269190079247535,-0.013251321058396548,-0.00021984084083614963,-0.013331390896465956,0.00034135843381455366,-0.012944983818770295
2024-05-03,0.012698830198440536,-0.001507272782282798,0.01274225005539309,-0.003153813308664377,0.012705877031501833,-0.0031932743620201043,0.01254685040672121,-0.0021177820877469333,0.01274225005539309,-0.003153813308664266,0.012705877031501833,-0.0031932743620202153,0.012318880719141667,-0.0030335460459419705,0.012742250055393312,-0.003153813308664377,0.012705877031501833,-0.0031932743620201043,0.005464480874316946
2024-05-06,0.01479781396158697,-0.0011545433849601272,0.014586703048790062,-0.0026614416277982444,0.01497414679058906,-0.007394005845639429,0.014797813961587192,-0.0011545433849603493,0.014408365943752166,-0.0033074362742285812,0.01497414679058906,-0.007394005845639429,0.014797813961587192,-0.0011545433849601272,0.014141194000838464,-0.004276428243873309,0.014974146790588616,-0.00739400584563954,0.014130434782608559
2024-05-07,0.010987378698330552,0.014082973760086936,0.01099573859848646,0.013942053024033285,0.01052227596802413,0.013235882051415127,0.01098737869833033,0.014082973760087159,0.01099573859848646,0.013942053024033285,0.010340966113833616,0.012547475197132396,0.01098737869833033,0.014082973760087159,0.01099573859848646,0.013942053024033285,0.010069001332547511,0.01151615310218812,0.004823151125401992
2024-05-08,0.002198538317217835,0.019650772534193894,0.00210033868852344,0.019681232921573644,0.002116657665953925,0.020212925640123114,0.0021985383172180573,0.01965077253419434,0.002100338688523662,0.019681232921573644,0.002116657665954147,0.020212925640123336,0.0021985383172180573,0.01965077253419434,0.002100338688523662,0.01968123292157342,0.002116657665954147,0.020212925640123336,0.0037333333333333663
2024-05-09,-0.0006581032296993916,-0.019564973296306354,-0.0005579633667587292,-0.01869641905286501,-0.000589341266227783,-0.018860817921349193,-0.0006581032296991696,-0.019564973296306687,-0.0005579633667591732,-0.01869641905286501,-0.000589341266227783,-0.018860817921349082,-0.0006581032296991696,-0.019564973296306576,-0.0005579633667590622,-0.01869641905286501,-0.0005893412662278941,-0.018860817921349304,-0.0010626992561104665
2024-05-10,0.012184240009590397,-0.017410718083679,0.012176400051973069,-0.01733700279165029,0.012277684272966605,-0.017732325269224525,0.012184240009590175,-0.017410718083679222,0.012176400051973513,-0.017337002791650513,0.012277684272966605,-0.017732325269224525,0.012184240009589953,-0.017410718083679333,0.01217640005197329,-0.017337002791649958,0.012277684272966605,-0.017732325269224747,0.007978723404255428
2024-05-13,0.006811545436810951,-0.03615277431448827,0.007061783039392422,-0.03617009728189402,0.007189509584009102,-0.0365419957020211,0.006811545436810951,-0.03615277431448871,0.0070617830393922,-0.03617009728189435,0.007189509584009102,-0.03654199570202077,0.006811545436811173,-0.03615277431448871,0.0070617830393922,-0.0361700972818938,0.007189509584009102,-0.036541995702021324,0.0068601583113456766
2024-05-14,0.018410763495237292,0.0031841326234984813,0.018499230337958528,0.0030590019329108653,0.01867492264621906,0.003241936170035542,0.018410763495237514,0.0031841326234984813,0.01849923033795875,0.0030590019329110874,0.018674922646219283,0.003241936170035764,0.018410763495237736,0.0031841326234984813,0.018499230337958528,0.0030590019329108653,0.018674922646219505,0.003241936170035542,0.007861635220125729
2024-05-15,-0.003250155720318504,0.0007115237097423677,-0.0034150911029756648,0.000669800798447362,-0.003478775026453662,0.00029349400337408404,-0.003250155720318504,0.0007115237097423677,-0.0034150911029755537,0.000669800798447584,-0.003478775026453662,0.000293494003373862,-0.003250155720318615,0.0007115237097423677,-0.0034150911029755537,0.000669800798447584,-0.003478775026453773,0.00029349400337408404,0.014040561622464809
2024-05-16,0.019907389167458156,0.0172031726116042,0.02009382526413117,0.017208848714366454,0.02018749524576502,0.01718340287014075,0.019907389167458156,0.017203172611604423,0.02009382526413117,0.017208848714366454,0.02018749524576524,0.01718340287014075,0.019907389167458378,0.017203172611604645,0.020093825264131393,0.01720884871436601,0.020187495245765463,0.017183402870140974,0.006153846153846176
2024-05-17,-0.007921972947953049,0.00046491303322504507,-0.008081941491354216,0.0004994485690326123,-0.008121736385113931,0.000602594523607225,-0.007921972947952938,0.00046491303322504507,-0.008081941491354216,0.0004994485690326123,-0.00812173638511382,0.000602594523607447,-0.00792197294795316,0.000464913033224823,-0.008081941491354327,0.0004994485690328343,-0.008121736385114042,0.0006025945236070029,-0.003058103975535187
2024-05-20,0.0005564186936051208,-0.024762935863411273,0.0005571906428933904,-0.024947205182634047,0.0006216494701520858,-0.02527701792389636,0.0005564186936048987,-0.024762935863411495,0.0005571906428933904,-0.02494720518263427,0.0006216494701520858,-0.02527701792389625,0.0005564186936051208,-0.024762935863411495,0.0005571906428936124,-0.024947205182633714,0.0006216494701520858,-0.025277017923896472,-0.0015337423312882237
2024-05-21,-0.0042680739928536715,0.014337144777623712,-0.004288286209082726,0.014617702538171518,-0.004206861187731503,0.014672156323028096,-0.0042680739928536715,0.014337144777623934,-0.004288286209083059,0.014617702538171518,-0.004206861187731836,0.014672156323027652,-0.0042680739928536715,0.014337144777623712,-0.004288286209083059,0.014617702538171296,-0.004206861187731836,0.014672156323028096,-0.0005120327700973704
2024-05-22,0.012688285866323756,0.005659207847742653,0.012701415498537427,0.006383273380412113,0.01267882753813021,0.006384323037497142,0.012688285866324422,0.005659207847742875,0.012701415498537871,0.006383273380412335,0.012678827538130433,0.006384323037497808,0.0126882858663242,0.005659207847742875,0.01270141549853765,0.006383273380412113,0.012678827538130433,0.006384323037497586,0.01946721311475419
2024-05-23,0.02060318904492653,-0.007130352420264607,0.020491387977486397,-0.0073751633626053525,0.0206019330702345,-0.007066862056484324,0.020603189044926085,-0.007130352420264718,0.02049138797748684,-0.0073751633626053525,0.020601933070234724,-0.007066862056484546,0.020603189044926307,-0.00713035242026494,0.02049138797748662,-0.0073751633626052415,0.020601933070234946,-0.007066862056484768,0.007035175879396949
2024-05-24,-0.0009660225517534871,0.02495696740339781,-0.0009117194308431165,0.025399136255966237,-0.0008867986341891676,0.02562403509048017,-0.000966022551753376,0.024956967403398034,-0.0009117194308433385,0.02539913625596668,-0.0008867986341888345,0.025624035090479946,-0.000966022551753154,0.024956967403398478,-0.0009117194308433385,0.025399136255966237,-0.0008867986341889456,0.02562403509048039,-0.0029940119760478723
2024-05-27,0.03138048247371783,0.018361920835842538,0.031166716126983074,0.017953930680453922,0.03125584209317811,0.017886046088035235,0.03138048247371783,0.018361920835842316,0.031166716126983518,0.017953930680453922,0.03125584209317811,0.017886046088035013,0.03138048247371761,0.018361920835842316,0.031166716126983296,0.017953930680453478,0.031255842093178554,0.017886046088035457,0.012012012012011963
2024-05-28,0.005315989614417482,0.014793728654797222,0.005349815724115858,0.014429057231976294,0.005469785273165106,0.014360975821210209,0.005315989614417704,0.014793728654797667,0.005349815724115636,0.014429057231976294,0.005469785273164884,0.014360975821209987,0.005315989614417704,0.014793728654797667,0.005349815724115636,0.014429057231976294,0.005469785273164884,0.014360975821210209,0.0004945598417409602
2024-05-29,-0.0011875352889867408,0.006327750940004151,-0.0009701624032183442,0.00639278635729279,-0.0008403401779509823,0.006696762847750781,-0.0011875352889869628,0.006327750940004151,-0.0009701624032180112,0.006392786357293012,-0.0008403401779507602,0.006696762847750559,-0.0011875352889869628,0.006327750940003929,-0.0009701624032180112,0.00639278635729279,-0.0008403401779508712,0.006696762847750781,-0.010874938210578389
2024-05-30,-0.013902222723336632,-0.01663036427632647,-0.013751919655757283,-0.01653093839404196,-0.01373246752702495,-0.016544506513276547,-0.013902222723336632,-0.01663036427632647,-0.013751919655757505,-0.016530938394042183,-0.01373246752702495,-0.01654450651327588,-0.013902222723336632,-0.01663036427632647,-0.013751919655757505,-0.01653093839404185,-0.01373246752702506,-0.016544506513276547,-0.017491254372813625
2024-05-31,-0.022199290816958372,-0.0009049959878107972,-0.025034141295640633,-0.006653913956159219,-0.02509389702625997,-0.007246627476132694,-0.022985628500289956,-0.00165420038224251,-0.025034141295640633,-0.006653913956159108,-0.02509389702626008,-0.007246627476132916,-0.024164398570163836,-0.00277800697388908,-0.025034141295640744,-0.006653913956159108,-0.025093897026260303,-0.007246627476132694,-0.008138351983723258
2024-06-03,0.015182303467222713,-0.007784874621518223,0.016370837157733797,-0.008053747712109649,0.016029507184274205,-0.004108072543703045,0.015182303467222713,-0.007784874621518001,0.015556634896635613,-0.008787448485116034,0.016029507184274205,-0.004108072543702934,0.015182303467222713,-0.007784874621518223,0.014336094057056048,-0.009887999644625167,0.016029507184274205,-0.004108072543703156,0.01692307692307704
2024-06-04,-0.017436329377301663,-0.004054707352121101,-0.017486413643587384,-0.004210684024725908,-0.019864768447170666,-0.007812237402881506,-0.017436329377301663,-0.004054707352121323,-0.017486413643587162,-0.004210684024725797,-0.02064470420376119,-0.008537088277706162,-0.017436329377301774,-0.004054707352121212,-0.017486413643587273,-0.004210684024725686,-0.02181387737933571,-0.009624364589942869,-0.013615733736762614
2024-06-05,0.0008899458905848867,-0.005561645379710489,0.0007917743558052415,-0.0063261316278829804,0.0005598662719856762,-0.007505303101390637,0.0008899458905848867,-0.005561645379710489,0.0007917743558050194,-0.0063261316278829804,0.0005598662719852321,-0.007505303101390748,0.0008899458905846647,-0.005561645379710489,0.0007917743558052415,-0.0063261316278830915,0.0005598662719852321,-0.007505303101390526,0.009713701431492971
2024-06-06,0.016119701865416447,0.01194914674346692,0.016170732350587746,0.011129160755460443,0.01586729811555654,0.010077661209058286,0.016119701865416447,0.011949146743466477,0.016170732350587746,0.011129160755460443,0.01586729811555654,0.010077661209058286,0.01611970186541689,0.011949146743466477,0.016170732350587746,0.011129160755460443,0.015867298115556983,0.010077661209057842,0.030886075949366987
2024-06-07,-0.015751278342859498,0.02367505904675582,-0.015826192818903184,0.022681288286861445,-0.016056142586691302,0.02172940100408538,-0.015751278342859276,0.023675059046756042,-0.015826192818902962,0.022681288286861223,-0.01605614258669097,0.021729401004084936,-0.015751278342859498,0.023675059046756042,-0.015826192818903073,0.022681288286861667,-0.01605614258669119,0.021729401004085158,-0.007367387033398787
2024-06-11,-0.001211093026839527,0.02240712242220133,-0.001313920407971625,0.022870508170366843,-0.0010643436492200342,0.023144309677858743,-0.001211093026839638,0.022407122422201553,-0.001313920407971736,0.022870508170367065,-0.0010643436492201452,0.0231443096778583,-0.001211093026839638,0.02240712242220133,-0.001313920407971736,0.022870508170366843,-0.0010643436492202563,0.023144309677858077,0.002474022761009387
2024-06-12,0.014321070721845741,0.009208496553777756,0.01428525228776123,0.009277489516007709,0.01439083077334935,0.00936698683403403,0.014321070721845741,0.009208496553777756,0.014285252287761008,0.009277489516007709,0.01439083077334935,0.009366986834033586,0.014321070721845741,0.009208496553777534,0.01428525228776123,0.009277489516008153,0.014390830773349572,0.00936698683403403,0.018262586377097767
2024-06-13,0.022890269320697376,0.027913618224967518,0.02308810675581663,0.028145733504913784,0.02316745841624912,0.028412267819444947,0.022890269320697376,0.027913618224967296,0.02308810675581663,0.02814573350491356,0.023167458416248676,0.028412267819444503,0.022890269320697154,0.027913618224967962,0.02308810675581663,0.028145733504913784,0.02316745841624912,0.02841226781944428,0.013572467280659195
2024-06-14,0.017936641071727655,0.052814060568848076,0.01796312331627825,0.0521718067851904,0.018125357005992937,0.05172513640021048,0.017936641071727877,0.052814060568847854,0.01796312331627803,0.0521718067851904,0.018125357005992493,0.05172513640020959,0.017936641071727877,0.05281406056884763,0.017963123316277807,0.052171806785191066,0.018125357005992937,0.05172513640020937,0.006695361071257899
2024-06-17,-0.002178385992230192,-0.0025637844717094627,-0.0022469457772408274,-0.0035044675060385,-0.002343397167134831,-0.004635306227342539,-0.002178385992230414,-0.0025637844717093516,-0.0022469457772409385,-0.003504467506038389,-0.002343397167134831,-0.004635306227342428,-0.002178385992230192,-0.0025637844717092406,-0.0022469457772407164,-0.0035044675060385,-0.002343397167135053,-0.004635306227342206,-0.00047505938242276
2024-06-18,0.006563060395037512,-0.005755098656679114,0.00656459204078752,-0.005463731127464011,0.006370737475256405,-0.005118049366208743,0.006563060395037734,-0.005755098656679336,0.006564592040787742,-0.005463731127463789,0.006370737475256405,-0.005118049366208854,0.006563060395037512,-0.005755098656679336,0.00656459204078752,-0.005463731127464011,0.006370737475256627,-0.005118049366208743,0.016634980988593062
2024-06-19,0.03234621437717733,-0.018669227928487353,0.03239098521317474,-0.0178492134924777,0.03197777398610646,-0.01694403362213115,0.03234621437717777,-0.01866922792848702,0.032390985213174295,-0.017849213492477922,0.03197777398610602,-0.016944033622130816,0.03234621437717733,-0.01866922792848713,0.03239098521317474,-0.017849213492478033,0.03197777398610668,-0.016944033622130816,0.030855539971949453
2024-06-20,0.023599257238476667,0.04122608666021188,0.023580267499208718,0.04078288433978439,0.02381905595956746,0.04021591082080023,0.023599257238476667,0.04122608666021188,0.023580267499208274,0.04078288433978483,0.023819055959567237,0.04021591082079934,0.023599257238476667,0.04122608666021188,0.023580267499208496,0.04078288433978483,0.02381905595956768,0.04021591082079912,0.0054421768707482165
2024-06-21,-0.01435155400916166,0.006943084784688525,-0.014307233736580272,0.006261664912725617,-0.014254596897439575,0.0054068743454307455,-0.014351554009161549,0.006943084784688525,-0.01430723373658005,0.006261664912725173,-0.014254596897439353,0.0054068743454307455,-0.01435155400916166,0.006943084784688303,-0.014307233736580383,0.006261664912725395,-0.014254596897439797,0.0054068743454309676,-0.007668019846639562
2024-06-24,-0.027221745358737892,-0.016225207343710357,-0.027334387445942188,-0.016430983244260067,-0.027294285380105143,-0.01676738859781335,-0.027221745358738336,-0.016225207343710246,-0.027334387445941966,-0.016430983244259845,-0.02729428538010481,-0.01676738859781335,-0.027221745358738003,-0.016225207343710135,-0.027334387445941855,-0.016430983244260178,-0.027294285380105254,-0.016767388597813238,-0.021818181818181848
2024-06-25,-0.0018218972433527991,0.010702876886207857,-0.001930943986890088,0.010628694436003006,-0.001966077203003902,0.010491873840610344,-0.0018218972433527991,0.010702876886207857,-0.001930943986890088,0.010628694436003228,-0.001966077203003791,0.010491873840610344,-0.0018218972433527991,0.010702876886207635,-0.001930943986890199,0.010628694436003228,-0.001966077203003902,0.010491873840610344,-0.0013940520446096283
2024-06-26,0.012712176773282069,0.023333107507359507,0.012765528637683099,0.023287462769830736,0.012926802354632727,0.023426250653013625,0.012712176773281847,0.023333107507359285,0.012765528637682655,0.023287462769830736,0.012926802354632505,0.02342625065301318,0.012712176773281847,0.023333107507359285,0.012765528637682877,0.023287462769830958,0.012926802354632727,0.02342625065301296,0.009306654257794422
2024-06-27,-0.0050508222386699275,-0.00023312636119066088,-0.005121421030680251,-0.0004916111122408306,-0.0051156756736032705,-0.0008936475087960583,-0.0050508222386700385,-0.0002331263611903278,-0.005121421030679918,-0.0004916111122408306,-0.0051156756736034925,-0.0008936475087959472,-0.0050508222386700385,-0.00023312636119054986,-0.005121421030679918,-0.0004916111122406086,-0.0051156756736033815,-0.0008936475087958362,-0.0018441678192715472
2024-06-28,0.006227662141998325,0.014713899107326345,0.006252755860897574,0.014955175046023284,0.006438220573934839,0.015434344474473338,0.006227662141998547,0.0147138991073259,0.006252755860897574,0.014955175046023284,0.006438220573934839,0.015434344474473116,0.006227662141998769,0.014713899107326123,0.006252755860897574,0.014955175046023284,0.006438220573935061,0.015434344474473116,0.00877598152424941
2024-07-01,-0.00906179195095791,0.0013055472087148967,-0.005313499016465495,0.018864921776037713,-0.005387013538750596,0.01786279979928307,-0.010432601791644736,-7.057425646339599e-05,-0.005313499016465384,0.018864921776037713,-0.005387013538750485,0.017862799799282625,-0.012486251414500327,-0.0021296165583203353,-0.005313499016465495,0.018864921776037713,-0.005387013538750707,0.017862799799282403,0.001831501831501825
2024-07-02,-0.007083039731444973,-0.0026407738189280217,-0.007355343068578324,-0.00203869846374638,-0.013532349584582826,-0.0008183585073850974,-0.007083039731444751,-0.0026407738189276886,-0.008734093879165905,-0.0034155601895953236,-0.013532349584582715,-0.0008183585073848754,-0.007083039731444751,-0.0026407738189277996,-0.010799640097272856,-0.005475710117539889,-0.013532349584583048,-0.0008183585073849864,-0.007312614259597949
2024-07-03,0.009253901754412208,0.013886967749072943,0.00914775244007715,0.014062582342377672,0.007966446950215866,0.011163489384190095,0.009253901754411764,0.013886967749072943,0.00914775244007715,0.01406258234237745,0.00659784537247643,0.009812769422438139,0.009253901754411764,0.01388696774907272,0.009147752440076928,0.01406258234237745,0.0045475040118130305,0.007791734499587477,0.011510128913443829
2024-07-04,0.011173116430903685,0.018832470600576023,0.011278350279952054,0.018013253418249553,0.011502442288756631,0.018348717537003845,0.011173116430903685,0.018832470600576023,0.011278350279951832,0.018013253418249775,0.01150244228875641,0.018348717537004067,0.011173116430903463,0.0188324706005758,0.01127835027995161,0.018013253418249775,0.011502442288756853,0.018348717537003845,0.025489303595812585
2024-07-05,-0.004387099479043477,0.023487190608389552,-0.004349508524601919,0.022606236848499384,-0.004395587854511773,0.022895366575399256,-0.004387099479043255,0.023487190608389774,-0.004349508524601697,0.022606236848499384,-0.004395587854511329,0.022895366575399034,-0.004387099479043144,0.023487190608389552,-0.004349508524601697,0.022606236848499384,-0.004395587854511773,0.02289536657539859,-0.002219263204616073
2024-07-08,0.013758637655445938,-0.030759218104288943,0.0136577779619802,-0.02996320200869007,0.013793662852659816,-0.029523844904981833,0.013758637655445716,-0.030759218104289165,0.0136577779619802,-0.029963202008690293,0.013793662852659816,-0.02952384490498161,0.013758637655445494,-0.03075921810428861,0.0136577779619802,-0.029963202008690293,0.013793662852660038,-0.029523844904981056,0.028469750889679624
2024-07-09,-0.0004095923042339855,0.003278963477899355,-0.0005293125742652505,0.0029805124477588762,-0.0005097727480588565,0.003119629923444611,-0.00040959230423409654,0.003278963477899133,-0.0005293125742653615,0.0029805124477588762,-0.0005097727480588565,0.003119629923444611,-0.0004095923042339855,0.0032789634778989107,-0.0005293125742655835,0.0029805124477588762,-0.0005097727480587455,0.003119629923444611,0.001297577854671328
2024-07-10,0.003765632500153382,0.020782071840005578,0.0037471426084647597,0.01984087181381855,0.0036536495268315594,0.019892135739130845,0.00376563250015316,0.020782071840006022,0.0037471426084645376,0.019840871813818994,0.0036536495268315594,0.019892135739130623,0.00376563250015316,0.020782071840005578,0.0037471426084647597,0.019840871813818772,0.0036536495268317815,0.019892135739130623,0.004319654427645814
2024-07-11,0.0037997992648128864,0.012454767469779693,0.0037407209379747286,0.011569991405357749,0.0037674600707966466,0.012063933010812322,0.0037997992648131085,0.012454767469779915,0.0037407209379747286,0.011569991405357749,0.0037674600707968686,0.0120639330108121,0.0037997992648128864,0.012454767469779915,0.0037407209379745066,0.011569991405358415,0.0037674600707966466,0.012063933010811878,0.022795698924731322
2024-07-12,-0.01600349686662017,-0.027348900835013068,-0.015951101993676775,-0.027397299527632035,-0.016110818283128325,-0.027456007415813,-0.01600349686661995,-0.027348900835013512,-0.01595110199367633,-0.02739729952763237,-0.01611081828312866,-0.02745600741581289,-0.01600349686661995,-0.027348900835012957,-0.01595110199367611,-0.0273972995276327,-0.01611081828312877,-0.027456007415812667,-0.02775441547518931
2024-07-15,-0.012256574775765694,0.0002807825365112038,-0.012221183336387775,-0.0007073913531295828,-0.012111192549596916,-0.00044666071019761056,-0.012256574775765472,0.00028078253651098173,-0.012221183336387997,-0.0007073913531292497,-0.012111192549596916,-0.00044666071019749953,-0.012256574775765472,0.0002807825365107597,-0.012221183336387442,-0.0007073913531293607,-0.012111192549596805,-0.0004466607101972775,-0.0017301038062282892
2024-07-16,-0.0036094094606228255,0.0035051778491113073,-0.0036562379216193985,0.002914486704895136,-0.003732681279663419,0.003031325916583283,-0.0036094094606229365,0.0035051778491115293,-0.0036562379216189544,0.002914486704894914,-0.003732681279663419,0.003031325916583061,-0.0036094094606226035,0.0035051778491117513,-0.0036562379216191765,0.002914486704895136,-0.003732681279663752,0.003031325916583061,-0.0017331022530329143
2024-07-17,-0.006250630388852985,0.006778666861118943,-0.0062048844354503085,0.00643650310945354,-0.006183123005952029,0.006381070774847952,-0.006250630388853096,0.006778666861119165,-0.0062048844354503085,0.00643650310945354,-0.00618312300595214,0.006381070774847952,-0.006250630388853096,0.006778666861118943,-0.0062048844354501975,0.00643650310945354,-0.006183123005952029,0.00638107077484773,-0.01302083333333337
2024-07-18,-0.01689176542750659,-0.01790880173958742,-0.016900282192901073,-0.018447536696377775,-0.016961901507564603,-0.018542968719629238,-0.016891765427506256,-0.01790880173958731,-0.016900282192901184,-0.018447536696377664,-0.016961901507564825,-0.018542968719629238,-0.016891765427506367,-0.01790880173958731,-0.01690028219290096,-0.018447536696377775,-0.016961901507565047,-0.018542968719628905,-0.020228671943711474
2024-07-19,-0.016166874665399344,-0.0010824673738069057,-0.016022043346586412,-0.0007566916641842392,-0.015998184884926103,-0.0009278688018766745,-0.01616687466539901,-0.0010824673738071278,-0.016022043346585857,-0.0007566916641842392,-0.015998184884926103,-0.0009278688018764525,-0.0161668746653989,-0.0010824673738067947,-0.016022043346585524,-0.0007566916641844612,-0.015998184884926325,-0.0009278688018767856,-0.021543985637342944
2024-07-22,-0.03744401403652142,-0.07584407906914936,-0.037584131402431,-0.07518778293396589,-0.03763785681679388,-0.07527053183894306,-0.03744401403652109,-0.07584407906915003,-0.037584131402430554,-0.07518778293396611,-0.037637856816794435,-0.07527053183894272,-0.037444014036520534,-0.07584407906914892,-0.037584131402429666,-0.07518778293396622,-0.03763785681679477,-0.07527053183894161,-0.031192660550458773
2024-07-23,0.032599758001444545,0.02535271930340688,0.032655626054432396,0.026449649345944293,0.03271318089135389,0.026168815240785293,0.03259975800144388,0.0253527193034071,0.03265562605443173,0.026449649345944293,0.03271318089135411,0.02616881524078507,0.03259975800144366,0.02535271930340688,0.032655626054431064,0.026449649345944515,0.032713180891354776,0.026168815240784626,0.028882575757575912
2024-07-26,-0.028285120114528772,-0.029110109928955685,-0.028445831320195958,-0.02985312068022683,-0.028483643574182094,-0.029562347347923956,-0.028285120114528328,-0.02911010992895602,-0.02844583132019518,-0.02985312068022683,-0.028483643574182205,-0.029562347347923845,-0.028285120114528217,-0.029110109928955685,-0.02844583132019496,-0.02985312068022694,-0.02848364357418287,-0.029562347347923512,-0.03543488265071337
2024-07-29,3.042592884439088e-05,-0.04779827134280967,-9.120844106103032e-05,-0.047580953709563056,-8.40102150223565e-05,-0.047247767657263906,3.0425928844612926e-05,-0.04779827134281012,-9.120844106136339e-05,-0.04758095370956317,-8.401021502246753e-05,-0.04724776765726357,3.042592884439088e-05,-0.04779827134280956,-9.120844106114134e-05,-0.04758095370956339,-8.401021502246753e-05,-0.04724776765726291,0.008110687022900853
2024-07-30,0.0075416321901069505,0.0445789028023984,0.0077357558089632406,0.04413342298575973,0.007775351636728045,0.04418949195121313,0.007541632190106506,0.044578902802398845,0.007735755808963463,0.04413342298575973,0.007775351636727823,0.04418949195121269,0.0075416321901067285,0.04457890280239796,0.0077357558089632406,0.04413342298575995,0.007775351636728045,0.044189491951212245,0.0009465215333648302
2024-07-31,-0.003763470103299249,-0.015078275844644162,-0.000620838717665495,-0.007742231818522738,-0.0005120939003613323,-0.007643221145315793,-0.005040877092106433,-0.01637132513989159,-0.0006208387176656061,-0.007742231818522849,-0.0005120939003612213,-0.007643221145315793,-0.0069557912026384505,-0.018307273259090207,-0.000620838717665495,-0.007742231818522849,-0.0005120939003613323,-0.007643221145315571,-0.0009456264775413725
2024-08-01,0.0010585298367229434,0.0035319936966857757,0.011501284096288256,0.0165198912373683,0.016710347611134768,0.02401525681785266,0.0010585298367231655,0.0035319936966857757,0.010183133928568955,0.015183670570125596,0.01671034761113499,0.02401525681785266,0.0010585298367231655,0.0035319936966855536,0.008207143208240453,0.013180591024682053,0.016710347611135434,0.024015256817852215,0.017983909133932663
2024-08-02,-0.027152180528145387,-0.04545131281181769,-0.02695724563416535,-0.045187142570103034,-0.04643441582169394,-0.058057033943528125,-0.027152180528146053,-0.04545131281181802,-0.026957245634165905,-0.04518714257010381,-0.04769346796243812,-0.05930179835133931,-0.027152180528146053,-0.04545131281181791,-0.026957245634165572,-0.045187142570103256,-0.04958322771647938,-0.061167779162223934,-0.0478847047884704
2024-08-05,-0.05608093953600768,-0.0717266244478596,-0.055468774079393546,-0.07155795046010538,-0.05641899982411713,-0.07187777221778435,-0.0560809395360089,-0.07172662444785971,-0.05546877407939366,-0.07155795046010671,-0.05641899982411702,-0.07187777221778457,-0.056080939536008456,-0.07172662444786004,-0.05546877407939366,-0.07155795046010549,-0.05641899982411813,-0.07187777221778402,-0.0849609375
2024-08-06,0.01512112434518964,-0.0008905473082012616,0.015309214966459761,-0.0005051939448303955,0.01577016723446012,0.00031257853273602976,0.015121124345189862,-0.0008905473082012616,0.015309214966459761,-0.0005051939448301734,0.01577016723446034,0.00031257853273602976,0.015121124345189862,-0.0008905473082012616,0.015309214966459983,-0.0005051939448301734,0.015770167234460564,0.00031257853273602976,0.041088580576307265
2024-08-07,0.0005755469043156047,-0.008434924531034449,0.02228429376325347,0.05139327787246262,0.02275732358463478,0.05272040413276091,-0.0006324855257019424,-0.010140884992874022,0.02228429376325347,0.051393277872463505,0.02275732358463456,0.052720404132761134,-0.0024445341707286516,-0.012699825685633548,0.02228429376325347,0.05139327787246262,0.022757323584635003,0.05272040413276091,0.040492055356227574
2024-08-08,0.0,0.0,-0.014209704850634552,-0.021378046002844653,-0.01013017811033512,-0.009947658298368633,0.0,0.0,-0.015393101063180259,-0.023067908382903513,-0.010130178110334898,-0.009947658298368633,0.0,0.0,-0.017168195381999207,-0.025602701952990414,-0.01013017811033512,-0.009947658298368633,-0.017733990147783207
2024-08-09,0.0,0.0,0.0,0.0,0.01873386772295582,0.026710104221885356,0.0,0.0,0.0,0.0,0.01747184711961869,0.024912682065922453,0.0,0.0,0.0,0.0,0.015578816214612878,0.022216548831977656,0.030090270812437314
2024-08-12,0.0009369068267592873,0.02904002985487275,0.0,0.0,0.0,0.0,-0.00031036657738658935,0.027247054071678267,0.0,0.0,0.0,0.0,-0.0021754591770556386,0.024569275008184954,0.0,0.0,0.0,0.0,0.01314508276533588
2024-08-13,0.0035931197948220195,0.014915084167737014,-0.0032452212071072406,0.006354617570320187,0.0,0.0,0.0035931197948224636,0.014915084167736792,-0.004487283236755513,0.004601168329998462,0.0,0.0,0.0035931197948222415,0.014915084167737236,-0.00634458308146324,0.0019824214910053595,0.0,0.0,0.0033637674195099443
2024-08-14,0.010610528373639294,0.029696081385661266,0.01048984599321967,0.030103626546078788,-0.0004572023620118548,0.007047113055836496,0.010610528373639516,0.029696081385661266,0.010489845993219449,0.030103626546078566,-0.0017027385584454935,0.0052924572272388115,0.010610528373639516,0.02969608138566171,0.010489845993219449,0.030103626546079232,-0.0035652334491946824,0.002671908369024978,0.011973180076628287
2024-08-15,-0.008338488907563724,-0.0005750410542346707,-0.008174087810249642,-0.0005842839833168911,-0.0081304322257707,-0.0006114599663469278,-0.008338488907563835,-0.0005750410542346707,-0.008174087810249753,-0.0005842839833165581,-0.008130432225770812,-0.0006114599663467057,-0.008338488907563835,-0.0005750410542346707,-0.008174087810249642,-0.0005842839833168911,-0.008130432225770923,-0.0006114599663470388,-0.005679129200189426
2024-08-16,0.01932527135011819,0.024539037674402353,0.019178321458787062,0.024395907065286826,0.019181716949099314,0.02435951580972473,0.019325271350117967,0.02453903767440213,0.019178321458787284,0.024395907065286826,0.019181716949099314,0.02435951580972473,0.019325271350117967,0.024539037674402575,0.019178321458787284,0.024395907065287048,0.019181716949099537,0.024359515809725174,0.02189433603046176
2024-08-19,0.00041760353087849644,0.01486069027999326,0.00022769587991589013,0.015206140785566369,0.00023346076879726674,0.015070264306761283,0.0004176035308787185,0.014860690279993038,0.00022769587991589013,0.015206140785566369,0.00023346076879748878,0.015070264306761283,0.0004176035308787185,0.014860690279993038,0.00022769587991589013,0.015206140785566591,0.00023346076879726674,0.015070264306761505,0.0009315323707499434
2024-08-20,-0.0037327433588408843,0.012930297687590464,-0.003742770703632936,0.011944982280940986,-0.0037258109446565157,0.012447150319410571,-0.0037327433588409953,0.012930297687590908,-0.003742770703633047,0.011944982280941208,-0.0037258109446566268,0.01244715031941035,-0.0037327433588408843,0.012930297687590908,-0.003742770703633047,0.01194498228094143,-0.0037258109446566268,0.012447150319410794,0.0004653327128896212
2024-08-21,-0.00892118370979289,-0.005050669852311951,-0.008831874687774688,-0.004826741683552016,-0.008824649303276866,-0.005261045527957697,-0.00892118370979289,-0.005050669852312173,-0.00883187468777491,-0.004826741683552238,-0.008824649303276866,-0.005261045527957697,-0.008921183709793001,-0.005050669852312062,-0.008831874687774688,-0.004826741683552238,-0.008824649303276644,-0.005261045527957697,-0.011627906976744207
2024-08-22,-0.005214603574363652,-0.0017672298285960064,-0.005177242543443872,-0.0008001298725667239,-0.005083101609890339,-0.0009281979323318978,-0.005214603574363763,-0.0017672298285958954,-0.005177242543443539,-0.0008001298725667239,-0.00508310160989045,-0.0009281979323318978,-0.005214603574363652,-0.0017672298285958954,-0.005177242543443872,-0.0008001298725667239,-0.00508310160989045,-0.0009281979323317868,-0.004235294117647115
2024-08-23,4.434290336208235e-05,0.039138449278042664,4.3309151752879416e-05,0.0391372234384757,1.9412780714045397e-05,0.03898234284530111,4.434290336208235e-05,0.039138449278042664,4.330915175265737e-05,0.0391372234384757,1.941278071426744e-05,0.03898234284530111,4.43429033623044e-05,0.03913844927804311,4.330915175265737e-05,0.039137223438476365,1.941278071426744e-05,0.038982342845301554,0.0014177693761814325
2024-08-26,0.009464879361350764,-0.023427109713986316,0.009541012681884231,-0.023356374864545004,0.009449667555536445,-0.0233918590716109,0.009464879361350764,-0.023427109713986316,0.009541012681884453,-0.023356374864544782,0.009449667555536223,-0.023391859071610677,0.009464879361350764,-0.02342710971398665,0.009541012681884453,-0.023356374864545337,0.009449667555536223,-0.023391859071611232,-0.00047192071731949614
2024-08-27,-0.0038435024449094968,0.010928915003047157,-0.003817905914318298,0.010705237303304083,-0.003795327297229867,0.010604814235652293,-0.003843502444909608,0.010928915003047157,-0.003817905914318298,0.010705237303303639,-0.003795327297229978,0.010604814235652071,-0.0038435024449094968,0.010928915003047157,-0.003817905914318298,0.010705237303304083,-0.003795327297229867,0.010604814235652071,-0.0037771482530689626
2024-08-28,0.0012241453523220702,-0.01252580458660335,0.0038181168867090776,-0.00534732174144692,0.003718753301310551,-0.005368658885467448,-0.0002918451692968116,-0.01383584439765273,0.0038181168867088555,-0.005347321741446698,0.003718753301310773,-0.005368658885467448,-0.002564411130432931,-0.015798452692424747,0.0038181168867090776,-0.00534732174144692,0.003718753301310773,-0.005368658885467448,0.013744075829383862
2024-08-29,-0.0056395030087404985,-0.007698006000922186,-0.006620175286183194,-0.006388658739522768,0.0010538146680367788,0.0011283152524386164,-0.0056395030087406095,-0.007698006000922186,-0.008114437565386878,-0.007711199402849811,0.0010538146680367788,0.0011283152524386164,-0.0056395030087406095,-0.007698006000922186,-0.010354431512777151,-0.009695010397840709,0.0010538146680365568,0.0011283152524390605,-0.011220196353436185
2024-08-30,0.0025083248963491123,-0.015600752005347163,0.002524211898173201,-0.01531084489372403,2.53997620549562e-05,-0.016736664718118188,0.0025083248963488902,-0.01560075200534694,0.002524211898173201,-0.01531084489372414,-0.001485660892713292,-0.01806811894382221,0.0025083248963488902,-0.015600752005347163,0.002524211898173201,-0.015310844893724473,-0.0037480147282148435,-0.0200628087886926,0.0
2024-09-02,0.003042567770984439,-0.02445541615209257,0.0030291896520746597,-0.024551997789073576,0.0030690428056283636,-0.024581301995583282,0.003042567770984661,-0.02445541615209268,0.0030291896520748818,-0.02455199778907402,0.0030690428056281416,-0.024581301995583837,0.003042567770984661,-0.024455416152093012,0.0030291896520746597,-0.02455199778907413,0.0030690428056283636,-0.024581301995583726,-0.0009456264775413725
2024-09-03,-0.006318271122100705,-0.010162327035059038,-0.00633535353020076,-0.010032983432654019,-0.006348527467871734,-0.009940133473861135,-0.006318271122101038,-0.010162327035058816,-0.006335353530200982,-0.010032983432654019,-0.006348527467871401,-0.009940133473861024,-0.006318271122100705,-0.010162327035059038,-0.006335353530200871,-0.01003298343265413,-0.006348527467871623,-0.009940133473860913,-0.002839564600094713
2024-09-04,-0.03196089511500555,-0.033304916005554075,-0.03198516717842281,-0.03285527483663031,-0.03193728905713167,-0.033034696251188156,-0.03196089511500555,-0.033304916005553964,-0.031985167178423035,-0.032855274836630755,-0.031937289057131335,-0.03303469625118849,-0.031960895115005994,-0.03330491600555452,-0.03198516717842348,-0.032855274836630866,-0.03193728905713167,-0.03303469625118827,-0.04793545325106785
2024-09-05,0.006673744341454402,-0.010463318710061786,0.00670223653095281,-0.010483917150898359,0.006813542419026319,-0.010156261549224666,0.006673744341454624,-0.010463318710061564,0.00670223653095281,-0.010483917150898359,0.006813542419026319,-0.010156261549224999,0.006673744341454624,-0.010463318710061786,0.00670223653095281,-0.01048391715089847,0.006813542419026319,-0.010156261549224666,0.004486540378863424
2024-09-06,0.008157929154247068,-0.00383014963265782,0.008151442908493234,-0.003731350601015593,0.00815717746339506,-0.0035956762885887006,0.008157929154247068,-0.003830149632657709,0.008151442908493456,-0.003731350601015815,0.00815717746339506,-0.0035956762885887006,0.008157929154247068,-0.003830149632657598,0.008151442908493456,-0.003731350601015704,0.008157177463395282,-0.0035956762885889226,0.013895781637717208
2024-09-09,-0.025230699986523164,-0.023738331820720937,-0.020539450705603368,-0.009724421092701996,-0.020521494778166227,-0.00976398173806714,-0.026929963595245687,-0.02569673035267528,-0.02053945070560348,-0.009724421092701885,-0.020521494778166005,-0.009763981738067251,-0.029478859008328362,-0.028634328150607402,-0.02053945070560359,-0.009724421092701996,-0.020521494778166227,-0.009763981738067251,-0.016152716593245242
2024-09-10,0.0,0.0,0.0020447673489591978,0.009882380265915591,-0.0014548714986283295,-0.0287819921174427,0.0,0.0,0.0002943282392775526,0.007856537978521594,-0.0014548714986281075,-0.028781992117443145,0.0,0.0,-0.002331330425244693,0.004817774547430487,-0.0014548714986282185,-0.02878199211744259,0.0004975124378108209
2024-09-11,0.0,0.0,0.0,0.0,-0.0023002367862002826,0.006674912783450226,0.0,0.0,0.0,0.0,-0.004039828966743153,0.004655504733734439,0.0,0.0,0.0,0.0,-0.006649217237557736,0.0016263926591599809,-0.0024863252113376255
2024-09-12,0.0,0.0,0.0,0.0,0.0,0.0,0.0,0.0,0.0,0.0,0.0,0.0,0.0,0.0,0.0,0.0,0.0,0.0,0.03688933200398803
2024-09-13,-0.009304580834537557,-0.014692643554991114,0.0,0.0,0.0,0.0,-0.011030745846151047,-0.016653454214583086,0.0,0.0,0.0,0.0,-0.013608744150176766,-0.019580080838944358,0.0,0.0,0.0,0.0,0.0038461538461538325
2024-09-16,0.0066873440969572595,-0.006033454802317095,0.0019401257499527258,-0.013566040934341439,0.0,0.0,0.0066873440969574816,-0.006033454802317206,0.0001943682190879148,-0.015529093589198406,0.0,0.0,0.0066873440969572595,-0.006033454802317206,-0.0024128911816818643,-0.018459066524944556,0.0,0.0,0.003831417624520883
2024-09-18,-0.007230644191472124,0.0026686014542494085,-0.007288706658128197,0.0030483902039537547,-0.0077917544593845145,0.0023410261372465158,-0.007230644191472235,0.0026686014542496306,-0.007288706658128197,0.0030483902039537547,-0.009520555385030938,0.000346317627520909,-0.007230644191472124,0.0026686014542494085,-0.007288706658128419,0.0030483902039533106,-0.012102490382165598,-0.0026309035558945704,-0.00858778625954193
2024-09-19,0.013939720670144151,0.023015489000347333,0.013913654079536153,0.02292027520489781,0.013939609450417612,0.022954313306878804,0.013939720670143929,0.023015489000347555,0.013913654079536153,0.022920275204898033,0.013939609450417612,0.022954313306879026,0.013939720670144373,0.023015489000347333,0.013913654079536375,0.02292027520489781,0.013939609450417834,0.022954313306878804,0.013955726660250134
2024-09-20,0.005594774758251209,0.0013903688388432478,0.005575292407452137,0.0014298728122541515,0.005593288471087643,0.0013602593698123222,0.005594774758251431,0.0013903688388430258,0.005575292407452359,0.0014298728122541515,0.005593288471087643,0.0013602593698123222,0.005594774758251431,0.0013903688388432478,0.005575292407452359,0.0014298728122537074,0.005593288471087643,0.0013602593698123222,0.01186521120075934
2024-09-23,0.006617568930170403,0.005392383763421549,0.00663330251731753,0.005558593366028264,0.006614290704535675,0.004979838199128617,0.006617568930170403,0.005392383763421549,0.006633302517317308,0.005558593366028486,0.006614290704535675,0.004979838199128617,0.006617568930170403,0.005392383763421549,0.006633302517317752,0.005558593366028486,0.006614290704535675,0.004979838199128839,0.0037523452157599557
2024-09-24,0.008361616685209627,-0.017108662886242687,0.00837135718477211,-0.017059999249815494,0.00836622629838879,-0.017157871451018103,0.008361616685209627,-0.01710866288624291,0.00837135718477211,-0.017059999249815716,0.00836622629838879,-0.017157871451018214,0.00836161668520985,-0.017108662886242576,0.008371357184772332,-0.017059999249815494,0.008366226298389012,-0.017157871451018103,0.00981308411214954
2024-09-25,0.014013982737998365,0.0235947835263266,0.014062937428730216,0.023329001785891368,0.014029593328710677,0.02395095479244591,0.014013982737998365,0.023594783526327046,0.014062937428729994,0.02332900178589159,0.014029593328710899,0.023950954792446133,0.014013982737998587,0.0235947835263266,0.014062937428730438,0.023329001785891368,0.01402959332871112,0.02395095479244569,0.016196205460434987
2024-09-26,0.007156146549687437,0.01601787939709509,0.007900387912205709,0.028995145899202823,0.007904416869614073,0.028742894590108037,0.006122477961942652,0.014155341938804966,0.00790038791220593,0.028995145899202823,0.00790441686961385,0.02874289459010848,0.004571005045989507,0.011366758469816718,0.00790038791220593,0.02899514589920238,0.007904416869614073,0.028742894590107815,0.006830601092896238
2024-09-27,-0.011403961482661984,-0.009526960974322707,-0.011376019221302713,-0.009634560658116853,-0.009285916854009701,-0.016117811821528272,-0.011403961482662539,-0.009526960974322485,-0.012391300472515132,-0.011498999276135624,-0.009285916854009812,-0.016117811821528383,-0.011403961482662539,-0.009526960974322707,-0.013915175128285218,-0.014290429153700157,-0.009285916854009812,-0.01611781182152816,-0.0022614201718679228
2024-09-30,-0.014989904682560784,0.005159956932416554,-0.014999578550664805,0.004804482497657858,-0.015409071574064792,0.0033008581469264886,-0.014989904682561006,0.005159956932416332,-0.014999578550665138,0.004804482497657636,-0.01641066645794864,0.0014180599156528029,-0.014989904682560895,0.005159956932416332,-0.014999578550664694,0.004804482497657636,-0.017910874336751093,-0.0014008578998258026,-0.025385312783318237
2024-10-01,0.008878818881378647,0.023959197154296064,0.008899129649533988,0.023841493258349278,0.008898099189499131,0.02361558793814722,0.008878818881378647,0.023959197154296064,0.008899129649533988,0.023841493258349056,0.008898099189499131,0.02361558793814722,0.008878818881378647,0.023959197154296286,0.008899129649533766,0.023841493258349056,0.008898099189499131,0.02361558793814722,0.0
2024-10-04,-0.014663952640917688,0.0039803377620570846,-0.014668307029052086,0.004812329532153603,-0.014587314630883141,0.004716715782231429,-0.014663952640917799,0.0039803377620570846,-0.014668307029052086,0.004812329532153603,-0.014587314630883252,0.004716715782231651,-0.014663952640917799,0.0039803377620570846,-0.014668307029051975,0.004812329532153603,-0.014587314630883252,0.004716715782231429,0.0
2024-10-07,0.015367525767087997,0.02698558605965573,0.01538109576001001,0.027159871338796604,0.015560671452063746,0.02763011822082051,0.01536752576708822,0.026985586059655287,0.015381095760009789,0.027159871338795938,0.015560671452063524,0.02763011822082051,0.015367525767087997,0.026985586059655953,0.015381095760009567,0.027159871338796382,0.015560671452063524,0.027630118220820288,0.022790697674418547
2024-10-08,-0.0007446639297323809,0.0014501221766940464,-0.0007762913119273573,0.0015354470230741768,-0.0008292787404500235,0.0014633715755736354,-0.0007446639297322699,0.0014501221766942685,-0.0007762913119272463,0.0015354470230741768,-0.0008292787404498014,0.0014633715755736354,-0.0007446639297323809,0.0014501221766940464,-0.0007762913119271353,0.0015354470230743988,-0.0008292787404496904,0.0014633715755736354,-0.004547521600727578
2024-10-09,-0.0006513311520659482,-0.010275470334626946,-0.0006638748459539823,-0.011220244820300707,-0.0006365322721796352,-0.010987554289129675,-0.0006513311520659482,-0.010275470334627168,-0.0006638748459539823,-0.011220244820300374,-0.0006365322721798572,-0.010987554289129675,-0.0006513311520659482,-0.010275470334627057,-0.0006638748459539823,-0.011220244820300596,-0.0006365322721798572,-0.010987554289129675,0.01187756966651432
2024-10-11,-4.744528093281186e-05,0.022985478157756978,-4.499134696311913e-05,0.0222080089755492,6.783113390174123e-05,0.022202400584174775,-4.744528093281186e-05,0.022985478157756756,-4.499134696311913e-05,0.022208008975548754,6.783113390174123e-05,0.022202400584174775,-4.744528093270084e-05,0.022985478157756978,-4.499134696323015e-05,0.022208008975548976,6.783113390174123e-05,0.022202400584174553,0.017155756207674955
2024-10-14,0.0038187588036955322,0.029389851615884144,0.003843567151867733,0.028544890558755975,0.0038534491646733393,0.028800391778236012,0.0038187588036957543,0.029389851615884144,0.003843567151867733,0.02854489055875531,0.0038534491646735614,0.02880039177823579,0.0038187588036955322,0.029389851615884366,0.003843567151867733,0.028544890558755753,0.0038534491646735614,0.02880039177823579,0.0013315579227695107
2024-10-15,0.010097896282985408,-0.01229532457961291,0.010121079616325135,-0.011922575624795151,0.010270113656407842,-0.011835743089171014,0.01009789628298563,-0.01229532457961291,0.010121079616325357,-0.011922575624794929,0.010270113656407842,-0.011835743089171014,0.01009789628298563,-0.01229532457961302,0.010121079616325135,-0.01192257562479504,0.010270113656407842,-0.011835743089170903,0.019060283687943214
2024-10-16,-0.008280152206681546,-0.0008668644054745656,-0.008274302576864456,-0.0010937768066152653,-0.008398360873710486,-0.0010372595045911037,-0.00828015220668199,-0.0008668644054745656,-0.008274302576864567,-0.0010937768066152653,-0.008398360873710486,-0.0010372595045908817,-0.008280152206681768,-0.0008668644054746766,-0.008274302576864567,-0.0010937768066153764,-0.008398360873710486,-0.0010372595045909927,-0.01565898216615913
2024-10-17,0.005005700978275351,-0.003217473188176556,0.004990389183871402,-0.0027170915638735638,0.0049399402779657375,-0.002919559044669562,0.005005700978275129,-0.003217473188176556,0.00499038918387118,-0.0027170915638732307,0.0049399402779657375,-0.002919559044669673,0.005005700978275351,-0.003217473188176667,0.00499038918387118,-0.0027170915638734527,0.0049399402779657375,-0.002919559044669673,0.00044189129474148103
2024-10-18,0.012296409461374225,-0.009683686171282124,0.012238079741490937,-0.010209479631043572,0.01239799411936171,-0.01018345124370379,0.012296409461374669,-0.009683686171282124,0.012238079741490715,-0.010209479631043461,0.012397994119361488,-0.0101834512437039,0.012296409461374447,-0.009683686171282124,0.012238079741490937,-0.010209479631043461,0.012397994119361488,-0.0101834512437039,0.023851590106007015
2024-10-21,-0.008239143821132222,0.017217055158452732,-0.008198679101415252,0.016899210781289753,-0.008181759897196272,0.017102369229140102,-0.008239143821132333,0.017217055158452732,-0.00819867910141514,0.01689921078128931,-0.00818175989719605,0.017102369229140102,-0.008239143821132333,0.017217055158452954,-0.00819867910141514,0.01689921078128931,-0.008181759897196161,0.017102369229140102,0.0025884383088869978
2024-10-22,0.005170237270278211,0.016817401230466933,0.005158205712504138,0.016300010236275142,0.005118754421816973,0.016493287567193038,0.005170237270278433,0.01681740123046671,0.005158205712504138,0.016300010236274698,0.005118754421816973,0.01649328756719326,0.005170237270278211,0.016817401230466933,0.005158205712503694,0.016300010236275142,0.005118754421816973,0.01649328756719326,-0.005163511187607606
2024-10-23,-0.007034986311718061,0.015406681349997786,-0.0070616323470739095,0.015556486779151779,-0.007130165824245083,0.015733298598859857,-0.007034986311718394,0.015406681349997786,-0.0070616323470739095,0.015556486779151557,-0.007130165824244972,0.015733298598859857,-0.007034986311718283,0.015406681349997786,-0.0070616323470739095,0.015556486779151557,-0.007130165824245083,0.015733298598859635,-0.006055363321799234
2024-10-24,-0.0045475092583069365,-0.02102604077892123,-0.004551571265947962,-0.020711037310953917,-0.004592178934203495,-0.020818814091342452,-0.0045475092583068255,-0.021026040778921118,-0.004551571265947851,-0.020711037310953362,-0.004592178934203606,-0.020818814091342452,-0.0045475092583068255,-0.02102604077892145,-0.004551571265947851,-0.020711037310953473,-0.004592178934203384,-0.020818814091342452,-0.006092254134029584
2024-10-25,0.008638943264268395,-0.00797304534282206,0.008631799731871448,-0.0077325778194407,0.008626343401911818,-0.007958206848868943,0.008638943264268617,-0.00797304534282195,0.008631799731871226,-0.007732577819440367,0.008626343401911596,-0.007958206848869054,0.008638943264268395,-0.00797304534282195,0.008631799731871226,-0.0077325778194407,0.008626343401911596,-0.007958206848868943,0.007005253940455258
2024-10-28,-0.003126510317516651,-0.03463176564990733,-0.0031109777201885347,-0.03495102386264726,-0.003129223397930758,-0.035070685862383155,-0.003126510317516429,-0.034631765649907,-0.0031109777201886457,-0.0349510238626467,-0.003129223397930536,-0.035070685862383044,-0.003126510317516429,-0.03463176564990755,-0.0031109777201884237,-0.034951023862646924,-0.003129223397930536,-0.035070685862383044,-0.0013043478260870156
2024-10-29,-0.00576413783687546,0.01237926478526985,-0.005581048011822465,0.014029325151566407,-0.0057614318833035805,0.014235401853438745,-0.006061336267793704,0.011946385895101663,-0.005581048011822354,0.014029325151566185,-0.0057614318833038025,0.014235401853438523,-0.006506577779382017,0.011297877587713057,-0.005581048011822465,0.014029325151566185,-0.0057614318833036915,0.014235401853438745,-0.018284719198955135
2024-10-30,-0.01208868801924834,-0.0005732533153653963,-0.011652985568425311,-0.0007378213839431824,-0.015350788039023344,-0.002960075998980072,-0.012088688019248228,-0.0005732533153656183,-0.011950450567077553,-0.0011311142925385376,-0.015350788039023455,-0.0029600759989798497,-0.01208868801924845,-0.0005732533153655073,-0.012397206929657956,-0.0017203177031318573,-0.015350788039023233,-0.002960075998980183,-0.004878048780487809
2024-11-01,-6.129035507707048e-05,0.008337684259500211,-0.00017682557157128187,0.007754679055006264,-0.0001324208212325484,0.01139743793947856,-6.129035507695946e-05,0.008337684259500433,-0.00017682557157128187,0.007754679055006486,-0.0004512420130391437,0.011028315571713465,-6.129035507707048e-05,0.008337684259499989,-0.00017682557157150391,0.007754679055006486,-0.000929473800750702,0.010476010714169037,-0.004901960784313708
2024-11-04,0.01506684596839869,0.016666993811701003,0.014989794312227689,0.016411770320892582,0.014804524150577647,0.016495646301783573,0.015066845968398468,0.016666993811701003,0.014989794312227689,0.01641177032089236,0.014804524150578091,0.016495646301783795,0.01506684596839869,0.01666699381170078,0.014989794312227911,0.016411770320892582,0.014804524150578091,0.016495646301783573,0.01343484102104786
2024-11-05,0.0043006212744913785,0.00787732453642298,0.004207658642306322,0.00784778669016628,0.003996514328203027,0.007915210657861937,0.0043006212744913785,0.00787732453642298,0.004207658642306322,0.007847786690166503,0.003996514328203027,0.007915210657861715,0.0043006212744911565,0.007877324536422758,0.004207658642306322,0.00784778669016628,0.003996514328203027,0.00791521065786216,0.002651347768448886
2024-11-06,-0.006566347216226731,0.0006409282134989258,-0.00028602748261352673,0.010434145129478267,-0.0005862331915912344,0.01027755550570264,-0.0085591930593234,-0.0013663755542313583,-0.00028602748261352673,0.010434145129478045,-0.0005862331915911234,0.01027755550570264,-0.011548461823968625,-0.004377331205826396,-0.00028602748261352673,0.01043414512947849,-0.0005862331915910124,0.010277555505702418,0.008373732921992172
2024-11-07,0.006573339852611104,0.005089518501277812,-0.007039723042365442,0.006761719330806937,0.005455743101167476,0.017829151196910642,0.00457020882802861,0.00308934035500652,-0.009031619285008508,0.00474213714559002,0.005455743101167476,0.01782915119691042,0.0015804165398498604,0.00010395541347385517,-0.012019463648973105,0.0017127638677638668,0.005455743101167698,0.017829151196910642,0.00874125874125875
2024-11-08,0.0008540622212851456,0.004403785944625538,-0.008702009923509113,-0.00975801413510835,0.0034941046115859464,0.008553191171466468,0.0008540622212849236,0.00440378594462576,-0.010674742242069546,-0.011728644952749945,0.0014810773204896321,0.006530015261393629,0.0008540622212849236,0.00440378594462576,-0.0136191626520632,-0.014669928747533145,-0.0015384636161551724,0.003495251396283816,0.009098786828422911
2024-11-11,-0.0009736466320359183,0.011479516891684138,-0.0009195686328402619,0.01162134350631927,-0.003842445527481142,0.0056050397769862315,-0.0009736466320356962,0.011479516891684582,-0.0009195686328402619,0.01162134350631927,-0.005824848620958778,0.0036038357177285985,-0.0009736466320356962,0.011479516891684138,-0.0009195686328402619,0.01162134350631927,-0.008783703238158247,0.0006169195399974292,0.0
2024-11-12,-0.014164922378438916,-0.033926011684217716,-0.014076462231648601,-0.033731988881696484,-0.014147940586620722,-0.03363792230806717,-0.014164922378439027,-0.03392601168421827,-0.014076462231648823,-0.03373198888169682,-0.014147940586620944,-0.0336379223080675,-0.014164922378438805,-0.03392601168421783,-0.014076462231648601,-0.03373198888169626,-0.014147940586620722,-0.03363792230806695,-0.02361528553027048
2024-11-13,-0.0026012912912621866,-0.018162106125762967,-0.0026811750472577334,-0.017728042515695597,-0.0026395591530642415,-0.01811733302246188,-0.0026012912912622976,-0.018162106125763078,-0.0026811750472574003,-0.017728042515695375,-0.0026395591530641305,-0.01811733302246199,-0.0026012912912624087,-0.018162106125762745,-0.0026811750472576223,-0.017728042515695264,-0.0026395591530643525,-0.018117333022461657,-0.006596306068601621
2024-11-14,-0.010343200905208239,0.000507814423255537,-0.010369332601278036,0.0006527199630457226,-0.010576673213490873,0.0006677340373599794,-0.01034320090520835,0.000507814423255315,-0.01036933260127837,0.0006527199630455005,-0.010576673213491095,0.0006677340373599794,-0.010343200905208128,0.000507814423255537,-0.010369332601277925,0.0006527199630455005,-0.01057667321349065,0.0006677340373599794,-0.007968127490039945
2024-11-15,-0.0003642437887223515,0.002248731978084839,-0.005181926350902977,-0.013907098327240908,-0.005095094640030107,-0.013821380752998325,-0.0023695311632687677,0.00023820292697562806,-0.005181926350902977,-0.013907098327240908,-0.005095094640030107,-0.013821380752998325,-0.005377462225087615,-0.0027775906496887437,-0.005181926350902977,-0.013907098327240686,-0.005095094640030218,-0.013821380752998103,0.002231146809460016
2024-11-18,0.0,0.0,-0.0021949574671799033,-0.013022474917972926,-0.007829824440397481,-0.06481079552649138,0.0,0.0,-0.004196572397035081,-0.015002369652340253,-0.007829824440397704,-0.06481079552649194,0.0,0.0,-0.007198994791817959,-0.017972211753890632,-0.007829824440397481,-0.0648107955264906,-0.016918967052537814
2024-11-19,0.0,0.0,0.0,0.0,0.004024383803411302,0.006445096376778592,0.0,0.0,0.0,0.0,0.0020102927626826084,0.00442614934292318,0.0,0.0,0.0,0.0,-0.0010108437984106544,0.0013977287921405068,0.009510869565217295
2024-11-20,0.0,0.0,0.0,0.0,0.0,0.0,0.0,0.0,0.0,0.0,0.0,0.0,0.0,0.0,0.0,0.0,0.0,0.0,-0.0022431583669807464
2024-11-21,0.0,0.0,0.0,0.0,0.0,0.0,0.0,0.0,0.0,0.0,0.0,0.0,0.0,0.0,0.0,0.0,0.0,0.0,-0.011690647482014316
2024-11-22,0.0,0.0,0.0,0.0,0.0,0.0,0.0,0.0,0.0,0.0,0.0,0.0,0.0,0.0,0.0,0.0,0.0,0.0,0.015923566878981
2024-11-25,0.0,0.0,0.0,0.0,0.0,0.0,0.0,0.0,0.0,0.0,0.0,0.0,0.0,0.0,0.0,0.0,0.0,0.0,-0.0017913121361397
2024-11-26,0.0,0.0,0.0,0.0,0.0,0.0,0.0,0.0,0.0,0.0,0.0,0.0,0.0,0.0,0.0,0.0,0.0,0.0,-0.013907581875280406
2024-11-27,0.0,0.0,0.0,0.0,0.0,0.0,0.0,0.0,0.0,0.0,0.0,0.0,0.0,0.0,0.0,0.0,0.0,0.0,-0.012283894449499622
2024-11-28,0.0,0.0,0.0,0.0,0.0,0.0,0.0,0.0,0.0,0.0,0.0,0.0,0.0,0.0,0.0,0.0,0.0,0.0,-0.002303086135421517
2024-11-29,0.0,0.0,0.0,0.0,0.0,0.0,0.0,0.0,0.0,0.0,0.0,0.0,0.0,0.0,0.0,0.0,0.0,0.0,-0.0004616805170821747
2024-12-02,0.0,0.0,0.0,0.0,0.0,0.0,0.0,0.0,0.0,0.0,0.0,0.0,0.0,0.0,0.0,0.0,0.0,0.0,0.026789838337182514
2024-12-03,0.0,0.0,0.0,0.0,0.0,0.0,0.0,0.0,0.0,0.0,0.0,0.0,0.0,0.0,0.0,0.0,0.0,0.0,0.011695906432748426
2024-12-04,0.007802463411346938,0.017536769917966044,0.0,0.0,0.0,0.0,0.006797174171036202,0.015763837151463234,0.0,0.0,0.0,0.0,0.005292995125960154,0.01311599199503588,0.0,0.0,0.0,0.0,0.008003557136505135
2024-12-05,-0.0028638451984503988,0.005842857325635276,-0.005638931556572024,-0.001256503061384695,0.0,0.0,-0.0038703652822844603,0.004070903866327802,-0.0066308129216029466,-0.002996690859410789,0.0,0.0,-0.005380145408035331,0.0014129736773669244,-0.00811493023297516,-0.005595631958213332,0.0,0.0,0.004411116012351224
2024-12-06,-0.001999296812901119,-0.015532142071595256,-0.002510748555759168,-0.004019624833224711,-0.00199929681290123,-0.015532142071595256,-0.002994808736279997,-0.017247456323119414,-0.0035045437818930214,-0.005767169050558296,-0.002994808736279997,-0.017247456323119525,-0.004484358324821303,-0.019809249200132495,-0.0049952366210936905,-0.008388485376558674,-0.004484358324821303,-0.019809249200132384,-0.0030742204655247463
2024-12-09,-0.0010859086207126722,-0.0019447509777402727,-0.0031081981521308144,-0.004273255034588641,-0.0010859086207123392,-0.0019447509777403837,-0.0020862352351282976,-0.0036928262612372365,-0.004102603939510008,-0.006008186513059788,-0.0020862352351281865,-0.0036928262612372365,-0.0035867251567520686,-0.0063149391864826265,-0.00559049845553683,-0.008599277387343007,-0.0035867251567520686,-0.0063149391864824045,0.0008810572687223406
2024-12-10,-0.0066493033080511355,-0.009094123047952096,-0.0032091564282219487,-0.00648169493831352,-0.0066493033080511355,-0.009094123047952096,-0.007640176820960742,-0.0108206547563936,-0.004204107502618348,-0.008223541530524847,-0.007640176820960853,-0.010820654756393822,-0.009122786118539117,-0.013399200715941473,-0.005696534114212448,-0.010836311418842115,-0.009122786118539117,-0.013399200715941584,-0.004401408450704247
2024-12-11,-0.005133720250648288,-0.011905421943227967,0.0027515704539970987,0.014534191995401624,-0.005133720250648177,-0.011905421943228078,-0.006121229303859166,-0.01363516647552998,0.001751319510900684,0.012766490851912504,-0.006121229303859166,-0.01363516647552998,-0.007602492883675316,-0.01622978327398339,0.0002546790933046772,0.010126459036136737,-0.007602492883675316,-0.016229783273983278,-0.010610079575596676
2024-12-12,0.0,0.0,0.00043204213132330693,0.005104360534790908,-0.0020908363191366464,-0.006598910163741589,0.0,0.0,-0.0005760839949119356,0.003334615930983942,-0.003086256931287168,-0.008329789473972782,0.0,0.0,-0.002088273184264966,0.0006799990252739363,-0.004575669894039125,-0.010914828503397755,0.011170688114387817
2024-12-13,0.0,0.0,0.0,0.0,-0.0031979795006072953,-0.0049997819174383284,0.0,0.0,0.0,0.0,-0.004193977209145161,-0.006744013241056002,0.0,0.0,0.0,0.0,-0.005687973771951738,-0.009360360226482456,0.002651347768448886
2024-12-16,0.0,0.0,0.0,0.0,0.0,0.0,0.0,0.0,0.0,0.0,0.0,0.0,0.0,0.0,0.0,0.0,0.0,0.0,0.002644336712207984
2024-12-17,-0.0040725516702274644,0.0035782613152066656,0.0,0.0,0.0,0.0,-0.005065995508960475,0.0018296495344458652,0.0,0.0,0.0,0.0,-0.006552450694953027,-0.0007818726403585607,0.0,0.0,0.0,0.0,0.003956043956043986
2024-12-18,-5.666171820983834e-05,-0.0072527849592407545,0.0010646260162072707,-0.006679135687702287,0.0,0.0,-5.6661718209616296e-05,-0.0072527849592406435,6.605781070501138e-05,-0.00840987521481773,0.0,0.0,-5.666171820983834e-05,-0.0072527849592407545,-0.0014280647856258488,-0.01099470548051884,0.0,0.0,0.0017513134851139256
2024-12-19,-0.0022955573968811427,-0.006216266533043413,-0.0023286329509443204,-0.005928724480038339,0.003560469147210199,0.008321246584765962,-0.0022955573968812537,-0.006216266533043413,-0.0023286329509446535,-0.005928724480037895,0.002559411322624605,0.006564370735084868,-0.0022955573968812537,-0.006216266533043524,-0.0023286329509443204,-0.005928724480038228,0.0010615635965449677,0.003940506312860803,-0.011363636363636465
2024-12-20,-0.0042376964022659,-0.005170667416148911,-0.008044584455815906,-0.012045002284538087,-0.008068716940851983,-0.012213955081642802,-0.005227240585163884,-0.006913718154962556,-0.008044584455815573,-0.012045002284538198,-0.008068716940851983,-0.012213955081642691,-0.006711556859511081,-0.00952829426318269,-0.008044584455815684,-0.012045002284538309,-0.008068716940852094,-0.012213955081642691,-0.010610079575596676
2024-12-23,0.0,0.0,0.00597013595340079,0.007366942684286837,0.01181933739143326,0.01723584607652273,0.0,0.0,0.004963050812199388,0.005602513383377472,0.011819337391433482,0.01723584607652273,0.0,0.0,0.003452423100397173,0.00295586943201398,0.011819337391433482,0.017235846076522954,0.02144772117962468
2024-12-24,0.0,0.0,0.0,0.0,0.0010129897425299461,0.005779691346917026,0.0,0.0,0.0,0.0,-7.41291776740205e-07,0.004008923289657629,0.0,0.0,0.0,0.0,-0.00152133784323627,0.0013527712037684214,0.0021872265966753623
2024-12-25,-0.003900965572692816,0.00694152555042149,0.0,0.0,0.0,0.0,-0.0056365457197967705,0.004937661817983052,0.0,0.0,0.0,0.0,-0.008228605369732911,0.001946775919715149,0.0,0.0,0.0,0.0,0.0030554343081623525
2024-12-26,-0.004372349439451972,-0.000569186844859848,-0.009038136235876015,-0.00936697551232768,0.0,0.0,-0.004372349439452083,-0.000569186844859848,-0.010764765494456707,-0.01133838451628344,0.0,0.0,-0.0043723494394521945,-0.000569186844859737,-0.013343457143490611,-0.014280829800460748,0.0,0.0,0.0008703220191470518
2024-12-27,0.0014208741374197587,0.009170459802480657,0.0014427885939483076,0.009096348879981342,-0.0010149583459433398,0.0026130461865847554,0.0014208741374199807,0.009170459802480657,0.0014427885939478635,0.009096348879981564,-0.0027555670059504767,0.0006177963434275124,0.0014208741374199807,0.009170459802480657,0.0014427885939480856,0.00909634887998112,-0.0053551366550163015,-0.002360232812356644,0.002608695652173809
2024-12-30,-0.0048853973025243524,-0.001550292249415941,-0.004867832764796076,-0.0014965964286689504,-0.0048842399552794236,-0.0015425090538995212,-0.0048853973025244635,-0.001550292249415941,-0.004867832764796076,-0.0014965964286690614,-0.0048842399552792015,-0.0015425090538995212,-0.0048853973025244635,-0.001550292249415719,-0.004867832764796187,-0.0014965964286689504,-0.004884239955279535,-0.0015425090538995212,-0.0030355594102341454
2024-12-31,-0.002070163685144455,0.007288600129218503,-0.0020774891682922014,0.007305738664479922,-0.002034186601153287,0.007342066215093146,-0.002070163685144677,0.007288600129218281,-0.0020774891682923124,0.007305738664479922,-0.0020341866011533982,0.007342066215093146,-0.002070163685144788,0.007288600129218059,-0.0020774891682922014,0.007305738664480144,-0.0020341866011533982,0.007342066215093146,-0.007394519356241913
2025-01-02,-0.0023041115865271022,-0.00403189878112864,-0.0070719052310304065,-0.03942768801831398,-0.007151027205636318,-0.03927897348262033,-0.004051926320107424,-0.006029828773543633,-0.0070719052310304065,-0.03942768801831431,-0.007151027205636096,-0.03927897348262077,-0.006673648420478018,-0.009026723762165956,-0.0070719052310306285,-0.039427688018313756,-0.007151027205636318,-0.03927897348262033,-0.011393514460999121
2025-01-03,0.0,0.0,0.001073645956765068,0.006714212507606732,-0.007027254210925871,-0.005575413290688447,0.0,0.0,-0.0006789452698245935,0.004694725621934515,-0.007027254210925982,-0.005575413290688336,0.0,0.0,-0.0033078321097089747,0.0016654952934263,-0.007027254210925871,-0.005575413290688225,0.006205673758865382
2025-01-06,0.0,0.0,0.0,0.0,0.016864324679460196,0.011807445634140601,0.0,0.0,0.0,0.0,0.015080180500770313,0.009777741630862646,0.0,0.0,0.0,0.0,0.01240396423273582,0.0067331856259451595,0.03083700440528636
2025-01-07,-0.003878913499501535,0.003554233604917245,0.0,0.0,0.0,0.0,-0.005614532069632694,0.0015571107519720684,0.0,0.0,0.0,0.0,-0.008206649103711383,-0.001423713982408814,0.0,0.0,0.0,0.0,0.010683760683760646
2025-01-08,-0.0031554882080488955,-0.00148431964607465,-0.005377709843576772,0.00017629685866182854,0.0,0.0,-0.0031554882080490065,-0.00148431964607465,-0.0071107169452805374,-0.0018141037321016684,0.0,0.0,-0.0031554882080490065,-0.00148431964607465,-0.009698933795348919,-0.004784895090041763,0.0,0.0,-0.012262156448202943
2025-01-09,-0.015369186491497766,-0.018967921370963148,-0.015473583630075338,-0.018804856473400355,-0.017710030994132264,-0.020717957273345133,-0.015369186491497766,-0.018967921370963148,-0.01547358363007545,-0.018804856473400466,-0.019421550541871224,-0.022666777258871118,-0.015369186491497988,-0.018967921370962926,-0.01547358363007545,-0.018804856473400133,-0.02197767609284229,-0.02557550708845724,-0.011130136986301387
2025-01-10,-0.003960086167394072,-0.0021208679497976,-0.004104291463448262,-0.00221431481016654,-0.004150131862629247,-0.00261412106427783,-0.003960086167394183,-0.0021208679497976,-0.00410429146344804,-0.002214314810166429,-0.004150131862629136,-0.00261412106427783,-0.003960086167394294,-0.0021208679497976,-0.004104291463448373,-0.00221431481016654,-0.004150131862629247,-0.002614121064277719,-0.003030303030302939
2025-01-13,-0.03249078489964197,-0.05151078443659218,-0.032122313248961865,-0.05129458659928676,-0.03212512471422624,-0.051223842008612186,-0.032490784899641745,-0.05151078443659274,-0.032122313248961976,-0.051294586599287206,-0.03212512471422635,-0.05122384200861274,-0.0324907848996423,-0.05151078443659163,-0.03212231324896242,-0.05129458659928632,-0.03212512471422668,-0.051223842008612075,-0.020408163265306145
2025-01-14,0.0010617799974519393,0.004565471933767107,0.017456964505263572,0.018332476088243732,0.017536707552453956,0.018479617209353982,-0.0006809309881669057,0.00255029546047969,0.017456964505263572,0.018332476088243732,0.017536707552453956,0.018479617209354426,-0.0032949974665948956,-0.0004724692494515459,0.017456964505263572,0.01833247608824351,0.017536707552453956,0.018479617209353982,0.003989361702127603
2025-01-15,0.0,0.0,-0.0041913317304368425,0.0007408586240540416,-0.014087031885303358,-0.009694191731653534,0.0,0.0,-0.005928524273520419,-0.0012666456058837428,-0.014087031885303247,-0.009694191731653645,0.0,0.0,-0.008534313088146117,-0.004277901950790475,-0.01408703188530347,-0.009694191731653534,-0.004415011037527616
2025-01-16,0.0,0.0,0.0,0.0,0.012640529997672623,0.023838265742580633,0.0,0.0,0.0,0.0,0.010872463301171864,0.02178442769695854,0.0,0.0,0.0,0.0,0.008220363256421503,0.018703670628525515,0.018181818181818077
2025-01-17,-0.0061836675583668566,-0.009334432363783729,0.0,0.0,0.0,0.0,-0.007915270377804706,-0.011305906130223864,0.0,0.0,0.0,0.0,-0.010501389956015572,-0.014248448076264908,0.0,0.0,0.0,0.0,0.00435540069686402
2025-01-20,-0.001974967398455263,0.031167660614123127,-0.0040810331850302806,0.02362917780808438,0.0,0.0,-0.001974967398455485,0.031167660614123127,-0.0058162995864503575,0.02159210481742191,0.0,0.0,-0.001974967398455596,0.031167660614122905,-0.008407890662503692,0.018551652124512596,0.0,0.0,0.010841283607979202
2025-01-21,0.00285557799901337,0.001672678275884465,0.0028423511821029646,0.0016056651423015378,-0.00010711759049808478,0.0010396198560669312,0.002855577999013592,0.001672678275884243,0.0028423511821031866,0.0016056651423013157,-0.0018493080514480065,-0.0009524987904129256,0.002855577999013592,0.001672678275884243,0.0028423511821031866,0.0016056651423013157,-0.004451240093518383,-0.0039258544487745795,0.0012870012870014325
2025-01-22,0.012894747876091905,0.031765361426255856,0.012922014180304364,0.03125252563028247,0.012896812585431627,0.03123998623426738,0.012894747876091905,0.0317653614262563,0.012922014180304142,0.03125252563028291,0.012896812585431627,0.031239986234267825,0.012894747876092127,0.031765361426255856,0.012922014180304364,0.031252525630282246,0.01289681258543185,0.03123998623426716,0.014567266495287168
2025-02-03,-0.03261825198443258,-0.0699434591118101,-0.034872536918859276,-0.07563141814674634,-0.034819264707156794,-0.07549646409145183,-0.033593343550086696,-0.0711485643104195,-0.034872536918859276,-0.07563141814674701,-0.034819264707156905,-0.07549646409145239,-0.035055067663461226,-0.07295509345086537,-0.03487253691885994,-0.07563141814674579,-0.03481926470715746,-0.07549646409145128,-0.04434121621621623
2025-02-04,-0.00130219332531889,-0.03104803868587125,-0.005997668929555555,-0.0347779310400792,-0.018120884138430382,-0.03617188010795469,-0.001302193325318779,-0.03104803868587136,-0.006998604028431221,-0.03603429862517715,-0.018120884138430382,-0.036171880107955356,-0.001302193325318779,-0.031048038685871804,-0.008501423613215153,-0.0379206297966006,-0.018120884138430937,-0.03617188010795458,0.0035351303579318483
2025-02-05,0.005015179174793438,0.004551797820987025,0.011909899636330268,0.026711561791923577,0.01726603757473777,0.023366466825695875,0.003743708203913787,0.002794881009130945,0.011909899636330712,0.026711561791923355,0.016228397655291493,0.02206845959454684,0.0018365017475951984,0.00015950579134726972,0.01190989963633049,0.02671156179192291,0.014670964014936949,0.020122664413936064,0.016732716864817254
2025-02-06,0.0,0.0,0.0013519831834098994,0.015327530916407595,0.004635492739937019,0.012597365526129334,0.0,0.0,9.276437232541568e-05,0.013543728819333634,0.004635492739937241,0.012597365526129556,0.0,0.0,-0.001796063844301421,0.010868025673723025,0.004635492739936797,0.012597365526129334,0.0038977912516240387
2025-02-07,0.0,0.0,0.0,0.0,-0.0032736355760911717,0.0017275261865488112,0.0,0.0,0.0,0.0,-0.0045280202034923,-3.906486279647847e-05,0.0,0.0,0.0,0.0,-0.0064095971445936595,-0.0026889514368145795,0.00560828300258831
2025-02-10,0.0,0.0,0.0,0.0,0.0,0.0,0.0,0.0,0.0,0.0,0.0,0.0,0.0,0.0,0.0,0.0,0.0,0.0,-0.009438009438009431
2025-02-11,0.0,0.0,0.0,0.0,0.0,0.0,0.0,0.0,0.0,0.0,0.0,0.0,0.0,0.0,0.0,0.0,0.0,0.0,0.004330879168471302
2025-02-12,0.0,0.0,0.0,0.0,0.0,0.0,0.0,0.0,0.0,0.0,0.0,0.0,0.0,0.0,0.0,0.0,0.0,0.0,-0.0004312203536006587
2025-02-13,0.0,0.0,0.0,0.0,0.0,0.0,0.0,0.0,0.0,0.0,0.0,0.0,0.0,0.0,0.0,0.0,0.0,0.0,-0.00474547023295957
2025-02-14,0.0,0.0,0.0,0.0,0.0,0.0,0.0,0.0,0.0,0.0,0.0,0.0,0.0,0.0,0.0,0.0,0.0,0.0,-0.011703511053315907
2025-02-17,0.010293154870389287,-0.011789022506236035,0.0,0.0,0.0,0.0,0.009034222590177166,-0.013510858683574156,0.0,0.0,0.0,0.0,0.007151696055493817,-0.016082391946688257,0.0,0.0,0.0,0.0,0.01403508771929829
2025-02-18,0.00033166579976584565,0.0007754329187581455,-0.003254648971217966,-0.006562338942222579,0.0,0.0,0.0003316657997656236,0.0007754329187583675,-0.004496699252873659,-0.008293281973312694,0.0,0.0,0.00033166579976584565,0.0007754329187583675,-0.006353981530387021,-0.010878416168764837,0.0,0.0,0.004757785467128128
2025-02-19,-0.0056525106130490554,-0.004376706568324562,-0.005387192423681464,-0.004310882290504137,0.0035539760358944683,-0.005291389411916869,-0.0056525106130490554,-0.004376706568324784,-0.005387192423681686,-0.004310882290504248,0.002303441486317004,-0.007024546916364227,-0.0056525106130492775,-0.004376706568325006,-0.005387192423681575,-0.004310882290504137,0.0004334723790664352,-0.009612988390390709,-0.0055962117950926205
2025-02-20,-0.004685562505956309,-0.01721209743652463,-0.004608212930314437,-0.016866212786507018,-0.0046776566991763024,-0.01722217552893468,-0.00468556250595642,-0.01721209743652463,-0.004608212930314215,-0.016866212786506907,-0.0046776566991764135,-0.01722217552893468,-0.004685562505956309,-0.017212097436524743,-0.004608212930314437,-0.01686621278650713,-0.0046776566991764135,-0.017222175528935013,0.0
2025-02-21,0.0069585148519537565,0.0024421907585703284,0.006864177022751328,0.0025311366210540864,0.007006223639666187,0.0026053004663002532,0.0069585148519539786,0.0024421907585705505,0.00686417702275155,0.0025311366210540864,0.007006223639666187,0.0026053004663002532,0.0069585148519537565,0.0024421907585705505,0.00686417702275155,0.0025311366210540864,0.007006223639665965,0.0026053004663004753,0.005627705627705648
2025-02-24,-0.0031997044270516417,-0.012284730736924376,-0.0031306318720388804,-0.012735675204912145,-0.003287676119710037,-0.012418214199806044,-0.0031997044270514197,-0.012284730736924376,-0.0031306318720388804,-0.012735675204912034,-0.0032876761197098148,-0.012418214199805933,-0.0031997044270515307,-0.012284730736924487,-0.0031306318720388804,-0.012735675204912145,-0.003287676119710037,-0.012418214199806155,-0.00817907877744295
2025-02-25,-0.007571581480043221,-0.02683347368182798,-0.007431817071726909,-0.026859185846979772,-0.007690658631344327,-0.02693787481878729,-0.007571581480043554,-0.02683347368182809,-0.0074318170717270204,-0.026859185846979772,-0.007690658631344549,-0.026937874818787177,-0.00757158148004311,-0.026833473681828646,-0.007431817071726798,-0.026859185846980105,-0.007690658631344327,-0.02693787481878762,-0.01302083333333337
2025-02-26,-0.0034922584972824078,-0.009095947226073875,0.007497385911749754,-0.005306300415427123,0.007646996651625271,-0.005400724097466947,-0.004737666099527971,-0.010815501279536344,0.007497385911749976,-0.005306300415427123,0.007646996651625493,-0.005400724097466947,-0.006605777502896482,-0.013394832359730935,0.007497385911749754,-0.005306300415427456,0.007646996651625493,-0.005400724097467058,0.0021987686895339476
2025-02-27,0.0,0.0,-0.0010133901031826875,0.003552690648672252,-0.013898549157261075,-0.020817674480135162,0.0,0.0,-0.0022593096111168665,0.0018079770066687928,-0.013898549157261297,-0.02081767448013505,0.0,0.0,-0.004128188873017913,-0.0008090934563365071,-0.013898549157261186,-0.020817674480135606,-0.007020623080298383
2025-03-03,0.0,0.0,0.0,0.0,-0.013465276545424176,-0.017451293044037697,0.0,0.0,0.0,0.0,-0.014684710917293842,-0.0191496570977312,0.0,0.0,0.0,0.0,-0.016513862475098118,-0.02169720317827173,-0.023862129916040642
2025-03-04,0.0,0.0,0.0,0.0,0.0,0.0,0.0,0.0,0.0,0.0,0.0,0.0,0.0,0.0,0.0,0.0,0.0,0.0,-0.006790402897238534
2025-03-05,0.0,0.0,0.0,0.0,0.0,0.0,0.0,0.0,0.0,0.0,0.0,0.0,0.0,0.0,0.0,0.0,0.0,0.0,0.012762078395624377
2025-03-06,0.0,0.0,0.0,0.0,0.0,0.0,0.0,0.0,0.0,0.0,0.0,0.0,0.0,0.0,0.0,0.0,0.0,0.0,-0.007200720072007227
2025-03-07,0.0,0.0,0.0,0.0,0.0,0.0,0.0,0.0,0.0,0.0,0.0,0.0,0.0,0.0,0.0,0.0,0.0,0.0,-0.00906618313689933
2025-03-10,0.0,0.0,0.0,0.0,0.0,0.0,0.0,0.0,0.0,0.0,0.0,0.0,0.0,0.0,0.0,0.0,0.0,0.0,-0.005032021957913968
2025-03-11,0.0,0.0,0.0,0.0,0.0,0.0,0.0,0.0,0.0,0.0,0.0,0.0,0.0,0.0,0.0,0.0,0.0,0.0,-0.019770114942528783
2025-03-12,0.0,0.0,0.0,0.0,0.0,0.0,0.0,0.0,0.0,0.0,0.0,0.0,0.0,0.0,0.0,0.0,0.0,0.0,0.004221388367729784
2025-03-13,0.0,0.0,0.0,0.0,0.0,0.0,0.0,0.0,0.0,0.0,0.0,0.0,0.0,0.0,0.0,0.0,0.0,0.0,-0.006539000467071454
2025-03-14,0.0,0.0,0.0,0.0,0.0,0.0,0.0,0.0,0.0,0.0,0.0,0.0,0.0,0.0,0.0,0.0,0.0,0.0,-0.004231311706628937
2025-03-17,0.0,0.0,0.0,0.0,0.0,0.0,0.0,0.0,0.0,0.0,0.0,0.0,0.0,0.0,0.0,0.0,0.0,0.0,0.009915014164305846
2025-03-18,0.0,0.0,0.0,0.0,0.0,0.0,0.0,0.0,0.0,0.0,0.0,0.0,0.0,0.0,0.0,0.0,0.0,0.0,0.003740065451145247
2025-03-19,0.0,0.0,0.0,0.0,0.0,0.0,0.0,0.0,0.0,0.0,0.0,0.0,0.0,0.0,0.0,0.0,0.0,0.0,-0.012109920819748488
2025-03-20,0.0,0.0,0.0,0.0,0.0,0.0,0.0,0.0,0.0,0.0,0.0,0.0,0.0,0.0,0.0,0.0,0.0,0.0,0.021216407355021172
2025-03-21,0.0,0.0,0.0,0.0,0.0,0.0,0.0,0.0,0.0,0.0,0.0,0.0,0.0,0.0,0.0,0.0,0.0,0.0,-0.006925207756232732
2025-03-24,0.0,0.0,0.0,0.0,0.0,0.0,0.0,0.0,0.0,0.0,0.0,0.0,0.0,0.0,0.0,0.0,0.0,0.0,-0.003719200371919973
2025-03-25,0.0,0.0,0.0,0.0,0.0,0.0,0.0,0.0,0.0,0.0,0.0,0.0,0.0,0.0,0.0,0.0,0.0,0.0,0.013999066728884735
2025-03-26,0.0,0.0,0.0,0.0,0.0,0.0,0.0,0.0,0.0,0.0,0.0,0.0,0.0,0.0,0.0,0.0,0.0,0.0,-0.0023009664058905033
2025-03-27,0.0,0.0,0.0,0.0,0.0,0.0,0.0,0.0,0.0,0.0,0.0,0.0,0.0,0.0,0.0,0.0,0.0,0.0,-0.019833948339483487
2025-03-28,0.0,0.0,0.0,0.0,0.0,0.0,0.0,0.0,0.0,0.0,0.0,0.0,0.0,0.0,0.0,0.0,0.0,0.0,-0.010352941176470565
2025-03-31,0.0,0.0,0.0,0.0,0.0,0.0,0.0,0.0,0.0,0.0,0.0,0.0,0.0,0.0,0.0,0.0,0.0,0.0,-0.03471231573941991
2025-04-01,0.0,0.0,0.0,0.0,0.0,0.0,0.0,0.0,0.0,0.0,0.0,0.0,0.0,0.0,0.0,0.0,0.0,0.0,0.022167487684729092
2025-04-02,0.0,0.0,0.0,0.0,0.0,0.0,0.0,0.0,0.0,0.0,0.0,0.0,0.0,0.0,0.0,0.0,0.0,0.0,-0.00048192771084332175
2025-04-07,0.0,0.0,0.0,0.0,0.0,0.0,0.0,0.0,0.0,0.0,0.0,0.0,0.0,0.0,0.0,0.0,0.0,0.0,-0.09980713596914181
2025-04-08,0.0,0.0,0.0,0.0,0.0,0.0,0.0,0.0,0.0,0.0,0.0,0.0,0.0,0.0,0.0,0.0,0.0,0.0,-0.036957686127477074
2025-04-09,0.0,0.0,0.0,0.0,0.0,0.0,0.0,0.0,0.0,0.0,0.0,0.0,0.0,0.0,0.0,0.0,0.0,0.0,-0.04449388209121241
2025-04-10,0.0,0.0,0.0,0.0,0.0,0.0,0.0,0.0,0.0,0.0,0.0,0.0,0.0,0.0,0.0,0.0,0.0,0.0,0.09953434225844005
2025-04-11,0.0,0.0,0.0,0.0,0.0,0.0,0.0,0.0,0.0,0.0,0.0,0.0,0.0,0.0,0.0,0.0,0.0,0.0,0.024880889359449432
2025-04-14,0.0,0.0,0.0,0.0,0.0,0.0,0.0,0.0,0.0,0.0,0.0,0.0,0.0,0.0,0.0,0.0,0.0,0.0,-0.008780991735537147
2025-04-15,0.0,0.0,0.0,0.0,0.0,0.0,0.0,0.0,0.0,0.0,0.0,0.0,0.0,0.0,0.0,0.0,0.0,0.0,0.010943199583116181
2025-04-16,0.0,0.0,0.0,0.0,0.0,0.0,0.0,0.0,0.0,0.0,0.0,0.0,0.0,0.0,0.0,0.0,0.0,0.0,-0.019587628865979423
2025-04-17,0.0,0.0,0.0,0.0,0.0,0.0,0.0,0.0,0.0,0.0,0.0,0.0,0.0,0.0,0.0,0.0,0.0,0.0,-0.006834910620399537
2025-04-18,0.0,0.0,0.0,0.0,0.0,0.0,0.0,0.0,0.0,0.0,0.0,0.0,0.0,0.0,0.0,0.0,0.0,0.0,0.001058761249338236
2025-04-21,0.0,0.0,0.0,0.0,0.0,0.0,0.0,0.0,0.0,0.0,0.0,0.0,0.0,0.0,0.0,0.0,0.0,0.0,-0.014278159703860371
2025-04-22,0.0,0.0,0.0,0.0,0.0,0.0,0.0,0.0,0.0,0.0,0.0,0.0,0.0,0.0,0.0,0.0,0.0,0.0,-0.016630901287553623
2025-04-23,0.0,0.0,0.0,0.0,0.0,0.0,0.0,0.0,0.0,0.0,0.0,0.0,0.0,0.0,0.0,0.0,0.0,0.0,0.04364429896344779
2025-04-24,0.0,0.0,0.0,0.0,0.0,0.0,0.0,0.0,0.0,0.0,0.0,0.0,0.0,0.0,0.0,0.0,0.0,0.0,-0.005750130684788357
2025-04-25,0.0,0.0,0.0,0.0,0.0,0.0,0.0,0.0,0.0,0.0,0.0,0.0,0.0,0.0,0.0,0.0,0.0,0.0,0.025236593059936974
2025-04-28,0.0,0.0,0.0,0.0,0.0,0.0,0.0,0.0,0.0,0.0,0.0,0.0,0.0,0.0,0.0,0.0,0.0,0.0,0.006153846153846176
2025-04-29,0.0,0.0,0.0,0.0,0.0,0.0,0.0,0.0,0.0,0.0,0.0,0.0,0.0,0.0,0.0,0.0,0.0,0.0,0.006116207951070374
2025-04-30,0.0,0.0,0.0,0.0,0.0,0.0,0.0,0.0,0.0,0.0,0.0,0.0,0.0,0.0,0.0,0.0,0.0,0.0,0.0020263424518744966
2025-05-02,0.0,0.0,0.0,0.0,0.0,0.0,0.0,0.0,0.0,0.0,0.0,0.0,0.0,0.0,0.0,0.0,0.0,0.0,0.03134479271991908
2025-05-05,0.0,0.0,0.0,0.0,0.0,0.0,0.0,0.0,0.0,0.0,0.0,0.0,0.0,0.0,0.0,0.0,0.0,0.0,-0.012745098039215641
2025-05-06,0.0,0.0,0.0,0.0,0.0,0.0,0.0,0.0,0.0,0.0,0.0,0.0,0.0,0.0,0.0,0.0,0.0,0.0,-0.005461767626613656
2025-05-07,0.0,0.0,0.0,0.0,0.0,0.0,0.0,0.0,0.0,0.0,0.0,0.0,0.0,0.0,0.0,0.0,0.0,0.0,-0.0009985022466301174
2025-05-08,0.0,0.0,0.0,0.0,0.0,0.0,0.0,0.0,0.0,0.0,0.0,0.0,0.0,0.0,0.0,0.0,0.0,0.0,0.01449275362318847
2025-05-09,0.0,0.0,0.0,0.0,0.0,0.0,0.0,0.0,0.0,0.0,0.0,0.0,0.0,0.0,0.0,0.0,0.0,0.0,0.009359605911330116
2025-05-12,0.0,0.0,0.0,0.0,0.0,0.0,0.0,0.0,0.0,0.0,0.0,0.0,0.0,0.0,0.0,0.0,0.0,0.0,0.010736944851146735
2025-05-13,0.0,0.0,0.0,0.0,0.0,0.0,0.0,0.0,0.0,0.0,0.0,0.0,0.0,0.0,0.0,0.0,0.0,0.0,0.014968614196040564
2025-05-14,0.0,0.0,0.0,0.0,0.0,0.0,0.0,0.0,0.0,0.0,0.0,0.0,0.0,0.0,0.0,0.0,0.0,0.0,0.021883920076118057
2025-05-15,-0.0003959255814541818,-0.0033987353274526066,0.0,0.0,0.0,0.0,-0.0013930368776322588,-0.005135190549035107,0.0,0.0,0.0,0.0,-0.002884979551619815,-0.007728557107931744,0.0,0.0,0.0,0.0,-0.0009310986964619072
2025-05-16,0.005942648481905621,0.02780653338221084,0.004863775027064365,0.01914993258936737,0.0,0.0,0.005942648481905399,0.02780653338221084,0.0038614171467381553,0.017374189085166858,0.0,0.0,0.005942648481905399,0.027806533382211063,0.0023616241928337,0.014722146139438896,0.0,0.0,0.0009319664492080104
2025-05-19,-0.002447407539889035,-0.0094718260512765,-0.0024257445616481244,-0.009530549798747123,-0.0035436771582553206,-0.013477696570038611,-0.002447407539888702,-0.009471826051276389,-0.0024257445616483464,-0.009530549798747012,-0.004537648552611073,-0.01519659044035826,-0.002447407539888813,-0.009471826051276389,-0.0024257445616483464,-0.009530549798747345,-0.0060248931015861595,-0.017763729417611618,-0.013500931098696434
2025-05-20,0.005811664628735391,0.009438769604038777,0.005855971453488706,0.009454241935664243,0.005824542889898199,0.00957435433260101,0.005811664628735391,0.009438769604038555,0.005855971453488706,0.00945424193566402,0.005824542889897977,0.00957435433260101,0.005811664628735613,0.009438769604038777,0.005855971453488706,0.009454241935664243,0.005824542889897977,0.00957435433260101,0.0018876828692779846
2025-05-21,-0.0032185009445125923,0.006921907198737198,-0.003293041083357373,0.006787848453010836,-0.0032839514606436415,0.0067032260110433395,-0.0032185009445127033,0.00692190719873742,-0.003293041083357373,0.006787848453010836,-0.0032839514606436415,0.0067032260110433395,-0.0032185009445128143,0.006921907198737198,-0.003293041083357262,0.006787848453011058,-0.0032839514606435305,0.0067032260110433395,0.013188883655204764
2025-05-22,-0.0010376199091050031,0.02367287769165327,-0.0011232963516132344,0.02324465844105017,-0.0012069634079252545,0.02237162494689282,-0.0010376199091050031,0.02367287769165305,-0.0011232963516132344,0.023244658441050392,-0.0012069634079252545,0.022371624946893043,-0.00103761990910467,0.023672877691653715,-0.0011232963516130123,0.023244658441050614,-0.0012069634079250324,0.022371624946893487,-0.01115760111576014
2025-05-23,-0.0007162122506316759,4.0688620743578596e-05,-0.002361031929752011,-0.0058328066499255815,-0.002269368289707363,-0.005634340030885476,-0.001723894759795841,-0.0017285085177716208,-0.0023610319297519,-0.0058328066499258036,-0.002269368289707363,-0.005634340030885698,-0.003235418523542588,-0.004382304225544642,-0.002361031929752122,-0.005832806649926026,-0.002269368289707696,-0.005634340030885698,-0.002350728725905027
2025-05-26,0.0,0.0,-0.0023782948275550275,-0.0016558036939969822,-0.001210622448194365,-0.012965893397244077,0.0,0.0,-0.0033795123051990617,-0.0034188577874606496,-0.001210622448194143,-0.012965893397244077,0.0,0.0,-0.004881338521664946,-0.006063438927656151,-0.001210622448194143,-0.01296589339724441,-0.0023562676720075837
2025-05-27,0.0,0.0,0.0,0.0,-0.0024398375231753366,-0.0027437020398278777,0.0,0.0,0.0,0.0,-0.003433706723112717,-0.00449563251847529,0.0,0.0,0.0,0.0,-0.004924510523018233,-0.007123528236446686,-0.010392064241851573
2025-05-28,0.0,0.0,0.0,0.0,0.0,0.0,0.0,0.0,0.0,0.0,0.0,0.0,0.0,0.0,0.0,0.0,0.0,0.0,0.006205250596658773
2025-05-29,0.0,0.0,0.0,0.0,0.0,0.0,0.0,0.0,0.0,0.0,0.0,0.0,0.0,0.0,0.0,0.0,0.0,0.0,0.0004743833017077925
2025-06-02,0.0,0.0,0.0,0.0,0.0,0.0,0.0,0.0,0.0,0.0,0.0,0.0,0.0,0.0,0.0,0.0,0.0,0.0,-0.020862968231389334
2025-06-03,0.0,0.0,0.0,0.0,0.0,0.0,0.0,0.0,0.0,0.0,0.0,0.0,0.0,0.0,0.0,0.0,0.0,0.0,0.006295399515738653
2025-06-04,0.0,0.0,0.0,0.0,0.0,0.0,0.0,0.0,0.0,0.0,0.0,0.0,0.0,0.0,0.0,0.0,0.0,0.0,0.02550529355149167
2025-06-05,-0.007693057566190209,-0.01220050609291723,0.0,0.0,0.0,0.0,-0.009175957106564603,-0.013921625310676866,0.0,0.0,0.0,0.0,-0.011392014856574706,-0.016492087806763922,0.0,0.0,0.0,0.0,0.0037541060534960202
2025-06-06,0.0009207343757602349,-0.0068173400119397876,-0.0025046382888213037,-0.009104704386384,0.0,0.0,0.0009207343757604569,-0.00681734001194001,-0.003995291382287491,-0.010831217658143877,0.0,0.0,0.0009207343757602349,-0.006817340011940121,-0.006222936108321253,-0.013409736082818813,0.0,0.0,0.0014025245441795509
2025-06-09,0.0036988159616826444,0.00404931548069043,0.0036450061017148094,0.0036884139701436336,-0.0013114293517185738,-0.0008785869362033516,0.0036988159616828664,0.00404931548069043,0.0036450061017150315,0.0036884139701436336,-0.002803865571865627,-0.002619433206631938,0.0036988159616828664,0.00404931548069043,0.0036450061017148094,0.0036884139701438556,-0.005034175017654019,-0.005219357722851092,0.00933706816059754
2025-06-10,0.010669575343340565,0.027389396339789762,0.010628754608601243,0.0270741422985048,0.010770371317271987,0.027054761179027498,0.010669575343340343,0.027389396339789762,0.010628754608601243,0.027074142298504578,0.010770371317271987,0.027054761179027498,0.010669575343340343,0.027389396339789984,0.010628754608601021,0.0270741422985048,0.010770371317271987,0.027054761179027942,0.023589269195189777
2025-06-11,0.005234395375713241,0.005900628623177306,0.00526070513928012,0.005964006198850402,0.005366010720884606,0.005972951560503814,0.005234395375713463,0.0059006286231775285,0.005260705139280342,0.005964006198850624,0.0053660107208850505,0.005972951560503592,0.005234395375713241,0.0059006286231775285,0.005260705139280342,0.005964006198850624,0.005366010720884606,0.005972951560504036,0.009489380930863156
2025-06-12,-0.014131637717006651,-0.00618471482951477,-0.014042137315440018,-0.006192263323761549,-0.013915865672098127,-0.006227063415278455,-0.014131637717006762,-0.00618471482951477,-0.01404213731544024,-0.00619226332376166,-0.013915865672098349,-0.006227063415278122,-0.01413163771700654,-0.006184714829515103,-0.014042137315440018,-0.00619226332376166,-0.013915865672098016,-0.0062270634152785664,-0.0026857654431512445
2025-06-13,-0.0006842546538111671,-0.0007504381574021668,-0.0006387456455132501,-0.0005382909153701654,-0.0005761629786771305,-0.00040623225621505554,-0.0006842546538112781,-0.0007504381574021668,-0.0006387456455132501,-0.0005382909153699433,-0.0005761629786770195,-0.0004062322562153886,-0.0006842546538110561,-0.0007504381574021668,-0.0006387456455132501,-0.0005382909153701654,-0.0005761629786771305,-0.0004062322562149445,-0.013464991023339312
2025-06-16,0.0005292082199821468,0.0036634850283330245,0.0005989021813295192,0.0036311062226168644,0.0006228838694803951,0.0036132501755805624,0.0005292082199821468,0.0036634850283328024,0.0005989021813295192,0.0036311062226164204,0.0006228838694803951,0.0036132501755805624,0.0005292082199821468,0.0036634850283332465,0.0005989021813297413,0.0036311062226166424,0.0006228838694806171,0.0036132501755805624,0.0031847133757960666
2025-06-17,-0.0055183424076067356,-0.0009818260108157562,-0.005367548164179836,-0.0005964038237705749,-0.0054087995078773154,-0.0006247916668046249,-0.0055183424076067356,-0.0009818260108157562,-0.005367548164179725,-0.0005964038237703528,-0.0054087995078776485,-0.000624791666804736,-0.005518342407606847,-0.0009818260108160892,-0.005367548164179725,-0.0005964038237702418,-0.0054087995078776485,-0.0006247916668046249,0.004081632653061273
2025-06-18,-0.001024659960058627,-0.00481324995605259,-0.0009366546861990788,-0.0047553286477084455,-0.000932222614963063,-0.004760041808267057,-0.001024659960058405,-0.00481324995605259,-0.0009366546861991898,-0.004755328647708668,-0.000932222614963063,-0.004760041808266946,-0.001024659960058405,-0.004813249956052479,-0.0009366546861991898,-0.004755328647708557,-0.000932222614962952,-0.004760041808267279,0.0072267389340558985
2025-06-19,-0.0054618432431975394,-0.0026419199655934866,-0.005396494547352471,-0.0026879607235054115,-0.005395025093887784,-0.0027327289310804526,-0.0054618432431980946,-0.0026419199655935977,-0.005396494547352582,-0.0026879607235056335,-0.005395025093887895,-0.0027327289310806746,-0.0054618432431979835,-0.0026419199655937087,-0.0053964945473523596,-0.0026879607235057446,-0.005395025093887673,-0.0027327289310804526,-0.009417040358744355
2025-06-20,-0.0055953111351574325,-0.007292049444062032,-0.005688672856342336,-0.007431571208433074,-0.005724772920489007,-0.007542446115932022,-0.0055953111351572105,-0.00729204944406181,-0.005688672856342336,-0.007431571208432963,-0.005724772920488896,-0.007542446115932022,-0.0055953111351572105,-0.007292049444061921,-0.005688672856342225,-0.007431571208433185,-0.0057247729204891185,-0.007542446115932133,-0.00045269352648258376
2025-06-23,-0.004340062211747098,-0.003207119463415009,-0.0043641750341955055,-0.0033299526578409733,-0.004365750023927584,-0.0033413225949400216,-0.004340062211747209,-0.003207119463415231,-0.0043641750341956165,-0.003329952657840529,-0.004365750023927584,-0.0033413225949400216,-0.004340062211747098,-0.00320711946341512,-0.0043641750341955055,-0.00332995265784064,-0.004365750023927362,-0.0033413225949402436,-0.009057971014492794
2025-06-24,0.003891074497526903,0.02042743266826985,0.004070370799742928,0.020403824095275302,0.004100944865167655,0.02037745689627357,0.003891074497527125,0.02042743266826985,0.004070370799742928,0.02040382409527508,0.004100944865167655,0.02037745689627335,0.003891074497526903,0.02042743266826985,0.004070370799742928,0.020403824095275747,0.004100944865167655,0.020377456896273793,0.01873857404021928
2025-06-25,0.006556182901283236,-0.001243572309717056,0.006362461078156301,-0.0013979405987503135,0.006344141955026306,-0.0014148851300794796,0.006556182901283236,-0.0012435723097169449,0.006362461078156523,-0.0013979405987503135,0.006344141955026306,-0.0014148851300794796,0.006556182901283014,-0.0012435723097168339,0.006362461078156301,-0.0013979405987505356,0.006344141955026084,-0.0014148851300793686,0.013458950201884257
2025-06-26,0.0021450151344313273,-0.007362101765921003,0.002162495036686307,-0.007367498049503207,0.0020917019686010896,-0.007410119444578589,0.0021450151344313273,-0.007362101765921114,0.002162495036686307,-0.007367498049502985,0.0020917019686010896,-0.007410119444578478,0.0021450151344313273,-0.007362101765921114,0.002162495036686307,-0.007367498049503096,0.0020917019686010896,-0.007410119444578922,-0.0004426737494466204
2025-06-27,0.0027796443080332356,-0.0005257008423933396,0.0027827350717362087,-0.0004695814147916977,0.0027496680436713827,-0.00046825818355233917,0.0027796443080334576,-0.0005257008423931175,0.0027827350717364308,-0.00046958141479203075,0.0027496680436713827,-0.0004682581835524502,0.0027796443080332356,-0.0005257008423931175,0.0027827350717362087,-0.0004695814147919197,0.0027496680436713827,-0.00046825818355233917,0.003100088573959159
2025-06-30,-0.010308814583784076,0.018676243854256702,-0.011975219496813128,-0.0006872910057319492,-0.011969179965457322,-0.0008437255036511937,-0.011312238087345605,0.01685423591794577,-0.011975219496813128,-0.0006872910057316162,-0.011969179965457433,-0.0008437255036511937,-0.01281737334268751,0.01412802932200563,-0.011975219496813017,-0.0006872910057317272,-0.011969179965457322,-0.0008437255036511937,-0.0017660044150110688
2025-07-01,0.010468583118781849,0.011727241473710626,0.009209542192818665,0.01130420075902161,0.00835934084046186,0.010506982878246474,0.010468583118781405,0.011727241473710848,0.008193704252209999,0.009478993000277436,0.00835934084046186,0.010506982878246474,0.010468583118781627,0.011727241473710626,0.006669947341296778,0.0067479986222171995,0.00835934084046186,0.010506982878246696,0.00884564352056616
2025-07-02,0.0028215675902794057,-0.004534042541944228,0.0028317693684447587,-0.0044259362843392935,0.0031230338949426173,-0.0030405201757603972,0.0028215675902794057,-0.00453404254194445,0.0028317693684445366,-0.0044259362843392935,0.0021194499853296467,-0.0048397027820965555,0.0028215675902796278,-0.004534042541944117,0.0028317693684445366,-0.0044259362843389605,0.0006140741209104128,-0.007535109957681918,0.0017536168347216385
2025-07-03,0.012771615604636022,0.013298973388720992,0.01271650325306184,0.01324205228425579,0.012690826859849347,0.01313048455099941,0.012771615604636022,0.013298973388721436,0.01271650325306184,0.013242052284256012,0.012690826859849347,0.013130484550999633,0.0127716156046358,0.01329897338872077,0.012716503253062061,0.013242052284255568,0.012690826859849125,0.013130484550999633,0.009628008752735173
2025-07-04,-0.005292258042945308,0.010779372602109705,-0.0052918345640318165,0.010582757360654949,-0.005246631364366983,0.010784984429161648,-0.005292258042944975,0.010779372602109483,-0.0052918345640318165,0.01058275736065517,-0.005246631364366983,0.010784984429161648,-0.005292258042945197,0.010779372602109483,-0.0052918345640319275,0.010582757360654949,-0.005246631364366872,0.010784984429162092,-0.007368877329865575
2025-07-07,-0.006298307217476262,-0.011313458776309626,-0.006286834564665833,-0.01127833352674057,-0.0061326094315076185,-0.011182875481213217,-0.006298307217476373,-0.011313458776309515,-0.006286834564665722,-0.01127833352674068,-0.0061326094315076185,-0.011182875481213328,-0.006298307217476151,-0.011313458776309404,-0.0062868345646655,-0.01127833352674057,-0.0061326094315077295,-0.011182875481213328,-0.004366812227074246
2025-07-08,0.007995479492275193,0.04334618046153782,0.007840754550547446,0.04329565556041581,0.007725054741791748,0.043412507288604685,0.00799547949227497,0.043346180461538264,0.007840754550547668,0.0432956555604167,0.007725054741791526,0.04341250728860491,0.00799547949227497,0.043346180461537154,0.007840754550547446,0.043295655560416035,0.00772505474179197,0.04341250728860513,-0.0061403508771930015
2025-07-09,0.012081189599641329,0.026732381215623713,0.012017097967615742,0.0266348292035119,0.011868387364805777,0.026474272686187517,0.012081189599641329,0.026732381215623713,0.01201709796761552,0.026634829203512123,0.011868387364805777,0.026474272686187517,0.012081189599641329,0.02673238121562349,0.012017097967615742,0.0266348292035119,0.011868387364805777,0.02647427268618774,0.010150044130626812
2025-07-10,0.0101552317104181,0.002812852938377075,0.009984378813328698,0.003132913619672939,0.009904498275771001,0.0029216878537765556,0.0101552317104181,0.002812852938377297,0.009984378813328698,0.003132913619673161,0.009904498275771001,0.0029216878537767776,0.0101552317104181,0.002812852938377075,0.00998437881332892,0.003132913619672939,0.009904498275770779,0.0029216878537767776,0.011358671909130535
2025-07-11,-0.00446652816472326,-0.009600117897210936,-0.004377340593366363,-0.00961482866383101,-0.0042822677865643755,-0.009632471295523581,-0.004466528164723149,-0.009600117897211047,-0.004377340593366474,-0.009614828663831454,-0.004282267786564264,-0.009632471295523803,-0.004466528164723149,-0.009600117897210936,-0.004377340593366474,-0.009614828663831343,-0.0042822677865643755,-0.009632471295523914,0.004319654427645814
2025-07-14,-0.009451666375089096,-0.014670801122364963,-0.009376109123464316,-0.014784807274182077,-0.009191623976326113,-0.01472598456071339,-0.009451666375089096,-0.014670801122364963,-0.009376109123464316,-0.01478480727418241,-0.009191623976326002,-0.014725984560713501,-0.009451666375089096,-0.014670801122364963,-0.009376109123464316,-0.014784807274182188,-0.00919162397632578,-0.01472598456071339,-0.007741935483871032
2025-07-15,0.010254037669213512,0.027490929680593856,0.010151523842847787,0.027443367473997116,0.010082204992821753,0.02748140329297266,0.010254037669213512,0.027490929680593856,0.010151523842847787,0.027443367473997782,0.010082204992821309,0.027481403292972884,0.010254037669213512,0.027490929680593856,0.010151523842847787,0.02744336747399756,0.010082204992821309,0.027481403292973106,0.014304291287386306
2025-07-16,-0.001007602520080586,-0.0032003676978560325,-0.0009571043657816691,-0.0031369028768503116,-0.0009158445876236154,-0.00300472362516202,-0.001007602520080808,-0.0032003676978561435,-0.0009571043657816691,-0.0031369028768504226,-0.0009158445876235044,-0.00300472362516202,-0.001007602520080697,-0.0032003676978560325,-0.0009571043657816691,-0.0031369028768503116,-0.0009158445876235044,-0.003004723625161909,0.0017094017094017033
2025-07-17,-0.0036211396993947043,0.00016177652017246302,-0.003587179959652853,0.00023087527300247324,-0.003577213977154381,0.00032821801952942486,-0.003621139699394482,0.00016177652017268507,-0.003587179959652742,0.00023087527300247324,-0.00357721397715427,0.00032821801952942486,-0.003621139699394371,0.00016177652017246302,-0.003587179959653075,0.00023087527300247324,-0.00357721397715427,0.00032821801952942486,0.002986348122866911
2025-07-18,0.012095076527689042,0.036367583485595434,0.011874931711952863,0.0364695777081685,0.011692691450926995,0.036539161327223235,0.01209507652768882,0.036367583485595656,0.011874931711952863,0.036469577708169165,0.011692691450926773,0.036539161327223235,0.01209507652768882,0.03636758348559477,0.011874931711953085,0.03646957770816872,0.011692691450926773,0.036539161327223235,0.01446193109315197
2025-07-21,-0.008817755950993211,0.0027182040370106186,-0.00880061577057567,0.0027579002243871553,-0.008803843203308515,0.0028988350529020046,-0.0088177559509931,0.0027182040370103966,-0.008800615770575893,0.0027579002243871553,-0.008803843203308515,0.0028988350529020046,-0.008817755950993211,0.0027182040370106186,-0.008800615770576004,0.0027579002243869333,-0.008803843203308404,0.0028988350529020046,-0.004192872117400381
2025-07-22,-0.012482216957384495,-0.02531498034082158,-0.012410759315202191,-0.025243078266808494,-0.012328469417035581,-0.025153129832733878,-0.012482216957384384,-0.02531498034082158,-0.012410759315201969,-0.02524307826680905,-0.012328469417035581,-0.025153129832733878,-0.012482216957384273,-0.025314980340821247,-0.01241075931520208,-0.025243078266808605,-0.01232846941703547,-0.0251531298327341,-0.006736842105263152
2025-07-23,0.003515904092824096,-0.0015613282629980407,0.0035594834221914784,-0.001576060490474318,0.0035431500893805534,-0.0015741022619549794,0.003515904092824096,-0.0015613282629977077,0.0035594834221914784,-0.001576060490474096,0.0035431500893805534,-0.0015741022619549794,0.003515904092824318,-0.0015613282629978187,0.0035594834221912564,-0.001576060490474096,0.0035431500893805534,-0.0015741022619547573,0.005934718100890191
2025-07-24,0.002254819651992479,0.00936268283723729,0.0022898582134875944,0.009260912212375016,0.0023170312124594084,0.009333798722131359,0.002254819651992701,0.009362682837237069,0.0022898582134875944,0.009260912212375016,0.0023170312124594084,0.009333798722131359,0.002254819651992257,0.009362682837236846,0.0022898582134875944,0.009260912212374794,0.0023170312124591863,0.009333798722131581,0.004214075010535279
2025-07-25,0.0012136906182784735,0.013313278828739117,0.0012045571561551949,0.013360647396470915,0.0011086914528350977,0.013307733390508059,0.0012136906182784735,0.013313278828739339,0.0012045571561549728,0.013360647396471359,0.0011086914528350977,0.013307733390508059,0.0012136906182784735,0.013313278828739117,0.0012045571561551949,0.013360647396471137,0.0011086914528350977,0.013307733390508059,-0.0020981955518254436
2025-07-28,0.014677575740494886,0.01706499030385067,0.017493943327363537,0.023609185835402835,0.017252750721117538,0.023423808149272363,0.014075238768061382,0.016456950853243724,0.01749394332736376,0.0236091858354035,0.017252750721117538,0.02342380814927214,0.013172860436979184,0.015546029475706602,0.01749394332736376,0.023609185835403057,0.017252750721117538,0.023423808149272363,0.003364171572750152
2025-07-29,-0.0017451246381477992,5.425338155351511e-05,-0.0034371325139059827,-0.0010685768776714788,-0.0019509010366900448,-0.0007130029030270046,-0.0017451246381476881,5.425338155351511e-05,-0.004055397296275021,-0.0016632463369963268,-0.0019509010366901558,-0.0007130029030271157,-0.0017451246381476881,5.425338155373716e-05,-0.004981637537226136,-0.002555250525983599,-0.0019509010366900448,-0.0007130029030270046,-0.012573344509639539
2025-07-30,0.0031894944994226293,-0.0022600164097719144,0.003293674151748416,-0.002189210478864889,0.0016347614145888478,-0.002719700016211579,0.0031894944994224073,-0.0022600164097720254,0.003293674151748416,-0.002189210478865,0.0010136775464668624,-0.003328688202802299,0.0031894944994224073,-0.0022600164097722475,0.0032936741517481938,-0.002189210478865,8.321395212051996e-05,-0.0042410309089858655,0.011035653650254718
2025-07-31,0.019334858993178328,0.04356923893750597,0.019293287886542387,0.04312998873125995,0.01908857713632317,0.04305824358140442,0.01933485899317855,0.043569238937506194,0.019293287886542387,0.04312998873126017,0.01908857713632317,0.0430582435814042,0.01933485899317855,0.04356923893750686,0.019293287886542165,0.043129988731260616,0.019088577136323615,0.04305824358140509,0.012594458438287104
2025-08-01,0.02051754858635846,0.006129970765720527,0.02074568964879564,0.006518245579951287,0.020842800134721395,0.006676498709898171,0.020517548586358014,0.006129970765720305,0.020745689648795862,0.006518245579951509,0.020842800134721395,0.006676498709898393,0.020517548586358014,0.006129970765720305,0.020745689648795196,0.006518245579951287,0.02084280013472184,0.006676498709898171,-0.01036484245439473
2025-08-04,0.012275647429369485,-0.029363561099737034,0.01238593176144831,-0.029591021440885545,0.012452432904041633,-0.02989451100272411,0.012275647429369707,-0.029363561099737034,0.01238593176144831,-0.02959102144088588,0.012452432904041633,-0.029894511002724,0.012275647429369707,-0.02936356109973748,0.012385931761448088,-0.02959102144088599,0.012452432904041633,-0.029894511002724555,-0.0058651026392960715
2025-08-05,0.028404059096998946,0.022240607812793245,0.027996611593231524,0.022219732275968074,0.027786183606318904,0.022175929907777503,0.028404059096998946,0.022240607812793467,0.027996611593231524,0.022219732275968074,0.027786183606318904,0.022175929907777503,0.028404059096998946,0.02224060781279369,0.027996611593231302,0.022219732275968296,0.027786183606319126,0.02217592990777817,0.013485040033712536
2025-08-06,0.00265628364333792,0.0068333508870657145,0.00264870872921108,0.007160985133135123,0.0026611136829719495,0.007099692317077189,0.00265628364333792,0.006833350887065492,0.002648708729210858,0.007160985133135345,0.0026611136829719495,0.007099692317076967,0.002656283643338142,0.0068333508870657145,0.002648708729210858,0.007160985133135567,0.0026611136829719495,0.0070996923170767445,-0.00956340956340962
2025-08-07,0.01812438524412019,0.04361851722692789,0.01738635351573703,0.04388741812674435,0.017314589078363918,0.044051123010830695,0.01812438524412019,0.04361851722692811,0.01738635351573703,0.04388741812674457,0.017314589078363918,0.044051123010830695,0.018124385244119967,0.04361851722692878,0.017386353515736808,0.043887418126745015,0.017314589078363918,0.04405112301083136,0.032745591939546737
2025-08-08,0.017085929492047125,0.053800311122505606,0.017105473163671503,0.05413221679318525,0.01699279397607878,0.054253848603593724,0.017085929492047125,0.05380031112250583,0.017105473163671947,0.054132216793185695,0.016992793976078557,0.0542538486035935,0.017085929492047125,0.05380031112250672,0.017105473163671503,0.05413221679318592,0.016992793976079223,0.05425384860359439,-0.00040650406504061376
2025-08-11,0.009291788466966322,0.017880868103282266,0.00894910473139654,0.01803763026954419,0.00898963382277329,0.017978001721565162,0.009291788466966544,0.017880868103282044,0.00894910473139654,0.01803763026954419,0.008989633822773069,0.017978001721565162,0.009291788466966766,0.017880868103282266,0.008949104731396096,0.01803763026954419,0.008989633822773069,0.017978001721565384,0.006506710044733577
2025-08-12,-0.0030865095910251883,0.010430162309179591,-0.002976117105277898,0.010700891241326449,-0.0030448963454815514,0.010724665348266216,-0.0030865095910251883,0.010430162309179591,-0.002976117105277898,0.010700891241326893,-0.0030448963454815514,0.010724665348266216,-0.0030865095910250773,0.010430162309179591,-0.0029761171052774538,0.010700891241326893,-0.0030448963454816624,0.010724665348266216,0.00121212121212122
2025-08-13,0.01752148181760771,0.02013591123668612,0.017569760422949665,0.01991494970689689,0.017452596269535103,0.019759026543175295,0.01752148181760771,0.02013591123668612,0.017569760422949665,0.019914949706896667,0.017452596269535325,0.019759026543175295,0.01752148181760771,0.020135911236686566,0.01756976042294922,0.01991494970689711,0.017452596269535547,0.019759026543175517,0.008474576271186418
2025-08-14,-0.007437448764633148,0.006370053447886992,-0.007137538795190412,0.006390278494887935,-0.007019892154608409,0.0063873240114269425,-0.00743744876463337,0.006370053447886992,-0.007137538795190412,0.006390278494887935,-0.007019892154608409,0.0063873240114269425,-0.00743744876463337,0.006370053447886992,-0.007137538795190301,0.006390278494887713,-0.00701989215460852,0.0063873240114271645,-0.0056022408963585235
2025-08-15,0.002534017977527503,0.019588817379257106,0.0024961501727780444,0.019407628030653212,0.002447649802971963,0.019495468846238984,0.002534017977527281,0.019588817379257106,0.0024961501727782665,0.019407628030653434,0.002447649802971741,0.01949546884623876,0.002534017977527281,0.01958881737925755,0.0024961501727784885,0.01940762803065388,0.002447649802971741,0.01949546884623876,0.0
2025-08-18,0.018633351652327823,0.034053998234755634,0.01831299184351609,0.03401358277084521,0.018212940135074795,0.03404024461186306,0.018633351652328267,0.034053998234755634,0.01831299184351609,0.03401358277084521,0.018212940135074795,0.034040244611862835,0.018633351652328045,0.03405399823475608,0.018312991843515647,0.03401358277084521,0.018212940135075018,0.03404024461186328,0.003621730382293853
2025-08-19,-0.03478669594235961,-0.03665461039032469,-0.0342887559506434,-0.036518459774445344,-0.03413308744974186,-0.03652988161011994,-0.034786695942359835,-0.036654610390324804,-0.03428875595064351,-0.036518459774445455,-0.03413308744974197,-0.03652988161011972,-0.034786695942359724,-0.03665461039032536,-0.03428875595064307,-0.03651845977444568,-0.034133087449742194,-0.03652988161012016,-0.002405773857257376
2025-08-20,-0.036703558307308315,-0.04873044064267218,-0.03635849357563492,-0.048622202269953396,-0.03621317109174371,-0.04842990341091358,-0.036703558307308315,-0.04873044064267218,-0.03635849357563525,-0.04862220226995362,-0.03621317109174371,-0.048429903410913466,-0.036703558307308204,-0.048730440642672734,-0.036358493575634476,-0.04862220226995373,-0.03621317109174438,-0.0484299034109138,-0.029742765273311877
2025-08-21,0.017262968382432797,0.03415542058239773,0.017392387318414526,0.03382695441375572,0.01730888452688939,0.03380340675434823,0.01726296838243302,0.03415542058239773,0.017392387318414526,0.03382695441375572,0.017308884526889168,0.03380340675434823,0.017262968382432575,0.03415542058239818,0.017392387318414082,0.03382695441375594,0.01730888452688939,0.03380340675434845,0.007456503728251684
2025-08-22,-0.007036779779109437,-0.007266643839418552,-0.006945378372418265,-0.00701434211252161,-0.007007412698195159,-0.007126783311444007,-0.007036779779109548,-0.007266643839418663,-0.006945378372418487,-0.007014342112521499,-0.007007412698194937,-0.00712678331144434,-0.007036779779109326,-0.007266643839418774,-0.006945378372418487,-0.00701434211252161,-0.007007412698195159,-0.007126783311444118,-0.00616776315789469
2025-08-25,0.01440603176828259,0.01988834986110022,0.013346118131939866,0.012155290365875482,0.013296550556167297,0.012099037631110088,0.013769237428757908,0.019516771862489568,0.013346118131940088,0.012155290365875482,0.013296550556167297,0.01209903763111031,0.01281404591947144,0.01896044680188358,0.013346118131939866,0.012155290365875704,0.013296550556167519,0.012099037631110088,0.0211005378568474
2025-08-26,0.0047178837765236015,-0.0020704309687087363,0.003902354283662035,-0.004074930290322798,0.0046543896951467545,-0.0033824028882205592,0.0047178837765238235,-0.0020704309687087363,0.0032752052860638425,-0.0044260428534932394,0.0046543896951467545,-0.003382402888220448,0.004717883776523379,-0.0020704309687089584,0.002334481789667331,-0.004951727147817331,0.0046543896951467545,-0.003382402888220448,-0.0004051863857374993
2025-08-27,0.018696083490130633,0.019338205781056272,0.01874197693232782,0.01940174904161185,0.016376662541359055,0.022552368331948403,0.018696083490130855,0.019338205781056494,0.01874197693232804,0.01940174904161185,0.01573399442918877,0.022167161856317952,0.018696083490130633,0.019338205781056272,0.01874197693232782,0.01940174904161207,0.014769992260933451,0.021588990650309503,0.007296311309282544
2025-08-28,-0.007430515503241808,-0.0038520198445194387,-0.00746128969512716,-0.0038198874957791062,-0.007601074868169078,-0.003880680604115949,-0.007430515503241697,-0.0038520198445196607,-0.007461289695127049,-0.0038198874957789952,-0.0076010748681687446,-0.003880680604115949,-0.007430515503241697,-0.0038520198445196607,-0.00746128969512716,-0.0038198874957791062,-0.007601074868168856,-0.0038806806041162822,-0.010865191146881226
2025-08-29,0.007379046516198251,0.021325648688066634,0.007328716230853294,0.021521984966657248,0.006988748279697976,0.021459841680654845,0.007379046516198251,0.0213256486880673,0.007328716230853072,0.021521984966657026,0.006988748279697532,0.021459841680655067,0.007379046516198473,0.021325648688066634,0.007328716230853516,0.02152198496665747,0.006988748279697532,0.02145984168065551,-0.0012205044751830707
2025-09-01,-0.028248607621413457,-0.049460347097552204,-0.028288113085491284,-0.04973390801295474,-0.028242255022459917,-0.05005287591902974,-0.02824860762141379,-0.049460347097553536,-0.028288113085491173,-0.04973390801295485,-0.028242255022459473,-0.05005287591903018,-0.028248607621413235,-0.049460347097552204,-0.028288113085491284,-0.04973390801295574,-0.02824225502245914,-0.050052875919030404,-0.009368635437881911
2025-09-02,0.003683127855674151,-0.024677435186408747,0.003671607486617212,-0.024555640874128093,0.003758003841186852,-0.023898430085127598,0.003683127855674151,-0.02467743518640919,0.003671607486616768,-0.024555640874127982,0.003758003841187074,-0.023898430085128042,0.003683127855673929,-0.024677435186408636,0.003671607486616768,-0.024555640874128426,0.00375800384118663,-0.023898430085128153,-0.0004111842105263275
2025-09-03,-0.004457491469219033,0.007711308198988354,-0.004484162729526897,0.007742226832016863,-0.004452837923916597,0.008091316236402468,-0.004457491469219144,0.007711308198988576,-0.004484162729526564,0.007742226832017085,-0.004452837923916597,0.008091316236402468,-0.004457491469218922,0.007711308198988132,-0.004484162729526675,0.007742226832017085,-0.004452837923916486,0.00809131623640269,-0.0012340600575894145
2025-09-04,0.002535679864661189,-0.0034215652618164727,0.0025299174893071985,-0.0030932516132466947,0.002529693648317677,-0.002983268565663222,0.002535679864661633,-0.0034215652618165837,0.0025299174893071985,-0.0030932516132465837,0.002529693648317677,-0.002983268565663111,0.002535679864660967,-0.0034215652618162506,0.0025299174893069765,-0.0030932516132466947,0.002529693648317677,-0.002983268565663333,0.006589785831960349
2025-09-05,0.02869708926348058,0.026214217719552124,0.02865994624453938,0.026242364739009316,0.028337686795913086,0.026393445474704347,0.028697089263481024,0.02621421771955279,0.028659946244539602,0.026242364739009094,0.02833768679591242,0.026393445474704347,0.02869708926348058,0.026214217719552124,0.028659946244540047,0.02624236473900976,0.028337686795912198,0.02639344547470457,0.009410801963993354
2025-09-08,0.002349423517547855,0.006233873634108988,0.0023892254442399175,0.006276741445311318,0.002513214771374006,0.0062593018409187184,0.002349423517547633,0.0062338736341092105,0.0023892254442396954,0.006276741445311318,0.002513214771373784,0.0062593018409191625,0.002349423517547633,0.006233873634108766,0.0023892254442394734,0.00627674144531154,0.002513214771374228,0.0062593018409191625,0.012160518848804314
2025-09-09,0.021702982767269008,0.016598738286245363,0.021709135090361098,0.016473349658739922,0.02161337536761354,0.016508765575625972,0.02170298276726923,0.016598738286245807,0.021709135090361764,0.016473349658739922,0.02161337536761332,0.016508765575626194,0.021702982767268786,0.016598738286245363,0.021709135090361764,0.016473349658740144,0.021613375367612875,0.016508765575625972,0.00800961153384061
2025-09-10,0.03656828825939562,0.031227308322073988,0.03656023963986521,0.03139584487547653,0.0365443991606027,0.0316513569250525,0.03656828825939651,0.031227308322074654,0.036560239639864545,0.03139584487547609,0.036544399160601815,0.03165135692505272,0.03656828825939584,0.031227308322073988,0.03656023963986477,0.03139584487547675,0.036544399160601815,0.0316513569250525,0.02105681366706391
2025-09-11,0.018548067663433532,0.012621863026369695,0.01864311598084356,0.01254442826071589,0.018943290947846414,0.012457137485614611,0.018548067663433754,0.012621863026369917,0.018643115980843783,0.01254442826071589,0.018943290947846192,0.012457137485614389,0.018548067663433532,0.012621863026369695,0.018643115980844005,0.012544428260716334,0.018943290947846192,0.012457137485614611,0.008560311284046662
2025-09-12,0.002198107188035703,-0.005952538873641555,0.0022109496180087174,-0.006018772502844216,0.0023282209586950042,-0.00587015505984223,0.002198107188035925,-0.005952538873641555,0.0022109496180087174,-0.006018772502844327,0.002328220958694782,-0.005870155059842119,0.002198107188035925,-0.005952538873641333,0.0022109496180089394,-0.00601877250284466,0.002328220958694782,-0.005870155059842008,0.008873456790123413
2025-09-15,-0.011352509201500216,-0.015005075674277446,-0.011333577870563882,-0.014955608119640584,-0.01113831592207315,-0.014805886218803965,-0.011352509201500438,-0.015005075674277779,-0.011333577870563993,-0.014955608119640473,-0.011138315922072928,-0.014805886218803965,-0.011352509201500327,-0.015005075674277557,-0.011333577870563993,-0.014955608119640806,-0.011138315922072817,-0.014805886218804187,-0.0003824091778203975
2025-09-16,0.00936793055926688,-0.003860260922967318,0.009364269562652572,-0.003797485314988025,0.009369428068105368,-0.0039029653484331517,0.00936793055926688,-0.003860260922967429,0.009364269562652794,-0.003797485314987803,0.009369428068105368,-0.0039029653484334847,0.00936793055926688,-0.003860260922967318,0.009364269562652572,-0.003797485314987914,0.009369428068105146,-0.0039029653484330407,0.01377199693955622
2025-09-17,-0.012825664924435376,-0.013995248016000716,-0.01290788649272745,-0.01404416225127536,-0.013174800958319688,-0.013829983868071327,-0.012825664924435487,-0.013995248016000827,-0.012907886492727338,-0.01404416225127525,-0.013174800958319688,-0.013829983868071438,-0.012825664924435154,-0.013995248016000827,-0.012907886492727338,-0.014044162251275583,-0.013174800958319466,-0.01382998386807166,-0.007547169811320753
2025-09-18,0.03463727566263475,0.014815209973767063,0.0346870003234947,0.014922291634036577,0.03438499106079962,0.015049484598802731,0.03463727566263519,0.014815209973767285,0.0346870003234947,0.014922291634036577,0.034384991060799175,0.015049484598802954,0.03463727566263475,0.014815209973767285,0.03468700032349492,0.0149222916340368,0.03438499106079873,0.015049484598802954,0.009505703422053147
2025-09-19,-0.009188396178420155,-0.013524448320911375,-0.009088238836873153,-0.013566937020764724,-0.008826801058172351,-0.013798520268067271,-0.009188396178420266,-0.013524448320911597,-0.009088238836873264,-0.013566937020764613,-0.00882680105817224,-0.013798520268067382,-0.009188396178420044,-0.013524448320911375,-0.009088238836873375,-0.013566937020764946,-0.008826801058172018,-0.013798520268067271,-0.00037664783427504567
2025-09-22,-0.0038958703393138228,0.0056153328396519875,0.013197750369453365,-0.003592570292006103,0.013237043610294208,-0.003531374230390849,-0.004794151770582733,0.004517162452148282,0.013197750369453587,-0.003592570292006103,0.013237043610293986,-0.003531374230390627,-0.006139055057540643,0.0028709353771239066,0.013197750369453587,-0.003592570292006214,0.013237043610293986,-0.003531374230390738,0.007535795026375247
2025-09-23,0.008377090368747897,-0.0037578428655145046,0.005153898708434745,-0.0054964884498796,0.0042866353855630646,0.0012673561672753575,0.008377090368748119,-0.0037578428655145046,0.004211356055375148,-0.006583965366731892,0.0042866353855630646,0.0012673561672753575,0.008377090368748119,-0.0037578428655143936,0.0028001850480809942,-0.008214162250891666,0.0042866353855628425,0.0012673561672753575,0.01944652206432318
2025-09-24,-0.005581911448636068,-0.010235923472756592,-0.00551770038286481,-0.010010398535581277,-0.006577373893188243,-0.011565810630792761,-0.005581911448636179,-0.010235923472757036,-0.005517700382864921,-0.010010398535581388,-0.007501435160287673,-0.012659888873469582,-0.00558191144863629,-0.010235923472756259,-0.005517700382864699,-0.010010398535581388,-0.00888666161894014,-0.014299981563806408,0.0003668378576668907
2025-09-25,-0.012395464485198682,-0.024961555453370532,-0.01242689296072308,-0.02513548326211601,-0.012535043238331878,-0.02500122192256038,-0.012395464485198793,-0.024961555453371087,-0.012426892960722968,-0.02513548326211612,-0.012535043238331767,-0.025001221922560712,-0.012395464485198682,-0.024961555453370643,-0.012426892960722968,-0.0251354832621159,-0.012535043238331434,-0.025001221922560823,-0.004400440044004306
2025-09-26,-0.021172549934813656,-0.03158220871000983,-0.02086360768326656,-0.03112118161230515,-0.02105393634106656,-0.03144131792945226,-0.021172549934813878,-0.03158220871001027,-0.020863607683267005,-0.03112118161230515,-0.021053936341066892,-0.031441317929452595,-0.021172549934813878,-0.03158220871000961,-0.02086360768326634,-0.031121181612304816,-0.021053936341067003,-0.031441317929452706,-0.017311233885819455
2025-09-30,0.027477915403759212,0.02867161324177081,0.027746131245119265,0.028358341357404226,0.027703630684261293,0.028800679111278926,0.027477915403759656,0.028671613241771476,0.02774613124511971,0.02835834135740445,0.027703630684261737,0.028800679111279148,0.027477915403759656,0.02867161324177081,0.027746131245119043,0.028358341357404226,0.027703630684261515,0.028800679111279148,0.010494752623688264
2025-10-01,0.014802613109738516,0.008868964872357,0.01452663190773218,0.008970993471382416,0.014887585413003723,0.008936897357016749,0.014802613109738516,0.008868964872357221,0.014526631907732401,0.008970993471382416,0.014887585413003723,0.008936897357016749,0.014802613109738516,0.008868964872357,0.014526631907731957,0.008970993471382416,0.014887585413003945,0.00893689735701697,0.004080118694361978
2025-10-02,0.028631714148365184,0.0037135868780884262,0.028475286362328323,0.0037149290387634704,0.028797589220876496,0.003475184021006772,0.028631714148365628,0.0037135868780886483,0.028475286362328545,0.0037149290387634704,0.028797589220876718,0.003475184021006772,0.02863171414836585,0.0037135868780884262,0.02847528636232788,0.0037149290387634704,0.028797589220876274,0.00347518402100655,0.02105652013298842
2025-10-03,0.020029168381405782,0.0036396329527961235,0.019860509070523946,0.003738718446629763,0.020227712238976236,0.0037364968269140153,0.020029168381406004,0.0036396329527963456,0.019860509070524168,0.003738718446629763,0.02022771223897646,0.0037364968269140153,0.020029168381406226,0.0036396329527963456,0.019860509070523946,0.003738718446629763,0.020227712238976236,0.0037364968269142373,0.01591895803183796
2025-10-07,0.0013433563042670738,0.008784823033644473,0.0007539603234514303,0.007811877088451213,0.0009744521275936169,0.00892804523673707,0.0013433563042670738,0.008784823033644695,0.0007539603234514303,0.007811877088451213,0.0009744521275933948,0.00892804523673707,0.0013433563042668517,0.008784823033644473,0.0007539603234509862,0.007811877088451213,0.0009744521275938389,0.008928045236737292,0.025997150997151053
2025-10-08,0.005284717899767255,-0.0012132095905598161,0.005603223440747485,-0.0005170042329951663,0.005376595725105071,-0.0008661328567870497,0.005284717899767477,-0.0012132095905599272,0.005603223440747485,-0.0005170042329951663,0.005376595725105293,-0.0008661328567870497,0.005284717899767477,-0.0012132095905598161,0.0056032234407472625,-0.0005170042329952773,0.005376595725105071,-0.0008661328567870497,-0.011454356126345044
2025-10-09,0.009487882707671424,0.01371210785386423,0.009477082305450413,0.014357680892514324,0.009539883102692492,0.014000233942386808,0.009487882707671424,0.013712107853864453,0.009477082305450413,0.014357680892514324,0.009539883102692714,0.01400023394238703,0.009487882707671424,0.01371210785386423,0.009477082305450413,0.014357680892514102,0.009539883102692714,0.01400023394238703,0.010182584269662787
2025-10-13,0.00023458831621359089,-0.021018266946850495,-5.798990353245159e-06,-0.020372459262945508,0.0001900244694741371,-0.020833228715020025,0.00023458831621336884,-0.021018266946850828,-5.7989903533561815e-06,-0.02037245926294562,0.00019002446947391505,-0.020833228715020358,0.00023458831621359089,-0.021018266946850495,-5.798990353245159e-06,-0.020372459262945397,0.00019002446947391505,-0.02083322871502058,-0.012513034410844504
2025-10-14,-0.008771563815252237,-0.01656430149475363,-0.008943610418662429,-0.015606152505905024,-0.00887812266927046,-0.01609413314045216,-0.008771563815251904,-0.016564301494754075,-0.008943610418662429,-0.015606152505905135,-0.008878122669270239,-0.01609413314045194,-0.008771563815252459,-0.01656430149475352,-0.008943610418662318,-0.015606152505904913,-0.00887812266927046,-0.01609413314045216,-0.0017599436818022118
2025-10-15,0.024291231376351252,0.03359309828787582,0.024144594428999522,0.03356749632681644,0.024417697926059967,0.033983282671520065,0.024291231376351252,0.03359309828787649,0.024144594428999744,0.03356749632681666,0.02441769792606019,0.03398328267152029,0.024291231376351474,0.03359309828787582,0.024144594428999522,0.033567496326816215,0.02441769792606019,0.03398328267152029,0.020098730606487925
2025-10-16,-0.002843988337495329,0.0035334370312276597,-0.0030676967116742837,0.0034527423728225592,-0.003151150530037783,0.003567405533327239,-0.00284398833749544,0.0035334370312278818,-0.0030676967116745057,0.0034527423728227813,-0.003151150530038116,0.003567405533327239,-0.002843988337495218,0.0035334370312274377,-0.0030676967116743947,0.0034527423728227813,-0.003151150530038005,0.0035674055333274612,0.018665744901486203
2025-10-17,-0.019936835003989795,-0.017223266153227557,-0.01980418035595255,-0.017439780443730624,-0.019971447649172247,-0.017115760776995614,-0.019936835003989906,-0.017223266153228,-0.019804180355952772,-0.017439780443730957,-0.019971447649172136,-0.017115760776995836,-0.019936835003990128,-0.017223266153227335,-0.019804180355952328,-0.017439780443730735,-0.019971447649172025,-0.017115760776995836,-0.015269765863590079
2025-10-20,0.007045891464613874,0.004020885235022531,0.007070370537932025,0.003326182231264907,0.006841519200476043,0.0037541304248454033,0.007045891464614096,0.004020885235022753,0.007070370537932025,0.003326182231264907,0.006841519200476043,0.0037541304248454033,0.007045891464614096,0.004020885235022753,0.007070370537932025,0.003326182231264907,0.006841519200475821,0.0037541304248456253,0.016195727084769018
2025-10-21,0.018310397093159514,0.005056932012377668,0.01827090936791942,0.005417506212680001,0.018270086487788495,0.005166374482143299,0.018310397093159514,0.005056932012377668,0.01827090936791964,0.005417506212680223,0.018270086487788717,0.005166374482143077,0.018310397093159736,0.005056932012377446,0.018270909367919197,0.005417506212680001,0.018270086487788495,0.005166374482143077,0.0010172939979653517
2025-10-22,-0.0033500798777374996,-0.014642697125108795,-0.0036157984692780643,-0.014664734891709497,-0.0032139651127702784,-0.01447298512354045,-0.0033500798777377216,-0.014642697125109128,-0.0036157984692781753,-0.014664734891709719,-0.0032139651127701674,-0.01447298512354056,-0.0033500798777377216,-0.014642697125108683,-0.0036157984692781753,-0.014664734891709608,-0.0032139651127700564,-0.014472985123540782,-0.005081300813008172
2025-10-23,1.5164199294037672e-05,-0.017166452859147863,-0.0036324104023194304,-0.008304990611296525,-0.0037020812751882293,-0.00848723640213811,-0.000595375592606584,-0.0187397859653482,-0.0036324104023193193,-0.008304990611296525,-0.0037020812751883403,-0.00848723640213811,-0.001512907590551782,-0.021092447317249352,-0.0036324104023195414,-0.008304990611296525,-0.0037020812751883403,-0.00848723640213822,-0.007831120190670782
2025-10-27,0.031746510435216146,0.03907815918546498,0.021199337211385894,0.03661580402459763,0.01521240304057181,0.014275503995544225,0.031746510435216146,0.03907815918546431,0.02060519498296287,0.03490343127722606,0.01521240304057181,0.014275503995544225,0.03174651043521659,0.03907815918546431,0.019712305587151313,0.03234285896935485,0.01521240304057181,0.014275503995544225,0.025051475634866094
2025-10-28,0.008629824693808352,0.030152059766654027,0.008339295728500451,0.030030002570567982,0.007543160144437566,0.033884103788731856,0.008629824693808574,0.030152059766653805,0.008339295728500229,0.030030002570567982,0.006942279239005034,0.0322028482759793,0.008629824693808574,0.030152059766653805,0.008339295728500229,0.030030002570567982,0.006040393991117332,0.02968880668368179,-0.006026113157013735
2025-10-29,0.01678126772293198,-0.00023325633506898757,0.016289708764108735,-0.00016608972588649795,0.016264938951565666,-0.00013671229151068776,0.01678126772293176,-0.0002332563350690986,0.016289708764108735,-0.00016608972588660897,0.016264938951565666,-0.0001367122915104657,0.01678126772293198,-0.00023325633506898757,0.016289708764108513,-0.00016608972588672,0.016264938951565666,-0.0001367122915104657,0.016840687100033724
2025-10-30,-0.000996950849100675,-0.010851592565003898,-0.0010789271086671937,-0.011408906335013125,-0.0010240578053042348,-0.010668524691080372,-0.000996950849100675,-0.010851592565003787,-0.0010789271086674157,-0.011408906335013125,-0.0010240578053042348,-0.010668524691080705,-0.000996950849100675,-0.010851592565003787,-0.0010789271086671937,-0.011408906335013014,-0.0010240578053042348,-0.010668524691080594,-0.0003312355084463814
2025-10-31,0.015037814460832521,0.02844308680674379,0.01492189706430902,0.027937128262823352,0.015442337589109512,0.028204241760518833,0.015037814460832521,0.028443086806743567,0.014921897064309242,0.027937128262823574,0.015442337589109734,0.028204241760518833,0.015037814460832521,0.028443086806743567,0.01492189706430902,0.027937128262823352,0.01544233758910929,0.02820424176051861,0.005964214711729587
2025-11-03,0.008255760370480925,0.026443333964406124,0.008447038366539816,0.02650089546690859,0.00842294912148267,0.026864582384591662,0.008255760370480925,0.026443333964405458,0.008447038366539594,0.026500895466908814,0.00842294912148267,0.02686458238459144,0.008255760370481147,0.02644333396440568,0.008447038366539816,0.02650089546690859,0.00842294912148267,0.026864582384591662,-0.01054018445322813
2025-11-04,-0.006688580241299369,-0.013174207356264733,-0.006462887752997859,-0.013273566124422098,-0.005872645443933511,-0.013390563375117348,-0.00668858024129948,-0.013174207356264511,-0.006462887752997748,-0.01327356612442232,-0.005872645443933622,-0.013390563375117459,-0.00668858024129948,-0.013174207356264733,-0.006462887752997859,-0.013273566124422098,-0.005872645443933511,-0.013390563375117348,-0.0029960053262315656
2025-11-05,-0.022055457633639586,-0.010878569538204208,-0.02169860511041155,-0.010853425711846887,-0.02199394734019411,-0.010937805545916612,-0.022055457633639475,-0.010878569538203986,-0.021698605110411773,-0.010853425711846887,-0.021993947340193998,-0.010937805545916168,-0.022055457633639697,-0.010878569538203986,-0.02169860511041144,-0.010853425711846887,-0.021993947340193887,-0.01093780554591628,-0.014691151919866363
2025-11-06,0.01583867547939022,0.007924720208708047,0.016166248958769502,0.007868222005976033,0.016502981740383005,0.007968223803492824,0.01583867547939044,0.007924720208708047,0.016166248958769502,0.007868222005975811,0.016502981740382783,0.00796822380349238,0.01583867547939044,0.007924720208708047,0.016166248958769502,0.007868222005976033,0.016502981740383005,0.007968223803492602,0.0057607590647237306
2025-11-07,-0.016159415953297285,-0.023304329056226925,-0.015942907987385957,-0.023244623327715153,-0.01590250571077856,-0.02348420313986288,-0.016159415953297285,-0.02330432905622659,-0.015942907987385846,-0.023244623327715486,-0.01590250571077856,-0.02348420313986288,-0.016159415953297396,-0.023304329056226813,-0.015942907987385735,-0.023244623327715153,-0.01590250571077856,-0.02348420313986288,-0.014487870619946164
2025-11-10,0.02542540408553795,0.005692290004006839,0.025774716435311484,0.005626080568015723,0.026116868122680437,0.006042433247411827,0.02542540408553773,0.005692290004006617,0.025774716435311484,0.005626080568016167,0.02611686812268066,0.006042433247411827,0.02542540408553773,0.005692290004006839,0.025774716435311262,0.005626080568015723,0.026116868122680437,0.006042433247411827,0.011965811965811923
2025-11-11,-0.0023110514811348626,-0.024154817285403474,-0.0023284416504011363,-0.02404015065189191,-0.0021312187484501255,-0.02366805574627795,-0.0023110514811348626,-0.02415481728540325,-0.002328441650400803,-0.024040150651892356,-0.0021312187484500145,-0.02366805574627795,-0.0023110514811347516,-0.02415481728540314,-0.0023284416504009142,-0.024040150651892245,-0.0021312187484500145,-0.023668055746277727,-0.0060810810810810745
2025-11-12,0.001202417985091131,0.011689819944358915,0.0008676466211974265,0.011597786834770751,0.001039111997092057,0.011858280897935503,0.001202417985091131,0.011689819944358915,0.0008676466211972045,0.011597786834770751,0.001039111997091835,0.011858280897935725,0.001202417985090909,0.011689819944358693,0.0008676466211974265,0.011597786834770751,0.001039111997092057,0.011858280897935503,0.006458191706322447
2025-11-13,-0.0041849817250744215,0.008717031689017718,-0.004246483693124969,0.008557245225317756,-0.004178111475321544,0.008385627656523509,-0.004184981725074088,0.008717031689017496,-0.0042464836931251915,0.008557245225317978,-0.004178111475321544,0.008385627656523287,-0.00418498172507431,0.008717031689017496,-0.004246483693124969,0.008557245225317756,-0.004178111475321655,0.008385627656523287,-0.006754474839581248
2025-11-14,-0.018393019318784787,-0.005915173705622445,-0.018331799626637557,-0.005816593869422904,-0.017962412777258407,-0.006245673812696917,-0.01839301931878501,-0.005915173705622445,-0.018331799626637335,-0.005816593869423237,-0.017962412777258407,-0.006245673812696695,-0.018393019318784898,-0.005915173705622556,-0.018331799626637335,-0.005816593869423015,-0.017962412777258074,-0.006245673812696917,-0.019381162869772317
2025-11-17,0.004879559306003145,0.005779863907473759,0.0050092722961205816,0.005786110355177954,0.0052762902259488875,0.005734156936298307,0.004879559306003367,0.005779863907473759,0.0050092722961205816,0.005786110355177954,0.0052762902259488875,0.005734156936298085,0.004879559306003589,0.005779863907473759,0.0050092722961205816,0.005786110355177954,0.0052762902259488875,0.005734156936298085,0.004160887656033507
2025-11-18,-0.035829627284910015,-0.0333223092137942,-0.03542647307611002,-0.032904100767701006,-0.035493456061766904,-0.03320207923123164,-0.035829627284909904,-0.03332230921379398,-0.03542647307611002,-0.032904100767701006,-0.035493456061767126,-0.03320207923123164,-0.03582962728491024,-0.033322309213793755,-0.0354264730761098,-0.032904100767700895,-0.035493456061767015,-0.033202079231231085,-0.04523480662983437
2025-11-19,0.00032595213864228256,-0.005276366012693545,0.0002114880273635933,-0.005409950783979656,0.0005463259274052223,-0.005076301766219982,0.00032595213864228256,-0.005276366012693323,0.0002114880273635933,-0.0054099507839801,0.0005463259274054444,-0.005076301766220204,0.00032595213864228256,-0.005276366012693545,0.0002114880273635933,-0.005409950783979767,0.0005463259274054444,-0.005076301766220204,-0.00687160940325493
2025-11-20,0.032272744455211555,0.0581850647304718,0.03199360134353557,0.05777366095241643,0.032132058362070115,0.057756164039603375,0.032272744455211555,0.058185064730470915,0.03199360134353535,0.057773660952417316,0.032132058362070115,0.0577561640396036,0.032272744455212,0.058185064730470915,0.03199360134353535,0.057773660952416206,0.03213205836206989,0.05775616403960315,0.030954115076474942
2025-11-21,-0.046288176407531134,-0.042095595872433056,-0.045810007116910745,-0.040440422970329126,-0.04576841967877543,-0.040265196386512714,-0.04689417688413655,-0.04367980994837484,-0.045810007116910634,-0.04044042297032946,-0.045768419678775873,-0.04026519638651316,-0.04780261004115671,-0.04604874200409803,-0.0458100071169103,-0.04044042297032879,-0.04576841967877543,-0.040265196386512714,-0.03532320734722716
2025-11-24,0.01589944164371393,0.005605699410622167,0.015147728550381157,0.009334336353763684,0.022274315552228918,0.013797604462526536,0.01589944164371393,0.005605699410622389,0.014501102374191222,0.007660016911541723,0.022274315552229362,0.013797604462526758,0.015899441643713708,0.005605699410622167,0.013531768716339432,0.00515634707396484,0.02227431555222914,0.013797604462526758,-0.004760161113145367
2025-11-25,0.029153557769132865,0.013678421659145457,0.02880096157311618,0.013833730494103191,0.027482121676532856,0.0012492525934670873,0.02915355776913242,0.013678421659145235,0.028800961573115957,0.013833730494103191,0.02677492071338361,-0.0004095756763365932,0.0291535577691322,0.013678421659145013,0.02880096157311618,0.01383373049410297,0.02571478160722318,-0.0028900810088893225,0.016924208977189048
2025-11-26,0.015110230139243619,-0.012106037464525099,0.01517363057501675,-0.01201302564307849,0.015384493326221271,-0.01105388916522565,0.015110230139243841,-0.012106037464524988,0.015173630575016528,-0.012013025643078601,0.015384493326221493,-0.011053889165225872,0.015110230139243397,-0.012106037464524988,0.015173630575016972,-0.012013025643078268,0.015384493326221493,-0.011053889165225872,0.01736613603473236
2025-11-27,0.006567938987303901,0.03397096052333093,0.006664443029078981,0.03387049235817008,0.006631120089919396,0.033624183955400566,0.006567938987303901,0.03397096052333093,0.006664443029078981,0.03387049235816986,0.0066311200899191736,0.03362418395540079,0.006567938987303679,0.033970960523330485,0.006664443029078981,0.03387049235816941,0.0066311200899191736,0.033624183955401454,0.007823613086771042
2025-11-28,0.0064472977988345725,0.022287919033591175,0.006156550311865461,0.02199463021001158,0.006021221620922335,0.021501678650466705,0.0064472977988345725,0.02228791903359073,0.006156550311865239,0.021994630210011357,0.006021221620922335,0.021501678650466927,0.006447297798834795,0.02228791903359073,0.006156550311865239,0.02199463021001069,0.006021221620922779,0.02150167865046715,0.008115737473535667
2025-12-01,-0.0130259273951836,-0.02074631408705563,-0.012862198154598659,-0.020289699031448283,-0.012556152601927661,-0.02072394649008913,-0.013025927395183379,-0.020746314087055406,-0.012862198154598437,-0.020289699031448172,-0.012556152601927772,-0.02072394649008913,-0.013025927395183268,-0.020746314087055406,-0.012862198154598437,-0.02028969903144784,-0.012556152601927884,-0.02072394649008935,-0.015050752537626888
2025-12-02,0.0024598995285911585,-0.006622836914272345,0.0025186053203938297,-0.006571020665217531,0.002636087424418454,-0.006488088421210292,0.0024598995285909364,-0.006622836914272456,0.0025186053203940517,-0.006571020665217309,0.002636087424418454,-0.006488088421210181,0.0024598995285911585,-0.006622836914272345,0.0025186053203938297,-0.006571020665217198,0.002636087424418232,-0.006488088421210403,0.004619758351101622
2025-12-03,0.00932453697213087,0.008440994048386719,0.009450942013222052,0.008281940783023911,0.009329612679886745,0.008327583948501305,0.009324536972130648,0.008440994048386719,0.00945094201322183,0.008281940783023689,0.009329612679886523,0.008327583948501305,0.009324536972130648,0.008440994048386496,0.009450942013222052,0.008281940783023467,0.009329612679886745,0.008327583948501527,0.0077821011673151474
2025-12-04,-0.0075929946812579585,-0.0008590167285950079,-0.007599758141601631,-0.0010237163067410293,-0.007393796426513055,-0.000721652163684805,-0.0075929946812579585,-0.0008590167285945638,-0.007599758141601631,-0.0010237163067410293,-0.007393796426512833,-0.000721652163684694,-0.0075929946812579585,-0.0008590167285946748,-0.007599758141601742,-0.0010237163067408073,-0.007393796426512944,-0.000721652163684805,-0.0007020007020006602
2025-12-05,0.013469110425820885,0.00679108942394846,0.013280945178723247,0.006850721073474286,0.01299597161294841,0.006236572875883528,0.013469110425821107,0.006791089423948238,0.013280945178723025,0.006850721073474286,0.012995971612948187,0.006236572875883306,0.013469110425820885,0.006791089423948238,0.013280945178723247,0.006850721073474286,0.01299597161294841,0.006236572875883306,0.008429926238145535
2025-12-08,0.0042444014574845035,0.03144094110756601,0.004420551951299645,0.03159900240372804,0.004459593034667586,0.03103530604985516,0.0042444014574847255,0.03144094110756579,0.004420551951299867,0.03159900240372804,0.004459593034667586,0.03103530604985516,0.0042444014574845035,0.03144094110756557,0.004420551951299645,0.031599002403727594,0.004459593034667586,0.031035306049855826,0.014977359804945856
2025-12-09,-0.0017151068830776328,0.0041518241121021315,-0.0016339826966328408,0.003908272401258239,-0.001668585085456642,0.003674618217567094,-0.0017151068830776328,0.0041518241121021315,-0.0016339826966329518,0.003908272401258239,-0.001668585085456642,0.003674618217567316,-0.0017151068830779659,0.0041518241121021315,-0.0016339826966330628,0.003908272401258239,-0.001668585085456642,0.003674618217567316,-0.0017158544955387933
2025-12-10,0.007571864395509165,0.008533666748995472,0.00747755043562659,0.007947008598959027,0.007476438635583227,0.008575823935724536,0.007571864395508943,0.008533666748995472,0.00747755043562659,0.007947008598959027,0.007476438635583227,0.008575823935724536,0.007571864395509165,0.008533666748995694,0.007477550435626812,0.007947008598958805,0.007476438635583449,0.00857582393572498,0.007218975592987453
2025-12-11,-0.008926388762037774,-0.003039364788219756,-0.009021280486906313,-0.0032454258533262115,-0.009150345581985797,-0.0028457012372723467,-0.008926388762037885,-0.003039364788219645,-0.009021280486906313,-0.0032454258533261005,-0.009150345581985797,-0.0028457012372723467,-0.008926388762037885,-0.003039364788219978,-0.009021280486906536,-0.0032454258533261005,-0.009150345581985797,-0.0028457012372726798,-0.012286689419795271
2025-12-12,0.005806965767236605,0.0046860225427975966,0.0056136551929253375,0.004936134798181557,0.005488406939638146,0.004342846653520915,0.005806965767236605,0.0046860225427971525,0.0056136551929253375,0.004936134798181557,0.005488406939638146,0.004342846653520915,0.005806965767236605,0.0046860225427973745,0.00561365519292556,0.004936134798181557,0.005488406939638146,0.0043428466535213595,0.005528680027643507
2025-12-15,-0.02539018899899448,-0.007909988793597722,-0.025333472729040185,-0.007975286094810241,-0.025135217207392202,-0.00835390609574782,-0.025390188998994367,-0.007909988793597389,-0.025333472729039963,-0.007975286094810352,-0.025135217207391758,-0.008353906095747932,-0.025390188998994034,-0.0079099887935975,-0.025333472729040407,-0.00797528609481013,-0.02513521720739198,-0.008353906095748154,-0.011683848797250818
2025-12-16,-0.025032498883705734,-0.0359402257681406,-0.024726246148970232,-0.03579753211960268,-0.024468432242090277,-0.03538818282004841,-0.025032498883705512,-0.03594022576814038,-0.024726246148970232,-0.03579753211960235,-0.024468432242089944,-0.03538818282004841,-0.02503249888370518,-0.03594022576813993,-0.024726246148970343,-0.035797532119601794,-0.024468432242090388,-0.03538818282004896,-0.009388038942976462
2025-12-17,-0.001903674822745005,0.004241057866696929,-0.001926639472321634,0.00466258560907562,-0.0018662790967777232,0.004210583756250719,-0.0019036748227451161,0.004241057866696707,-0.001926639472321634,0.00466258560907562,-0.0018662790967778342,0.004210583756250497,-0.0019036748227452271,0.004241057866696929,-0.001926639472321412,0.004662585609075176,-0.0018662790967780563,0.004210583756250719,-0.002808002808002641
2025-12-18,-0.002515726493175885,0.001257069131267663,-0.002552926993172,0.0012754938691250661,-0.0025166363489730337,0.001159570408902022,-0.002515726493175774,0.001257069131267663,-0.002552926993171889,0.0012754938691250661,-0.0025166363489730337,0.001159570408902466,-0.002515726493175663,0.001257069131267663,-0.002552926993171889,0.0012754938691255102,-0.0025166363489729227,0.001159570408902022,-0.002815909890883539
2025-12-19,0.02126148553864482,0.01503779187825316,0.023153202605272982,0.0293502196651092,0.023075049336675146,0.02938025492088281,0.020436829144779844,0.01318937216229843,0.02315320260527276,0.0293502196651092,0.023075049336675146,0.029380254920882365,0.019198295224585715,0.010423646546468213,0.023153202605273204,0.029350219665108535,0.02307504933667537,0.02938025492088281,0.009883515707730384
2025-12-22,0.008088153762786598,0.024177270013397534,0.0075892114224545,0.015367988563550261,0.020127010433055315,0.017746977925821916,0.008088153762786376,0.024177270013397978,0.00677140972298762,0.01354159916828035,0.020127010433055093,0.01774697792582236,0.008088153762786376,0.024177270013397756,0.005543551773024236,0.010804155351033629,0.020127010433055315,0.017746977925822582,0.015029709891646093
2025-12-23,0.005264534178917923,-0.002442996274443998,0.005197810345063614,-0.002338413667209882,0.005111046737520164,-0.008122937163964838,0.005264534178917701,-0.002442996274444331,0.005197810345063614,-0.002338413667209882,0.00426420079136558,-0.00988050138105001,0.005264534178917701,-0.002442996274444331,0.005197810345063614,-0.002338413667209993,0.0029939318721330377,-0.012515359466480414,0.005509641873278293
2025-12-24,-0.0006080109755590701,0.04320789952383297,-0.0005194533030059567,0.043639448928067814,-0.000549690972158734,0.04315013142296187,-0.0006080109755589591,0.04320789952383319,-0.0005194533030060677,0.04363944892806759,-0.000549690972158845,0.04315013142296187,-0.0006080109755588481,0.04320789952383319,-0.0005194533030060677,0.04363944892806915,-0.000549690972158845,0.04315013142296187,0.00205479452054802
2025-12-26,0.013303258773641247,0.012003531215748708,0.013293017786603523,0.011820276391459661,0.013453182709828315,0.011614268632349045,0.013303258773640803,0.01200353121574893,0.013293017786603523,0.011820276391459661,0.013453182709828537,0.011614268632349045,0.013303258773641247,0.01200353121574893,0.013293017786603967,0.011820276391459661,0.013453182709828315,0.011614268632348823,0.008544087491455965
2025-12-29,0.007123574592148296,-0.002686638727687818,0.006932935300436371,-0.00271183004521125,0.006808333136509859,-0.003120911696272599,0.007123574592148296,-0.002686638727687707,0.006932935300436371,-0.0027118300452108057,0.006808333136510081,-0.00312091169627271,0.007123574592148518,-0.002686638727687596,0.006932935300436371,-0.0027118300452110278,0.006808333136510081,-0.003120911696272599,0.01118264994916962
2025-12-30,-0.002835160193711106,0.025362195270737686,-0.002750175611745398,0.026333347045891076,-0.002783256182474214,0.026532175104537536,-0.002835160193710995,0.025362195270737686,-0.002750175611745398,0.02633334704589063,-0.002783256182474325,0.02653217510453776,-0.002835160193711328,0.025362195270737464,-0.002750175611745398,0.026333347045891742,-0.002783256182474325,0.026532175104537314,-0.00033512064343155235
2025-12-31,0.007364792925552921,0.009738813460168583,0.007433613898703451,0.009464635214354145,0.007626689215107119,0.008929361672988856,0.007364792925552477,0.009738813460168583,0.007433613898703451,0.009464635214354589,0.007626689215107341,0.008929361672989078,0.007364792925552921,0.009738813460168583,0.007433613898703451,0.009464635214354367,0.007626689215107119,0.008929361672989078,0.006369426751592355
2026-01-02,0.0023623620157062764,0.0019502173405880896,0.0027916485769725607,0.003131666979761638,0.0028449688661891237,0.0036507010567947695,0.0023623620157064984,0.0019502173405880896,0.0027916485769725607,0.003131666979761638,0.0028449688661889017,0.0036507010567947695,0.0023623620157064984,0.0019502173405880896,0.0027916485769725607,0.00313166697976186,0.0028449688661889017,0.0036507010567949916,0.018987341772151778
2026-01-05,0.016736408512536327,-0.0046908220983143956,0.016962826449314017,-0.004259040948223047,0.017156601437409602,-0.0044890925694248685,0.016736408512535883,-0.0046908220983141735,0.016962826449314017,-0.004259040948223158,0.017156601437410046,-0.0044890925694249795,0.016736408512536105,-0.0046908220983141735,0.01696282644931424,-0.00425904094822338,0.017156601437409602,-0.0044890925694250905,0.037267080745341685
2026-01-06,0.02792447023756206,0.05348981000609454,0.02805911148756901,0.05354710081576508,0.028268517555858796,0.05328509316491559,0.027924470237561394,0.05348981000609454,0.02805911148756879,0.05354710081576486,0.02826851755585924,0.05328509316491603,0.02792447023756206,0.053489810006094096,0.02805911148756901,0.05354710081576619,0.02826851755585902,0.05328509316491581,0.011660888748818099
2026-01-07,0.01708598464478195,0.021977242918709283,0.017159354863333753,0.02198888944998134,0.016991193279030314,0.022227905154950545,0.017085984644781282,0.02197724291870906,0.01715935486333353,0.021988889449981563,0.01699119327903076,0.022227905154950767,0.01708598464478195,0.021977242918709283,0.017159354863333975,0.021988889449982008,0.016991193279030314,0.022227905154950545,-0.009345794392523366
2026-01-08,0.001128277637221231,0.0027131782424261175,0.00114989021566414,0.0032018246157317076,0.0010350417039552973,0.0030367311466157343,0.0011282776372214531,0.0027131782424263395,0.00114989021566414,0.0032018246157319297,0.0010350417039550752,0.00303673114661529,0.0011282776372214531,0.0027131782424263395,0.001149890215664362,0.0032018246157317076,0.0010350417039552973,0.0030367311466155122,0.0034591194968554007
2026-01-09,-0.014190003700223275,-0.033449175258209674,-0.01414093268731098,-0.0338646490589849,-0.014309336110013726,-0.03408479229418959,-0.014190003700223053,-0.033449175258209896,-0.014140932687310759,-0.03386464905898523,-0.014309336110013837,-0.03408479229418959,-0.014190003700223164,-0.033449175258209785,-0.01414093268731098,-0.03386464905898556,-0.014309336110013726,-0.03408479229418959,-0.0025070510811657787
2026-01-12,0.01869465544218385,0.043440571540776185,0.018728106595285565,0.04337628735364407,0.018794731810140686,0.04290704131162326,0.018694655442183628,0.043440571540776185,0.018728106595285565,0.04337628735364407,0.01879473181014113,0.04290704131162326,0.01869465544218385,0.043440571540776185,0.018728106595285787,0.04337628735364518,0.018794731810140686,0.04290704131162304,0.006283380458686816
2026-01-13,0.0028618183035957756,-0.01336781337150117,0.0030213183820675393,-0.013854815787215147,0.002894428780141567,-0.013677668103439178,0.0028618183035957756,-0.013367813371500947,0.0030213183820673173,-0.013854815787215147,0.002894428780141789,-0.013677668103439178,0.0028618183035957756,-0.01336781337150128,0.0030213183820675393,-0.013854815787215369,0.002894428780141789,-0.013677668103438956,0.004370902279113187
2026-01-14,0.011521940263505392,0.01869021705431395,0.01115205083835602,0.018398894036046665,0.011148643903188038,0.01856890358841712,0.011521940263504948,0.01869021705431395,0.01115205083835602,0.018398894036046665,0.01114864390318826,0.01856890358841712,0.01152194026350517,0.01869021705431395,0.01115205083835602,0.018398894036046887,0.011148643903188038,0.018568903588416896,0.003730183400683762
2026-01-15,0.010199422767521504,-0.002997216863793173,0.010131505800620833,-0.0030291529228336778,0.010394808036839231,-0.0031764988608165012,0.010199422767521282,-0.002997216863793284,0.010131505800621055,-0.0030291529228333447,0.010394808036839454,-0.003176498860816279,0.010199422767521726,-0.002997216863793173,0.010131505800621055,-0.0030291529228334557,0.010394808036839231,-0.003176498860816279,-0.003096934035305088
2026-01-16,0.01587145310484983,0.03165923194507103,0.0159027994898282,0.031713974153734004,0.015797505216675223,0.031892783899099,0.01587145310484961,0.031659231945071475,0.01590279948982798,0.03171397415373356,0.015797505216675445,0.031892783899098776,0.015871453104850053,0.03165923194507125,0.015902799489828423,0.031713974153734226,0.015797505216675,0.031892783899098553,0.020192606399503044
2026-01-19,0.007332887527925269,0.03210811609437991,0.007529550371546678,0.03275755529334434,0.007991161671245806,0.0333769148436347,0.007332887527925269,0.03210811609437991,0.007529550371546678,0.03275755529334434,0.007991161671245584,0.03337691484363492,0.007332887527925269,0.032108116094380135,0.007529550371546678,0.03275755529334501,0.007991161671246028,0.0333769148436347,0.007917174177831887
2026-01-20,0.011389770355716866,-0.008432883980993178,0.007301500496821989,0.00017961930858900743,0.007076832422961532,0.00013407728998093837,0.010709950409258928,-0.009666626468858075,0.007301500496821989,0.00017961930858900743,0.007076832422961754,0.00013407728998093837,0.009688943272737394,-0.011514931550791085,0.007301500496821989,0.00017961930858922948,0.007076832422961532,0.00013407728998093837,0.0
2026-01-21,-0.016559787642696167,-0.03561441730631443,-0.01942242960382634,-0.03994614009685282,-0.019688745814483877,-0.039907075284531746,-0.016559787642696278,-0.03561441730631487,-0.020097364668550277,-0.041185749087446766,-0.01968874581448421,-0.03990707528453186,-0.016559787642696056,-0.03561441730631443,-0.021111035304960946,-0.043042842945737125,-0.019688745814483766,-0.039907075284531524,-0.008459214501510659
2026-01-22,0.02051694871461085,0.03698643058252937,0.020562885010067422,0.0367832784541442,0.010729659054496299,0.03952611136469453,0.020516948714610628,0.03698643058252982,0.020562885010067866,0.03678327845414353,0.010031931126892824,0.038158701430801134,0.020516948714610406,0.03698643058252937,0.020562885010067422,0.03678327845414353,0.008984028373900665,0.03611014530603418,0.010664229128580116
2026-01-23,0.021694822075316145,0.0007923937761857847,0.021610904932595876,0.001111200599330342,0.021496775420255743,0.0012475740858273188,0.021694822075316367,0.0007923937761857847,0.021610904932595654,0.001111200599330342,0.021496775420255965,0.0012475740858275408,0.0216948220753157,0.0007923937761857847,0.02161090493259521,0.001111200599330342,0.021496775420255743,0.0012475740858275408,0.007838408200181002
2026-01-26,-0.0032980412867130715,0.022147501799978153,-0.003151243576102525,0.021427005237139474,-0.003098571718391452,0.021617701384678778,-0.0032980412867130715,0.022147501799978597,-0.003151243576102525,0.021427005237138808,-0.003098571718391674,0.021617701384678778,-0.0032980412867127384,0.022147501799978375,-0.0031512435761021917,0.021427005237138808,-0.003098571718391785,0.021617701384678556,0.0008973975471133766
2026-01-27,0.010660139407485447,0.0229286623621634,0.010294638490366603,0.023225660494914147,0.009932588665613196,0.02333558736336605,0.010660139407485447,0.0229286623621634,0.01029463849036727,0.023225660494913924,0.00993258866561364,0.02333558736336583,0.010660139407485447,0.022928662362162955,0.010294638490366381,0.023225660494914147,0.009932588665613418,0.023335587363366272,0.010161386730424216
2026-01-28,0.01795728718275469,0.04790936615459507,0.01790160047572753,0.04693154349062212,0.01770895439366904,0.04730516238042726,0.01795728718275469,0.04790936615459551,0.017901600475727752,0.046931543490620786,0.01770895439366882,0.04730516238042659,0.017957287182754245,0.04790936615459529,0.01790160047572753,0.04693154349062123,0.01770895439366882,0.04730516238042681,0.01597633136094667
2026-01-29,-0.01144105074632773,0.005006427166408978,-0.011108390821515268,0.004624392980200787,-0.01077518726841753,0.0045712404202751244,-0.011441050746327619,0.0050064271664092,-0.01110839082151538,0.004624392980201009,-0.01077518726841753,0.0045712404202751244,-0.011441050746327508,0.0050064271664092,-0.011108390821515157,0.004624392980200787,-0.01077518726841753,0.0045712404202751244,-0.005532906231799584
2026-01-30,-0.012028103176072391,0.022887584705765907,-0.012582885839335867,0.022210132425285467,-0.013414881420986013,0.022329560453065778,-0.012028103176072502,0.022887584705765907,-0.01258288583933631,0.0222101324252848,-0.013414881420986013,0.022329560453065556,-0.01202810317607228,0.022887584705765684,-0.012582885839335978,0.0222101324252848,-0.013414881420985902,0.022329560453065778,-0.015812591508052587
2026-02-02,-0.009319104747795404,-0.06076719147117948,-0.009188938788699863,-0.05961898644630159,-0.008977629225882744,-0.05948466971941946,-0.009319104747795293,-0.060767191471179816,-0.009188938788699641,-0.05961898644630026,-0.008977629225882855,-0.059484669719419014,-0.009319104747795293,-0.06076719147117948,-0.009188938788699641,-0.05961898644630059,-0.008977629225882522,-0.05948466971941946,-0.016066646831300324
2026-02-03,0.046129258632414016,0.007141550616761361,0.045945387513521174,0.00895782219238761,0.04583886320750352,0.008957278708619842,0.04612925863241424,0.007141550616761361,0.045945387513521396,0.008957822192387388,0.045838863207503744,0.008957278708619842,0.04612925863241335,0.007141550616761583,0.04594538751352051,0.00895782219238761,0.04583886320750308,0.008957278708620064,0.020864832174176007
2026-02-04,0.002190036280096619,0.033163868119286954,0.0022226020058508933,0.033208982132924225,0.0021107535185518334,0.033353120503070155,0.002190036280096619,0.033163868119287176,0.0022226020058511153,0.03320898213292378,0.0021107535185516113,0.03335312050306993,0.002190036280096619,0.03316386811928651,0.0022226020058511153,0.03320898213292378,0.0021107535185520554,0.03335312050306993,0.0002962085308055862
2026-02-05,-0.04666163514772892,-0.02319096990132341,-0.04653900865165639,-0.022515585611244893,-0.046473148933085295,-0.023042599157498844,-0.04666163514772903,-0.02319096990132352,-0.04653900865165672,-0.02251558561124478,-0.04647314893308496,-0.023042599157498733,-0.046661635147728364,-0.02319096990132319,-0.04653900865165583,-0.02251558561124467,-0.04647314893308485,-0.023042599157498622,-0.013621557595498879
2026-02-06,0.0016555919922052187,-0.05551903527248814,0.0021221591153355313,-0.05558805562266933,0.0027476221263904588,-0.055211955663464485,0.0016555919922049966,-0.055519035272488915,0.002122159115335309,-0.055588055622668,0.0027476221263904588,-0.05521195566346371,0.0016555919922052187,-0.05551903527248847,0.0021221591153355313,-0.05558805562266844,0.0027476221263904588,-0.05521195566346471,-0.0003002101471030194
2026-02-09,0.04506017319246314,0.05280848888984413,0.04510295873326564,0.052531393388626,0.04539733035646898,0.05289203161969058,0.04506017319246358,0.052808488889844796,0.04510295873326631,0.05253139338862467,0.0453973303564692,0.052892031619689917,0.045060173192462694,0.05280848888984435,0.045102958733264975,0.05253139338862489,0.045397330356468535,0.052892031619690805,0.028528528528528607
2026-02-10,0.026183878480351197,0.01493190720080273,0.025931477117306256,0.016245867934186586,0.0257081358128064,0.016366541977097526,0.026183878480351197,0.01493190720080273,0.0259314771173067,0.016245867934186364,0.025708135812805955,0.016366541977097304,0.02618387848035053,0.01493190720080273,0.025931477117306256,0.016245867934186364,0.025708135812806177,0.016366541977097304,0.020729927007299365
2026-02-11,0.018527511464228708,0.0001407929899572835,0.018746189708690908,-0.00015230137482924455,0.018965360532488873,-0.00023242766408326787,0.01852751146422893,0.0001407929899572835,0.018746189708691352,-0.00015230137482957762,0.018965360532489095,-0.0002324276640829348,0.018527511464228485,0.0001407929899572835,0.018746189708690686,-0.00015230137482913353,0.018965360532488873,-0.00023242766408315685,0.022025171624713957
2026-02-23,0.013079655443870353,0.020414716520065435,0.012270949619293647,0.019295325300401123,0.011838904424027685,0.01945061467425302,0.01307965544387013,0.020414716520065657,0.012270949619293647,0.01929532530040068,0.011838904424027907,0.019450614674252797,0.01307965544387013,0.020414716520065435,0.01227094961929387,0.0192953253004009,0.011838904424027907,0.01945061467425302,0.0022390148334732185
2026-02-24,0.05731578108330493,0.03813644602998445,0.057045671479903914,0.037542098411915914,0.05669344895326178,0.03751335124310251,0.05731578108330515,0.03813644602998445,0.0570456714799048,0.037542098411915026,0.05669344895326178,0.03751335124310229,0.05731578108330426,0.03813644602998445,0.05704567147990347,0.03754209841191525,0.05669344895326134,0.03751335124310273,0.02764590896397645
2026-02-25,0.0354848946470081,-0.012397992141650938,0.03558193829540568,-0.011442853522046548,0.03555055783222283,-0.011441060397364922,0.03548489464700855,-0.012397992141650827,0.035581938295406124,-0.011442853522046326,0.03555055783222283,-0.01144106039736481,0.03548489464700788,-0.012397992141650938,0.035581938295405235,-0.011442853522046659,0.03555055783222261,-0.011441060397365144,0.020380434782608647
2026-02-26,0.024620877110491657,-0.004777085986133023,0.024280462559658655,0.0026695428812195665,0.024111031052465037,0.002546656768737332,0.024426495996564768,-0.006413488318321892,0.024280462559658877,0.0026695428812197886,0.024111031052464815,0.00254665676873711,0.02413492432567499,-0.008858941952670008,0.024280462559658655,0.0026695428812197886,0.024111031052464593,0.002546656768737554,0.0013315579227697327
2026-03-02,-0.002314032231960028,0.02860026054074205,-0.0024196520833712487,0.02879882134506051,0.0002102067863729573,0.02566725438472295,-0.002314032231960139,0.028600260540741607,-0.0026308727078573346,0.027045967845869878,0.00021020678637317936,0.025667254384722726,-0.002314032231960028,0.028600260540741607,-0.002947308396411219,0.024426488592047324,0.00021020678637317936,0.025667254384722726,-0.008776595744680926
2026-03-03,-0.03220463839574084,-0.0670556354299583,-0.031876315435332536,-0.06694909223704848,-0.031187716999890314,-0.07339461232656475,-0.032204638395740726,-0.06705563542995785,-0.03187631543533287,-0.06694909223704792,-0.03141893595958456,-0.07496262358977357,-0.03220463839574084,-0.06705563542995774,-0.03187631543533298,-0.06694909223704781,-0.03176533172891638,-0.07730587302597858,-0.02119667292728733
2026-03-04,-0.06455288265337578,-0.07561274587052524,-0.06491905195785397,-0.07558902914826271,-0.06534395390256476,-0.07498758421306506,-0.06455288265337611,-0.07561274587052502,-0.06491905195785486,-0.07558902914826171,-0.06534395390256553,-0.07498758421306628,-0.06455288265337655,-0.07561274587052458,-0.06491905195785441,-0.07558902914826193,-0.06534395390256564,-0.07498758421306517,-0.04029605263157887
2026-03-05,0.05282794628718346,0.052343815377753344,0.05319899019852681,0.052733603364295334,0.05308780180831407,0.054293641312765706,0.0528279462871839,0.0523438153777529,0.053198990198527474,0.05273360336429467,0.05308780180831474,0.054293641312766594,0.052827946287184124,0.0523438153777529,0.05319899019852703,0.052733603364294446,0.05308780180831496,0.054293641312765706,0.024564410168523176
2026-03-06,-0.005113081921016005,-0.024142183992403643,-0.0050543434299592516,-0.024001286999878024,-0.00499691765179433,-0.023956118102892776,-0.005113081921015894,-0.02414218399240342,-0.005054343429959474,-0.02400128699987758,-0.004996917651794441,-0.023956118102893442,-0.005113081921015894,-0.02414218399240331,-0.0050543434299592516,-0.024001286999877247,-0.004996917651794441,-0.023956118102892776,-0.006412043490381936
2026-03-09,-0.08035802221068922,-0.07259416816576203,-0.07989481845808677,-0.07296259382970349,-0.07967013865763095,-0.07383695863812845,-0.08035802221068944,-0.07259416816576181,-0.07989481845808799,-0.07296259382970283,-0.07967013865763195,-0.07383695863813,-0.08035802221069,-0.07259416816576125,-0.07989481845808732,-0.07296259382970316,-0.07967013865763195,-0.07383695863812845,-0.043490460157126876
2026-03-10,0.04802570528729588,0.05069723995259201,0.04781635378772564,0.05082111637304543,0.04742913445302266,0.05115329387553125,0.04802570528729588,0.050697239952591566,0.04781635378772631,0.05082111637304498,0.047429134453023325,0.05115329387553236,0.04802570528729588,0.050697239952591344,0.04781635378772586,0.050821116373045205,0.047429134453023325,0.051153293875531025,0.020827222059254913
2026-03-11,0.0667301873316195,0.08462450965067525,0.06574928032643923,0.08461026920780013,0.06527688730620396,0.08462604954830866,0.0667301873316195,0.08462450965067503,0.06574928032644056,0.08461026920779902,0.06527688730620507,0.08462604954831066,0.06673018733162017,0.08462450965067458,0.0657492803264399,0.08461026920779924,0.06527688730620484,0.08462604954830888,0.04137931034482745
2026-03-12,-0.010825788629253541,-0.016711194151421305,-0.011361238348891578,-0.016306578370052893,-0.011828043330237792,-0.016005171597290868,-0.01082578862925343,-0.01671119415142086,-0.011361238348892022,-0.01630657837005256,-0.011828043330237903,-0.0160051715972912,-0.010825788629253763,-0.016711194151421083,-0.0113612383488918,-0.016306578370052782,-0.011828043330237903,-0.016005171597290868,-0.018487858719646755
2026-03-13,0.011514983817905389,0.004306629671483098,0.01145168820233522,0.003954702806284072,0.011551515896479847,0.0036901429337568015,0.01151498381790561,0.0043066296714826535,0.011451688202335442,0.003954702806284072,0.011551515896479847,0.0036901429337568015,0.01151498381790561,0.0043066296714828756,0.011451688202335442,0.003954702806284072,0.011551515896479847,0.0036901429337565794,-0.008996345234748349
2026-03-16,0.0025189653405763845,0.05258738683435871,0.002939430341133864,0.051982441025668624,0.0035626533423518403,0.05177377481677037,0.0025189653405761625,0.05258738683435871,0.002939430341134086,0.05198244102566796,0.0035626533423518403,0.05177377481677148,0.0025189653405761625,0.052587386834358485,0.002939430341134086,0.05198244102566818,0.0035626533423516182,0.05177377481677059,-0.004255319148936176
2026-03-17,0.011117359095243362,0.047627947860011455,0.010855755100127373,0.04749234783721157,0.010566870954574537,0.047151464020331435,0.011117359095243362,0.04762794786001123,0.010855755100127151,0.047492347837211346,0.010566870954574759,0.04715146402033232,0.011117359095243584,0.04762794786001101,0.010855755100127151,0.04749234783721157,0.01056687095457498,0.047151464020331435,0.012820512820512775
2026-03-18,0.04611500867373142,0.048398448785584414,0.04605637856736511,0.04763041709793692,0.04628454881660016,0.04584087566953121,0.04611500867373186,0.048398448785584414,0.04605637856736622,0.04763041709793625,0.04628454881660082,0.0458408756695321,0.04611500867373186,0.04839844878558419,0.046056378567365774,0.04763041709793625,0.0462845488166006,0.04584087566953121,0.015471167369901506
2026-03-19,0.009123163708288029,0.012675339307191003,0.007860864512274857,0.012056763823910632,0.007442988751568569,0.01070172807686287,0.009123163708288029,0.01267533930719078,0.007860864512274635,0.01205676382391041,0.007442988751568569,0.010701728076863093,0.009123163708288251,0.01267533930719078,0.007860864512274857,0.012056763823910854,0.007442988751568791,0.010701728076863093,-0.02160664819944602
2026-03-20,-0.010880350121668436,-0.031280244490439535,-0.011272746501092668,-0.03110594556688151,-0.011447278561765306,-0.030982789874279493,-0.010880350121668436,-0.031280244490439535,-0.01127274650109289,-0.031105945566881177,-0.011447278561765528,-0.03098278987428016,-0.010880350121668658,-0.031280244490439424,-0.011272746501092668,-0.0311059455668814,-0.011447278561765417,-0.030982789874279826,-0.0022650056625141968
2026-03-23,-0.042327240730781646,-0.06990679715592585,-0.04228906299455615,-0.06974924087819645,-0.0422736728511125,-0.06898730904820327,-0.04232724073078176,-0.06990679715592563,-0.04228906299455659,-0.06974924087819578,-0.04227367285111283,-0.0689873090482046,-0.0423272407307822,-0.06990679715592518,-0.04228906299455659,-0.06974924087819578,-0.042273672851113275,-0.06898730904820338,-0.022417707150964694
2026-03-24,-0.025715026421616383,-0.06143487088848898,-0.025113688469473372,-0.061468721621998346,-0.025074081353534172,-0.062093846779763706,-0.025715026421616716,-0.06143487088848898,-0.025113688469474038,-0.06146872162199757,-0.025074081353534283,-0.06209384677976493,-0.025715026421616383,-0.061434870888488535,-0.025113688469473927,-0.06146872162199768,-0.025074081353534172,-0.06209384677976382,0.002902757619738683
2026-03-25,0.06384806157225742,0.03479608077683771,0.0639132951896102,0.0345717748290757,0.06302190753876524,0.03357482651528598,0.06384806157225764,0.03479608077683749,0.06391329518961131,0.03457177482907525,0.06302190753876591,0.03357482651528665,0.06384806157225786,0.03479608077683727,0.06391329518961131,0.03457177482907503,0.06302190753876591,0.03357482651528598,0.021997105643994264
2026-03-26,0.015394628686061118,-0.050857698566700416,0.01472207740460929,-0.05054333114240983,0.014458694411638495,-0.05003483105529127,0.015394628686061562,-0.050857698566700194,0.014722077404609735,-0.050543331142409054,0.014458694411638717,-0.05003483105529216,0.01539462868606134,-0.05085769856669975,0.01472207740460929,-0.050543331142409276,0.014458694411638495,-0.05003483105529127,-0.0022656471254602906
2026-03-27,-0.017899494457610188,-0.01610995819621408,-0.0157592605035608,-0.007465173460010854,-0.015725449597457253,-0.00822267542354116,-0.018353166806342913,-0.017050944364445098,-0.015759260503561134,-0.007465173460010854,-0.015725449597457364,-0.008222675423541603,-0.019034101073011178,-0.018459785009017682,-0.015759260503561023,-0.007465173460010854,-0.015725449597457364,-0.008222675423541381,-0.00965086573942675
2026-03-30,-0.002504243842828102,0.0042255863697882035,-0.0060683186511664156,-0.0008317642176361995,-0.007497080383716881,0.005499441388544302,-0.002504243842828102,0.0042255863697884255,-0.006512666340058759,-0.0018029772005887512,-0.007497080383717214,0.005499441388544524,-0.0025042438428282132,0.0042255863697882035,-0.007179604866348055,-0.003257073308601588,-0.007497080383717214,0.005499441388544302,-0.017770134709085617
2026-03-31,-0.07161742752247502,-0.07555082378976297,-0.0715194808501457,-0.07524194327274114,-0.0720584065431451,-0.0822404552878695,-0.07161742752247446,-0.07555082378976419,-0.07151948085014592,-0.07524194327273992,-0.07242454755231209,-0.083092313186661,-0.0716174275224748,-0.07555082378976408,-0.0715194808501457,-0.07524194327274047,-0.07297410266686,-0.08436930221588501,-0.018967026553837196
2026-04-01,0.07541122449565885,0.07341006840564535,0.07533335842689737,0.07254583261625513,0.07557175118428705,0.07224768832422823,0.0754112244956584,0.07341006840564646,0.07533335842689737,0.07254583261625425,0.0755717511842866,0.07224768832422779,0.07541122449565862,0.07341006840564646,0.07533335842689715,0.07254583261625447,0.07557175118428772,0.07224768832422823,0.042831647828673436
2026-04-02,-0.00996206585793713,-0.010680009929637801,-0.010262198873056905,-0.011583379082016787,-0.010071289771512282,-0.01134140096236258,-0.009962065857937241,-0.010680009929638246,-0.010262198873056683,-0.011583379082016787,-0.01007128977151206,-0.011341400962362691,-0.00996206585793713,-0.010680009929638135,-0.010262198873056794,-0.011583379082016676,-0.010071289771512393,-0.01134140096236258,-0.02110667427267554
2026-04-07,0.019098670923442196,0.03609084283124986,0.018685070982434437,0.03546723106689531,0.018450154406335573,0.03542652466008378,0.019098670923442418,0.03609084283125075,0.018685070982433993,0.035467231066894866,0.01845015440633535,0.03542652466008378,0.019098670923442418,0.03609084283125075,0.018685070982434215,0.035467231066894866,0.018450154406335795,0.035426524660084,0.018648018648018683
2026-04-08,0.07060719268823878,0.061641703690558325,0.07056264948468405,0.06171497288557326,0.07069466238471733,0.0617971532861461,0.0706071926882379,0.06164170369055921,0.07056264948468427,0.06171497288557237,0.07069466238471689,0.061797153286145656,0.07060719268823812,0.06164170369055899,0.07056264948468427,0.06171497288557304,0.07069466238471778,0.0617971532861461,0.05034324942791746
2026-04-09,0.018295585528595115,-0.023726606770726688,0.018372182974146778,-0.025282555219340752,0.018680370915083566,-0.025601948934486196,0.018295585528595115,-0.02372660677072702,0.018372182974146778,-0.025282555219340308,0.018680370915083566,-0.025601948934486085,0.018295585528595337,-0.02372660677072691,0.018372182974146778,-0.02528255521934064,0.018680370915083788,-0.025601948934486196,0.0019063180827887383
2026-04-10,0.005955616402427921,0.039441094144911926,0.0058340836505117455,0.03895137946041327,0.0065655000847093525,0.03926012174065252,0.005955616402428143,0.03944109414491237,0.0058340836505117455,0.03895137946041283,0.0065655000847093525,0.03926012174065252,0.005955616402428143,0.03944109414491237,0.0058340836505117455,0.03895137946041305,0.006565500084709575,0.03926012174065274,0.018211470508290528
2026-04-13,0.018672004083655214,0.004589920534627812,0.018829049217887528,0.005108565915687091,0.018451465810058743,0.005317677619206762,0.018672004083654548,0.004589920534628034,0.01882904921788775,0.005108565915686869,0.01845146581005852,0.005317677619206762,0.01867200408365477,0.004589920534628034,0.01882904921788775,0.005108565915686869,0.01845146581005852,0.005317677619206984,-0.0018686599038976182
2026-04-14,0.01980791853537278,0.001444478242490277,0.020626030465395795,0.0014243301913228201,0.020914188731386618,0.001121179046698506,0.019807918535373004,0.0014444782424900549,0.020626030465395795,0.001424330191322376,0.020914188731386396,0.0011211790466987281,0.01980791853537256,0.001444478242490277,0.020626030465395795,0.001424330191322598,0.02091418873138684,0.001121179046698506,0.02728002139609531
2026-04-15,0.030248449054929738,-0.01503841445525278,0.02992204508836327,-0.01600591670039264,0.03010378114536838,-0.016296984884055732,0.030248449054929516,-0.015038414455252891,0.02992204508836327,-0.016005916700392087,0.03010378114536838,-0.01629698488405562,0.03024844905492996,-0.015038414455252891,0.02992204508836349,-0.01600591670039242,0.03010378114536838,-0.01629698488405562,0.015620932048945546
2026-04-16,0.03318541612027115,-0.005255387359388686,0.03344899096521803,-0.004870430150912486,0.03399298541074147,-0.00470775368475973,0.03318541612027093,-0.005255387359388575,0.03344899096521803,-0.004870430150912486,0.03399298541074125,-0.004707753684759841,0.03318541612027115,-0.005255387359388908,0.03344899096521803,-0.004870430150912375,0.033992985410741916,-0.004707753684759841,0.008972058446552245
2026-04-17,0.0031854122314722844,-0.004377685850753932,0.002797347401630512,-0.004453381276351198,0.0028220549782285165,-0.004272971096802247,0.0031854122314722844,-0.004377685850754154,0.002797347401630512,-0.004453381276351198,0.0028220549782285165,-0.004272971096802247,0.0031854122314720623,-0.004377685850753821,0.00279734740163029,-0.004453381276351309,0.0028220549782282944,-0.004272971096802358,-0.009908536585365946
2026-04-20,0.010452684216014418,0.013437021480192657,0.010896219800114126,0.012624758842815442,0.01204703900547166,0.012768344897645889,0.010452684216014196,0.013437021480193101,0.010896219800114126,0.012624758842815442,0.012047039005471882,0.012768344897646111,0.010452684216014196,0.013437021480192879,0.010896219800114348,0.012624758842815442,0.012047039005471882,0.012768344897646111,0.005901975878881194
2026-04-21,0.032741679504975085,0.06042431223494904,0.032760502742906095,0.06003859409951495,0.03301707467466608,0.059685482740467366,0.03274167950497486,0.06042431223494993,0.03276050274290632,0.060038594099514064,0.03301707467466608,0.05968548274046692,0.032741679504975085,0.06042431223495015,0.03276050274290587,0.06003859409951451,0.0330170746746663,0.059685482740467366,0.01811224489795915
2026-04-22,0.0048425729098171555,0.020351290788620968,0.004896788639943361,0.02014109985817325,0.004710441365489482,0.020196765519848725,0.0048425729098171555,0.02035129078862119,0.004896788639943361,0.020141099858173472,0.004710441365489482,0.020196765519848725,0.0048425729098171555,0.020351290788620968,0.0048967886399440275,0.020141099858173472,0.004710441365489482,0.020196765519848947,0.002004510147832539
2026-04-23,-0.007316960658224736,-0.04193498568040743,-0.007080967819025008,-0.04202427324577118,-0.0061293170900379446,-0.04166896002945841,-0.007316960658224625,-0.04193498568040788,-0.007080967819024897,-0.04202427324577096,-0.006129317090038056,-0.0416689600294583,-0.007316960658224625,-0.041934985680407766,-0.007080967819025119,-0.04202427324577096,-0.0061293170900379446,-0.041668960029458635,0.0007501875468867159
2026-04-24,0.0411656311899431,-0.020652447858939937,0.04120357180942702,-0.019943808405875396,0.04163185679895243,-0.019848916360969082,0.041165631189942875,-0.02065244785894027,0.0412035718094268,-0.019943808405874952,0.04163185679895243,-0.019848916360969082,0.041165631189942875,-0.02065244785894038,0.0412035718094268,-0.019943808405875063,0.04163185679895243,-0.01984891636096897,0.04422788605697159
2026-04-27,0.006520919254048518,0.02822101231881824,0.005963176681174964,0.028900675862271408,0.00568713749167471,0.028758484150480657,0.006520919254048296,0.028221012318818683,0.005963176681174964,0.02890067586227074,0.005687137491674932,0.02875848415048088,0.006520919254048518,0.028221012318818905,0.005963176681175186,0.02890067586227074,0.005687137491674932,0.02875848415048088,0.031107920555156765
2026-04-28,0.021839196055851495,0.02538056386498866,0.02107328737364167,0.0444837049050244,0.021264886177628783,0.044071418720254885,0.0211682749220663,0.023024436921387226,0.02107328737364189,0.04448370490502396,0.02126488617762856,0.04407141872025444,0.020161263603207802,0.019494655426163687,0.02107328737364167,0.04448370490502396,0.021264886177629005,0.04407141872025466,-0.010675330703179275
2026-04-29,-0.00405407486934406,0.001966229858884949,0.0001983672975667261,0.006464404446605787,-0.009271115503426852,0.004082592456579048,-0.004054074869343949,0.001966229858885171,-0.000455296310124198,0.004154151115554949,-0.009271115503426852,0.004082592456579048,-0.004054074869343838,0.001966229858885171,-0.0014364051447149917,0.0006930941978162686,-0.009271115503426963,0.004082592456579048,-0.012667135819845243
2026-04-30,0.01430152395084927,0.028873934374561427,0.014895756072363264,0.030684641838836457,0.015472110602297473,0.02414915571586196,0.014301523950849049,0.02887393437456165,0.014895756072363042,0.030684641838836235,0.014778843385438334,0.0217883467960045,0.014301523950848827,0.02887393437456076,0.014895756072363264,0.030684641838836013,0.013739591848876964,0.0182515510975807,-0.003326205749584199
2026-05-04,0.044935680628941155,0.01817968905848444,0.04455495419080391,0.01877333392405789,0.045078690861433124,0.018501319874788758,0.04493568062894093,0.01817968905848444,0.044554954190803686,0.01877333392405789,0.04507869086143401,0.018501319874788758,0.04493568062894027,0.018179689058484216,0.04455495419080413,0.018773333924057445,0.04507869086143379,0.01850131987478898,0.045053635280095206
2026-05-05,-0.0015459161462360038,0.01927843212334346,-0.0022114138213387147,0.018788602123169795,-0.0019167619720747986,0.01803206854426631,-0.0015459161462360038,0.019278432123344125,-0.0022114138213387147,0.018788602123169795,-0.0019167619720749096,0.01803206854426609,-0.0015459161462362259,0.019278432123343237,-0.0022114138213389367,0.018788602123169573,-0.0019167619720750206,0.01803206854426631,0.0018248175182482562
2026-05-06,-0.010861553585229222,-0.012893581628387496,-0.011915663810991739,-0.013322545346749481,-0.011817183678466958,-0.014171091215680942,-0.010861553585229111,-0.01289358162838794,-0.011915663810991628,-0.01332254534674937,-0.01181718367846718,-0.014171091215680609,-0.01086155358522889,-0.012893581628387385,-0.011915663810991739,-0.01332254534674926,-0.01181718367846707,-0.014171091215681053,0.010928961748633892
2026-05-07,0.02640662480474587,0.00707810633305872,0.02613551321505292,0.007789392532798534,0.026263093694958828,0.007579770882981451,0.02640662480474565,0.007078106333059164,0.026135513215052475,0.007789392532798534,0.026263093694959494,0.007579770882981229,0.026406624804745427,0.00707810633305872,0.026135513215052697,0.0077893925327983116,0.026263093694959272,0.007579770882981451,0.021621621621621623
2026-05-08,-0.03825954440925472,-0.04025036404301241,-0.03843182666176337,-0.040680007661723416,-0.03857553337095587,-0.04130927808325224,-0.03825954440925439,-0.04025036404301319,-0.0384318266617627,-0.040680007661723416,-0.03857553337095665,-0.04130927808325169,-0.03825954440925372,-0.040250364043011966,-0.03843182666176315,-0.04068000766172275,-0.038575533370956316,-0.041309278083252576,-0.011022927689594342
2026-05-11,0.0495856257401972,0.0585218389287403,0.04939691727210849,0.05803140447085142,0.04974972269701983,0.05795945433079397,0.04958562574019698,0.05852183892874119,0.04939691727210738,0.05803140447085142,0.049749722697020715,0.057959454330793525,0.04958562574019587,0.05852183892873963,0.04939691727210804,0.058031404470850534,0.04974972269702049,0.05795945433079441,0.0006687472135531447
2026-05-12,-0.009140512280435886,0.007958839219464942,-0.008813958330552762,0.008846318714976542,-0.008714273000922201,0.008743532092094775,-0.009140512280435886,0.007958839219465164,-0.008813958330552651,0.008846318714976986,-0.008714273000922423,0.008743532092094553,-0.009140512280435553,0.007958839219464942,-0.008813958330552651,0.008846318714976542,-0.008714273000922312,0.00874353209209433,0.0004455335263979787
2026-05-13,-0.013453484415595351,-0.005500707402105065,-0.012798646044130169,-0.00606808703392081,-0.01298888742359905,-0.006207205529021986,-0.013453484415595351,-0.005500707402105065,-0.012798646044129947,-0.0060680870339211435,-0.012988887423599271,-0.006207205529021986,-0.01345348441559524,-0.005500707402105065,-0.012798646044130058,-0.006068087033920699,-0.01298888742359905,-0.006207205529021875,-0.014918726341572097
2026-05-14,0.00019011915182076677,0.01442963704784761,0.0002847582868557019,0.01377201780696291,0.0006600797959306348,0.013530943194916656,0.00019011915182054473,0.01442963704784761,0.00028475828685592397,0.013772017806963133,0.0006600797959306348,0.013530943194916434,0.00019011915182076677,0.014429637047847388,0.0002847582868557019,0.01377201780696291,0.0006600797959304128,0.013530943194916656,0.005877034358046984
2026-05-15,-0.03275750910113373,-0.06463586887465178,-0.033076727707200715,-0.06496100948116368,-0.03303622625787073,-0.06515370449779923,-0.032757509101133286,-0.06463586887465278,-0.03307672770720049,-0.0649610094811639,-0.033036226257871504,-0.06515370449779845,-0.03275750910113295,-0.06463586887465111,-0.03307672770720038,-0.0649610094811629,-0.03303622625787128,-0.065153704497799,-0.009438202247190941
2026-05-18,-0.020327253146577018,0.012910719357599243,-0.020217661483816207,0.012383916415590335,-0.02016499347818268,0.012348222035515777,-0.02032725314657713,0.012910719357599465,-0.020217661483815985,0.012383916415590113,-0.020164993478183013,0.012348222035515555,-0.020327253146576574,0.012910719357599021,-0.020217661483816096,0.012383916415590113,-0.020164993478182902,0.012348222035515555,-0.00453720508166966
2026-05-19,-0.03443301637956486,-0.0429565840799937,-0.033886949704221236,-0.04152079106631468,-0.03388999577137042,-0.04124149206821848,-0.03443301637956453,-0.04295658407999425,-0.03388694970422079,-0.04152079106631468,-0.03388999577137086,-0.041241492068218144,-0.034433016379563974,-0.04295658407999314,-0.033886949704221236,-0.04152079106631401,-0.03388999577137064,-0.0412414920682187,-0.017092069279854183
2026-05-20,0.0007506769459399987,-0.010391035402652293,0.0005566993549801502,-0.010014172424381518,0.0006016593096027645,-0.009608357369258358,0.0007506769459399987,-0.010391035402652515,0.0005566993549803723,-0.010014172424381407,0.0006016593096025424,-0.009608357369258247,0.0007506769459399987,-0.010391035402652293,0.0005566993549805943,-0.010014172424381296,0.0006016593096027645,-0.009608357369258247,-0.007187572455367497
2026-05-21,0.06656140246433484,0.04300646808954944,0.06669110232295772,0.04393552121382083,0.06652654960406812,0.04421867244105737,0.0665614024643344,0.04300646808955011,0.06669110232295683,0.04393552121382105,0.06652654960406945,0.04421867244105715,0.06656140246433306,0.04300646808954922,0.06669110232295727,0.04393552121381994,0.06652654960406879,0.044218672441057594,0.03479682391405903
2026-05-22,0.028478878867061574,0.04252191556979357,0.028961453103449886,0.04370942678967826,0.02883484291892424,0.0434677416403868,0.028478878867061574,0.042521915569794455,0.028961453103449664,0.04370942678967804,0.028834842918924464,0.04346774164038614,0.02847887886706091,0.04252191556979312,0.028961453103449664,0.043709426789677375,0.028834842918924686,0.0434677416403868,0.01579778830963674
2026-05-25,0.0377300176966453,0.021827815188322885,0.0374823118377996,0.023138339671772368,0.03714128140906059,0.022640549770504004,0.03773001769664508,0.021827815188322885,0.03748231183779893,0.023138339671772368,0.03714128140906192,0.02264054977050378,0.03773001769664441,0.02182781518832244,0.037482311837799154,0.023138339671772146,0.03714128140906103,0.022640549770504004,0.03599200177738271
2026-05-26,0.028237408396198482,0.03372814185985629,0.029147665302748926,0.03341163658294577,0.028852058258346247,0.034100269563292374,0.02823740839619826,0.03372814185985695,0.029147665302748704,0.03341163658294577,0.02885205825834647,0.03410026956329193,0.028237408396198038,0.033728141859856064,0.029147665302748704,0.033411636582945325,0.02885205825834647,0.034100269563292596,-0.0025734505683036035
2026-05-27,0.025977849225149896,0.012816461208486007,0.015122123823605671,-0.007638519310694258,0.014613677140973724,-0.007432050364605258,0.024824979246343304,0.011648937792093195,0.015122123823605671,-0.007638519310693925,0.014613677140974168,-0.007432050364605036,0.023094592380631163,0.00989765266750342,0.015122123823605671,-0.007638519310693925,0.014613677140973946,-0.007432050364605369,0.021715760051601807
2026-05-28,-0.03883491160863384,-0.04503682354076366,-0.03622204439812804,-0.04703582425216868,-0.050062693486204624,-0.04247739321495936,-0.038834911608633615,-0.04503682354076399,-0.03729866863610465,-0.04813260437710387,-0.05006269348620551,-0.042477393214959025,-0.038834911608633504,-0.04503682354076466,-0.03891259666617397,-0.04977777456450827,-0.05006269348620507,-0.04247739321495947,-0.018728956228956206
2026-05-29,0.0014010278714491342,0.009494214932546763,0.0014435225904814164,0.009488987258373882,-0.0023820386422401807,0.01571991639669057,0.0014010278714493563,0.009494214932546763,0.0014435225904816384,0.009488987258373882,-0.003480873155376707,0.014533183889082535,0.0014010278714493563,0.009494214932546763,0.0014435225904816384,0.009488987258373882,-0.0051301561136268825,0.012755305809758699,0.03474158267209959
2026-06-01,0.01571827071411147,0.010944537946890653,0.01563151722395828,0.011309405982282472,0.01594535559149346,0.011473145759512748,0.01571827071411125,0.010944537946890875,0.015631517223957836,0.01130940598228225,0.015945355591493682,0.011473145759512526,0.015718270714111027,0.010944537946890875,0.01563151722395828,0.011309405982282694,0.015945355591493682,0.01147314575951297,0.010984455958549244
2026-06-02,-0.03077671118540304,-0.04210626430544129,-0.03074420361663588,-0.04203526782062139,-0.0308177781925999,-0.04244313912444497,-0.030776711185402705,-0.042106264305442065,-0.030744203616635768,-0.042035267820620836,-0.03081777819260001,-0.04244313912444453,-0.030776711185402483,-0.042106264305442176,-0.0307442036166361,-0.042035267820621613,-0.030817778192600342,-0.042443139124445306,0.0026650266502665776
2026-06-03,0.0360643449507112,0.030265539789493534,0.03640143517317407,0.0310285827135377,0.03633975856775051,0.03127849543150241,0.03606434495071098,0.030265539789493978,0.03640143517317407,0.031028582713537256,0.03633975856775051,0.031278495431502185,0.036064344950710536,0.0302655397894942,0.03640143517317451,0.031028582713538144,0.03633975856775118,0.03127849543150241,0.01737885912901249
2026-06-04,-0.01954335278008157,-0.011835094837695626,-0.019704756002162704,-0.01281226140728875,-0.01984057796425942,-0.013010878343156174,-0.019543352780081458,-0.011835094837695737,-0.019704756002162704,-0.01281226140728875,-0.01984057796425942,-0.013010878343156063,-0.019543352780081125,-0.01183509483769607,-0.019704756002162926,-0.012812261407289194,-0.019840577964259754,-0.013010878343155952,-0.01145498392282962
2026-06-05,-0.02684363619106922,-0.014910634787281052,-0.02679314986158443,-0.014439413819666957,-0.02684274349907001,-0.014170207035216875,-0.02684363619106933,-0.014910634787281163,-0.02679314986158443,-0.014439413819666513,-0.02684274349907001,-0.014170207035216875,-0.02684363619106922,-0.014910634787281274,-0.026793149861584875,-0.014439413819666846,-0.026842743499070565,-0.014170207035217097,-0.01992274852612308
2026-06-08,-0.030563610850045442,-0.021407474721354625,-0.03051195264945028,-0.021903819120199897,-0.030410163771429577,-0.02209198298127102,-0.030563610850044998,-0.02140747472135518,-0.030511952649450058,-0.021903819120199897,-0.030410163771429688,-0.022091982981270908,-0.030563610850044776,-0.02140747472135529,-0.03051195264945039,-0.02190381912020012,-0.030410163771430132,-0.02209198298127113,-0.02986932171748602
2026-06-09,0.03310070766577744,0.03706379626306222,0.03272220528648173,0.03705243105085887,0.03295715179072456,0.03732645860546846,0.033100707665776996,0.03706379626306289,0.03272220528648173,0.037052431050858425,0.03295715179072434,0.03732645860546846,0.033100707665776996,0.03706379626306333,0.032722205286482176,0.03705243105085887,0.032957151790725,0.03732645860546868,0.02437459910198858
2026-06-10,-0.06117648431051825,-0.049582678259387336,-0.06102893466813808,-0.050023792123544686,-0.06118644912782034,-0.05055448514640748,-0.0611764843105177,-0.049582678259388,-0.061028934668137746,-0.05002379212354424,-0.06118644912782034,-0.05055448514640726,-0.061176484310517365,-0.04958267825938856,-0.061028934668138524,-0.05002379212354502,-0.06118644912782156,-0.0505544851464077,-0.03130870381966189
2026-06-11,-0.014433924394787412,-0.003020360168197622,-0.014391903550515672,-0.003525133825428184,-0.014622798375372281,-0.0031221858318801754,-0.014433924394787079,-0.003020360168197622,-0.014391903550515672,-0.003525133825428073,-0.01462279837537217,-0.0031221858318800644,-0.014433924394786968,-0.003020360168197622,-0.014391903550515894,-0.003525133825428184,-0.014622798375372392,-0.0031221858318799534,-0.004524886877828149
2026-06-12,0.03557013846267654,0.01121880613895776,0.03566898085459402,0.010556525216081747,0.03547263743295881,0.011047676276859875,0.03557013846267609,0.01121880613895776,0.0356689808545938,0.010556525216081969,0.03547263743295903,0.011047676276859875,0.03557013846267565,0.01121880613895776,0.035668980854594245,0.010556525216082191,0.035472637432959475,0.011047676276859653,0.02207792207792214
2026-06-15,0.01960861000481362,0.04166547336344584,0.019291739204462255,0.04198615327739441,0.019762464863992246,0.04220323991241948,0.019608610004813398,0.041665473363446504,0.019291739204462255,0.041986153277393745,0.019762464863992024,0.04220323991241903,0.019608610004813176,0.04166547336344717,0.019291739204462477,0.04198615327739441,0.019762464863992246,0.0422032399124197,0.03388394747988133
2026-06-16,0.012737940466031494,0.012040782890449186,0.012659209486893142,0.011932250580370729,0.012757141619972767,0.011860858041029765,0.012737940466031494,0.012040782890449186,0.012659209486893142,0.011932250580370951,0.01275714161997299,0.011860858041029543,0.012737940466031494,0.012040782890449409,0.012659209486893364,0.011932250580371173,0.012757141619973433,0.011860858041029765,0.005120852109790963
2026-06-17,-0.012094398079451674,-0.0029638511287697344,-0.012001044402900729,-0.0028794269723243504,-0.01199911950987731,-0.0033834374591942273,-0.012094398079451674,-0.0029638511287698455,-0.012001044402900729,-0.0028794269723243504,-0.01199911950987742,-0.0033834374591941163,-0.012094398079451452,-0.0029638511287700675,-0.012001044402900618,-0.0028794269723243504,-0.011999119509877643,-0.0033834374591943384,0.0038720195638883848
2026-06-18,0.0018401383500250557,0.02743581539889095,0.0019737258629681786,0.028338845118294875,0.0016379017298120413,0.028519168349608437,0.0018401383500248336,0.027435815398891394,0.0019737258629681786,0.02833884511829443,0.0016379017298120413,0.028519168349608437,0.0018401383500250557,0.02743581539889184,0.0019737258629679566,0.028338845118294875,0.0016379017298122633,0.02851916834960888,0.01136825010150222
2026-06-22,0.028944262194750214,0.010926007521929515,0.029272630725492244,0.010635892906056155,0.029087590429833998,0.010485007719911676,0.028944262194750214,0.010926007521929737,0.02927263072549202,0.010635892906056377,0.029087590429833776,0.010485007719911676,0.02894426219474977,0.010926007521929515,0.029272630725492466,0.010635892906056377,0.029087590429834442,0.010485007719911676,0.0335206744279406
2026-06-23,-0.01790433095227717,-0.017118721575590135,-0.018121405753850017,-0.01719929452822122,-0.018134371706169716,-0.01687010814316159,-0.017904330952276948,-0.017118721575590357,-0.018121405753850017,-0.01719929452822122,-0.018134371706169827,-0.016870108143161366,-0.017904330952276837,-0.017118721575590357,-0.018121405753850017,-0.01719929452822122,-0.01813437170617016,-0.016870108143161477,-0.012041173043309317
2026-06-24,-0.02249431665324353,-0.004324386716876294,-0.022112482165966285,-0.00454062840715963,-0.022214579759216035,-0.004823867050507635,-0.022494316653243418,-0.004324386716876405,-0.022112482165966174,-0.004540628407159519,-0.022214579759216035,-0.004823867050507635,-0.022494316653243307,-0.004324386716876405,-0.02211248216596673,-0.004540628407159741,-0.02221457975921637,-0.004823867050507746,-0.025162178101041932
2026-06-25,0.005743380884832616,0.015462861805588535,0.008212342165443198,0.013120352057293783,0.008524595095792398,0.013185838670110694,0.005374679751147582,0.014267263266001251,0.00821234216544342,0.01312035205729356,0.008524595095792398,0.013185838670110472,0.00482231798537569,0.012476102729336747,0.00821234216544342,0.013120352057293783,0.00852459509579262,0.013185838670110916,0.000604960677555999
2026-06-26,-0.06172458301054984,-0.03558269548725912,-0.05918471720306573,-0.0389946005134536,-0.050044458138630454,-0.02845756730911342,-0.06172458301054984,-0.03558269548725901,-0.05952231370017913,-0.04011428731625877,-0.050044458138630454,-0.028457567309113085,-0.061724583010551504,-0.035582695487258786,-0.06002744750275879,-0.041791722298154754,-0.05004445813863134,-0.02845756730911353,-0.03788794840790011
2026-06-29,0.009274287474536846,0.004431054102024268,0.00952501954224072,0.004967663263644173,0.008630036662313545,-0.001238091123469065,0.009274287474536624,0.00443105410202449,0.009525019542240498,0.004967663263644173,0.008235161855758566,-0.002385228513321014,0.009274287474537068,0.004431054102024268,0.00952501954224072,0.004967663263644173,0.007643588558362779,-0.004101649971393395,0.0169669040636784
2026-06-30,0.062336058393876126,0.06066594341458087,0.061816835955038174,0.05881038747184775,0.061853513080550204,0.057983330955578616,0.062336058393876126,0.06066594341458087,0.06181683595503773,0.05881038747184775,0.061853513080549094,0.057983330955579726,0.06233605839387768,0.06066594341458065,0.061816835955039284,0.05881038747184775,0.061853513080550204,0.057983330955578394,0.03069001029866114
2026-07-01,0.027814226791416763,0.002121532103481094,0.02848246514227104,0.0025974311565553077,0.028652677490303535,0.0029248068223135526,0.027814226791417207,0.002121532103480872,0.02848246514227082,0.0025974311565550856,0.02865267749030287,0.0029248068223135526,0.027814226791417873,0.002121532103480872,0.028482465142271263,0.0025974311565553077,0.028652677490303535,0.0029248068223135526,0.013788968824940184
2026-07-02,-2.372444534515239e-05,-0.011253203524029476,0.0006704768449155019,-0.009081031987433819,0.0010876169514351108,-0.008026459721899193,-2.3724445345374434e-05,-0.011253203524029476,0.0006704768449155019,-0.009081031987433708,0.0010876169514348888,-0.008026459721899526,-2.3724445345263412e-05,-0.011253203524029476,0.0006704768449155019,-0.009081031987433597,0.0010876169514348888,-0.008026459721899082,-0.0053222945002956434
2026-07-03,-0.0007481007299233733,0.037532892831379616,-0.0005272291438812582,0.03831720718197462,-0.00040179774889370634,0.03862498501257039,-0.0007481007299232623,0.03753289283137984,-0.0005272291438813692,0.03831720718197462,-0.00040179774889381736,0.03862498501257128,-0.0007481007299232623,0.037532892831379394,-0.0005272291438813692,0.03831720718197462,-0.0004017977488935953,0.03862498501257017,-0.0037653586999604194
2026-07-06,-0.030582972224880267,-0.06206941864206972,-0.030310024646800104,-0.06079489719103681,-0.03017582524336515,-0.06058424695720621,-0.0305829722248806,-0.06206941864206994,-0.03031002464679977,-0.06079489719103648,-0.030175825243364374,-0.0605842469572071,-0.030582972224881266,-0.062069418642069496,-0.030310024646800438,-0.06079489719103681,-0.03017582524336515,-0.06058424695720621,0.0
2026-07-07,-0.06535662931385622,-0.06249228746934532,-0.06502559759384363,-0.06188410873991479,-0.06498156322137949,-0.061545560453699744,-0.06535662931385589,-0.06249228746934532,-0.06502559759384352,-0.06188410873991479,-0.0649815632213786,-0.061545560453701076,-0.06535662931385788,-0.06249228746934499,-0.06502559759384485,-0.06188410873991479,-0.06498156322137971,-0.06154556045369963,-0.01929580266560571
2026-07-08,-0.01293273596763167,0.05372732572543404,-0.013317204019528628,0.052667007651620024,-0.013666968465879115,0.05195770788178278,-0.012932735967631781,0.05372732572543426,-0.013317204019528406,0.0526670076516198,-0.013666968465878782,0.05195770788178389,-0.012932735967632003,0.05372732572543382,-0.013317204019528739,0.0526670076516198,-0.013666968465879115,0.05195770788178278,-0.0014198782961459822
2026-07-09,0.006708565388476195,0.02089916219293242,0.006520597522276628,0.01860427056305669,0.006140965037236601,0.017826385445446347,0.006708565388476417,0.02089916219293242,0.006520597522276628,0.01860427056305647,0.006140965037236601,0.01782638544544679,0.006708565388476417,0.02089916219293264,0.006520597522276628,0.01860427056305669,0.006140965037236823,0.017826385445446347,-0.001828153564899515
2026-07-13,-0.010004683598234254,-0.008145722319962578,-0.01048866349048505,-0.010316353550790192,-0.011027031590843062,-0.011159837843262466,-0.010004683598234476,-0.00814572231996269,-0.010488663490485162,-0.01031635355078997,-0.01102703159084284,-0.01115983784326291,-0.010004683598234587,-0.008145722319962578,-0.010488663490485273,-0.01031635355079008,-0.01102703159084295,-0.011159837843262466,0.004273504273504258
2026-07-14,-0.03401036262318313,-0.04069480790961122,-0.03398730819352691,-0.042720204002080875,-0.03398914664616648,-0.043439176431762316,-0.03401036262318302,-0.04069480790961111,-0.033987308193526466,-0.042720204002080986,-0.033989146646165924,-0.043439176431763316,-0.03401036262318402,-0.04069480790961111,-0.033987308193527466,-0.042720204002080764,-0.03398914664616659,-0.04343917643176243,-0.016008105369807457
2026-07-15,0.04643778242502572,0.03297281875573388,0.04603870089213036,0.03042842286079983,0.045874769138136484,0.02978779235683593,0.0464377824250255,0.03297281875573366,0.04603870089212991,0.03042842286079983,0.04587476913813604,0.029787792356836817,0.046437782425027274,0.03297281875573388,0.046038700892131246,0.03042842286079961,0.045874769138136706,0.02978779235683593,0.01565074135090594
2026-07-16,-0.005374969145759856,-0.07417734163171463,-0.00470088245311151,-0.07364134653989185,-0.004237139760473352,-0.07326045387178803,-0.005374969145759856,-0.07417734163171441,-0.004700882453111066,-0.07364134653989152,-0.004237139760473907,-0.07326045387178948,-0.005374969145759967,-0.0741773416317143,-0.004700882453111399,-0.07364134653989152,-0.004237139760473574,-0.0732604538717877,-0.016626115166261113
2026-07-17,-0.08270528398351495,-0.09626508928306377,-0.08249271741232489,-0.09604230607747943,-0.0817718222399837,-0.09598861506521594,-0.08270528398351495,-0.09626508928306399,-0.08249271741232445,-0.0960423060774791,-0.08177182223998203,-0.09598861506521805,-0.0827052839835174,-0.09626508928306343,-0.08249271741232655,-0.09604230607747921,-0.0817718222399837,-0.09598861506521594,-0.06082474226804124
2026-07-20,-0.030515078202799972,-0.04446314125388828,-0.030218344212625037,-0.04495498122150432,-0.03033656893048209,-0.04501354113199396,-0.03051507820279986,-0.04446314125388817,-0.030218344212624815,-0.0449549812215041,-0.030336568930481977,-0.045013541131995294,-0.03051507820280075,-0.04446314125388784,-0.030218344212625814,-0.04495498122150432,-0.03033656893048231,-0.04501354113199407,-0.007683863885839748
2026-07-21,0.077377819051752,0.08743150722252224,0.07715181822346717,0.08720529627761087,0.07722787482511961,0.08723016852561227,0.077377819051752,0.08743150722252202,0.0771518182234665,0.0872052962776102,0.0772278748251185,0.08723016852561472,0.07737781905175423,0.08743150722252158,0.07715181822346895,0.08720529627761042,0.07722787482512006,0.0872301685256125,0.03783185840707959
2026-07-22,0.037698503958614626,0.06781076576728484,0.036939240678251606,0.0667662298212568,0.03621498910278165,0.06630913011091666,0.037698503958614404,0.06781076576728506,0.036939240678251606,0.06676622982125657,0.0362149891027812,0.06630913011091844,0.03769850395861574,0.06781076576728462,0.036939240678252494,0.0667662298212568,0.03621498910278165,0.06630913011091644,0.01215092730761036
2026-07-23,0.010825893635831862,0.0006809629946169515,0.011081967370357049,0.002784531065306073,0.011706027847754541,0.0032110806224507904,0.010825893635831862,0.0006809629946169515,0.011081967370356827,0.002784531065305851,0.011706027847754319,0.0032110806224505684,0.010825893635832307,0.0006809629946167295,0.01108196737035727,0.002784531065305851,0.011706027847754541,0.0032110806224505684,0.002106149957876946
2026-07-24,-0.035975292965841454,-0.062173020801647993,-0.04693743577060805,-0.06545968568524763,-0.046654591226308995,-0.06496704453811963,-0.03720115846952721,-0.06423786970257273,-0.046937435770607605,-0.06545968568524696,-0.04665459122630844,-0.06496704453812108,-0.039041107124365926,-0.0673235975519032,-0.046937435770608826,-0.06545968568524718,-0.046654591226308884,-0.06496704453811963,-0.020596889449348454
2026-07-27,-0.00889410581606298,-0.023529127799376326,-0.015923361713059192,-0.01716472769142352,-0.0023884586355721327,-0.012481580135703774,-0.00889410581606298,-0.02352912779937688,-0.01718912712654519,-0.01921469670739262,-0.0023884586355719106,-0.012481580135703996,-0.00889410581606298,-0.02352912779937677,-0.019086589777168372,-0.022279787869190715,-0.0023884586355722437,-0.01248158013570344,-0.0010729613733905241
2026-07-28,-0.046593868732582755,-0.09192195368370448,-0.04742321022366891,-0.09212298453173784,-0.07379311163271696,-0.0949520186671694,-0.046593868732583754,-0.09192195368370581,-0.0474232102236698,-0.09212298453173773,-0.07500341746854144,-0.09685012234292611,-0.046593868732583976,-0.09192195368370626,-0.0474232102236688,-0.09212298453173728,-0.0768200120198006,-0.09968315506135028,-0.045757250268528504
2026-07-29,-0.03802950758793555,-0.08110217025140753,-0.038751167718533375,-0.08162412907556249,-0.03947367810014313,-0.08171124684126929,-0.038029507587935996,-0.08110217025140887,-0.03875116771853404,-0.08162412907556205,-0.03947367810014257,-0.08171124684126951,-0.03802950758793633,-0.08110217025140909,-0.03875116771853315,-0.08162412907556182,-0.039473678100142684,-0.08171124684126974,-0.036244934714092625
2026-07-30,0.0024898169963409877,-0.044175021521435265,0.002807174727052608,-0.045046740306972644,0.00244547984112109,-0.04548817214495038,0.0024898169963407657,-0.04417502152143615,0.002807174727052608,-0.04504674030697242,0.00244547984112109,-0.045488172144950934,0.0024898169963409877,-0.04417502152143615,0.002807174727052608,-0.0450467403069722,0.002445479841121312,-0.04548817214495082,0.0016351319785097296
2026-07-31,0.056383544555400844,0.07995884933318331,0.05708590300652916,0.0793668477985372,0.05872008533410544,0.07939464239686989,0.056383544555401954,0.07995884933318531,0.057085903006530714,0.07936684779853698,0.05872008533410478,0.07939464239687055,0.0563835445554024,0.07995884933318509,0.05708590300652916,0.07936684779853631,0.058720085334105,0.07939464239687077,0.09771455223880587
2026-08-03,0.04595500324193402,0.050648926958761775,0.04684612330542248,0.05062858439102924,0.04751223370567281,0.050401695949892966,0.04595500324193469,0.05064892695876244,0.04684612330542337,0.05062858439102902,0.04751223370567237,0.05040169594989319,0.04595500324193513,0.050648926958762885,0.04684612330542226,0.05062858439102902,0.04751223370567259,0.050401695949892966,-0.010410027618440565
2026-08-04,0.0038817072078141113,0.07085572554349451,0.003777009372064155,0.07148224473833364,0.0041304881125745485,0.07140719267389328,0.0038817072078141113,0.07085572554349584,0.003777009372064155,0.0714822447383332,0.0041304881125743265,0.0714071926738935,0.0038817072078141113,0.07085572554349584,0.003777009372064155,0.07148224473833298,0.0041304881125743265,0.07140719267389373,-0.01180764276513524
2026-08-05,0.01602229010644618,0.060418373705013906,0.016274167886032753,0.06064455702889138,0.016573411312493347,0.06085214380783044,0.01602229010644618,0.060418373705014794,0.016274167886032975,0.060644557028891155,0.016573411312493347,0.06085214380783088,0.01602229010644618,0.06041837370501524,0.01627416788603253,0.06064455702889093,0.016573411312492903,0.06085214380783088,0.03519443840973269
2026-08-06,0.0001715808454763046,0.03546245854837604,0.00012459157697053413,0.03484301871596873,0.00013368161119275968,0.035624363719235275,0.0001715808454763046,0.035462458548376485,0.00012459157697075618,0.03484301871596873,0.00013368161119275968,0.035624363719235275,0.0001715808454763046,0.035462458548376485,0.00012459157697075618,0.03484301871596873,0.00013368161119298172,0.035624363719235275,-0.0071353620146904495
2026-08-07,-0.015570019358155052,-0.04625111636574508,-0.015661038355738177,-0.04589874731405452,-0.01581841647749993,-0.04668478589469249,-0.015570019358155163,-0.04625111636574586,-0.01566103835573851,-0.0458987473140543,-0.015818416477499708,-0.04668478589469249,-0.015570019358155163,-0.04625111636574575,-0.015661038355738066,-0.04589874731405408,-0.01581841647749982,-0.046684785894692826,-0.005072923272035568
2026-08-10,0.02553524234454896,0.023421750415158593,0.02578724978201019,0.023340286987556524,0.0268851407161268,0.024622990898662156,0.025535242344549403,0.02342175041515926,0.025787249782010857,0.023340286987556302,0.026885140716126354,0.024622990898662156,0.025535242344549403,0.023421750415159037,0.02578724978201019,0.02334028698755608,0.026885140716126577,0.024622990898662378,0.014234119396643319
2026-08-11,-0.0041611177317482095,0.03840458481342268,-0.004049449390127857,0.038666393377557506,-0.004326787546197641,0.039412581147417525,-0.0041611177317482095,0.038404584813423126,-0.004049449390128079,0.038666393377557284,-0.004326787546197641,0.039412581147417525,-0.0041611177317483206,0.03840458481342335,-0.004049449390127857,0.038666393377557506,-0.00432678754619753,0.03941258114741775,0.000837871805613899
2026-08-12,0.004379134910292404,0.013186154177362353,0.004314990396008911,0.013409808818354074,0.004404490314296572,0.013829127122252594,0.004379134910292404,0.013186154177362575,0.004314990396008911,0.013409808818353852,0.004404490314296128,0.013829127122252594,0.004379134910292626,0.013186154177362575,0.004314990396008911,0.013409808818353852,0.00440449031429635,0.013829127122252594,0.008371703641691042
2026-08-13,0.008254814012470968,0.021746346048290066,0.00846601955504478,0.02240924575449421,0.00844683210955166,0.0220052533640247,0.00825481401247119,0.021746346048290288,0.008466019555045001,0.022409245754494433,0.008446832109551883,0.0220052533640247,0.00825481401247119,0.02174634604829051,0.00846601955504478,0.02240924575449421,0.008446832109551883,0.0220052533640247,0.014528850145288486
2026-08-14,0.0021769834595828375,-0.0018252375386060837,0.0021368470054849986,-0.0019481350733123737,0.002212253035031253,-0.0029475058603334325,0.0021769834595828375,-0.0018252375386060837,0.0021368470054849986,-0.0019481350733124847,0.002212253035031253,-0.0029475058603333215,0.0021769834595828375,-0.0018252375386060837,0.0021368470054847766,-0.0019481350733124847,0.002212253035031031,-0.0029475058603334325,-0.0038870703764321
2026-08-17,0.014845573221451858,0.018070895089162597,0.014838314356123039,0.01838413796078342,0.015583509777032711,0.018867218739608616,0.014845573221451858,0.01807089508916304,0.014838314356123261,0.01838413796078342,0.015583509777032711,0.018867218739608616,0.014845573221451858,0.01807089508916282,0.014838314356123039,0.018384137960783198,0.015583509777032711,0.018867218739608393,0.0024645717806532907
2026-08-18,-0.012372785681413423,-0.03620826034427005,-0.012451737339235769,-0.0360584071010871,-0.01278681781439639,-0.03606142479850638,-0.012372785681413534,-0.036208260344270604,-0.01245173733923588,-0.03605840710108721,-0.01278681781439639,-0.03606142479850638,-0.012372785681413534,-0.036208260344270715,-0.012451737339235658,-0.036058407101086765,-0.01278681781439639,-0.03606142479850638,-0.013726695349313811
2026-08-19,-0.011617153807095049,-0.005734806153239069,-0.011716547622253826,-0.005577188722280524,-0.011897593850648924,-0.00496142350642792,-0.01161715380709516,-0.005734806153239069,-0.011716547622254048,-0.005577188722280413,-0.011897593850648813,-0.00496142350642792,-0.011617153807095382,-0.005734806153239069,-0.011716547622253604,-0.005577188722280524,-0.011897593850648924,-0.004961423506428031,-0.016410469464063104
2026-08-20,-0.005622463369439057,-0.007442880180172251,-0.005658237716515857,-0.007931500852332518,-0.005830697823096309,-0.007340081550908373,-0.005622463369439168,-0.007442880180172362,-0.005658237716516079,-0.00793150085233274,-0.005830697823096309,-0.007340081550908373,-0.005622463369439057,-0.007442880180172362,-0.005658237716516079,-0.007931500852332518,-0.005830697823096309,-0.007340081550908373,0.004646251319957662
2026-08-21,-0.0007880891094659281,-0.029798914039522617,-0.01011140782850295,-0.028437317811321305,-0.010347726882909969,-0.0294287811811188,-0.003043540583490323,-0.0324699870077888,-0.010111407828503283,-0.028437317811320972,-0.010347726882909858,-0.029428781181119024,-0.006418293548483001,-0.036469106537233786,-0.010111407828502839,-0.02843731781132086,-0.010347726882909747,-0.029428781181119024,0.00609627916754274
2026-08-24,-0.017270786986547715,-0.0008944507082800923,-0.018800026500985112,-0.0034724903495670922,-0.0012116564493193094,0.0025261781636645164,-0.017270786986547382,-0.0008944507082800923,-0.021026238511605233,-0.006222195735036351,-0.0012116564493191984,0.0025261781636647385,-0.017270786986547715,-0.0008944507082800923,-0.024357241492636517,-0.010333928694837846,-0.0012116564493194204,0.0025261781636645164,-0.004596740493104989
2026-08-25,0.02310021083243985,0.023676819500221047,0.023012553319295304,0.023702455255899757,0.01873626260966965,0.016884064847932034,0.023100210832439627,0.023676819500220825,0.02301255331929508,0.023702455255899535,0.016398492683985966,0.014084468375838544,0.02310021083243985,0.023676819500221047,0.023012553319295304,0.023702455255899313,0.012900569505840398,0.009892923981834612,0.0052476910159529044
2026-08-26,0.038828745464024594,0.04191911649170965,0.0389440544375772,0.04142046792837206,0.03973847157821098,0.042339083700396296,0.03882874546402393,0.04191911649170943,0.03894405443757698,0.041420467928371396,0.03973847157821053,0.04233908370039652,0.03882874546402415,0.041919116491709874,0.038944054437577647,0.041420467928371396,0.039738471578210754,0.04233908370039674,0.014199206514930118
2026-08-27,0.02518622500047618,0.03184082406815869,0.02515533929013114,0.03244148528553592,0.026089326755358133,0.03333117649375983,0.025186225000475515,0.03184082406815869,0.025155339290130696,0.032441485285535254,0.026089326755358133,0.033331176493759385,0.025186225000475737,0.03184082406815891,0.02515533929013114,0.032441485285535254,0.02608932675535791,0.03333117649375983,0.001235330450895633
2026-08-28,-0.006510410917283438,0.0018442536213909566,-0.006883241530018069,0.002712607288222646,-0.0069836897205269866,0.002534378878569221,-0.006510410917283327,0.0018442536213909566,-0.006883241530017958,0.002712607288222646,-0.0069836897205268755,0.002534378878569221,-0.006510410917283549,0.0018442536213907346,-0.00688324153001818,0.002712607288222646,-0.0069836897205268755,0.002534378878569221,0.008019740900678585
2026-08-31,0.02347695847340958,-0.019579480774103764,0.022928320491186982,-0.0195507973800495,0.023702187972716837,-0.0187320236980012,0.02347695847340936,-0.019579480774103764,0.02292832049118676,-0.019550797380049056,0.023702187972716393,-0.01873202369800131,0.02347695847340936,-0.019579480774103764,0.022928320491187204,-0.019550797380049167,0.023702187972716615,-0.01873202369800131,-0.008975928192574423
2026-09-01,0.006325399710404911,-0.006802097960893372,0.006095287805882643,-0.006304003166116234,0.0056843341873500375,-0.00592284210062044,0.006325399710404689,-0.00680209796089315,0.006095287805882643,-0.006304003166116234,0.0056843341873500375,-0.005922842100620329,0.006325399710404911,-0.006802097960893261,0.006095287805882865,-0.006304003166116123,0.0056843341873500375,-0.005922842100620662,0.022437216961712636
2026-09-02,0.00842428064765377,-0.01816062884530556,0.008166648309023472,-0.018792974119184458,0.008406549414554654,-0.018674941153640323,0.00842428064765377,-0.01816062884530545,0.00816664830902325,-0.018792974119184014,0.008406549414554654,-0.018674941153640323,0.008424280647653548,-0.01816062884530567,0.00816664830902325,-0.018792974119184014,0.008406549414554876,-0.018674941153640545,-0.012683712502516653
2026-09-03,-0.0290711790371726,-0.04691872223055604,-0.029324416662805386,-0.047795957830957025,-0.029980066669539118,-0.048836814820429564,-0.029071179037172157,-0.04691872223055582,-0.02932441666280483,-0.04779595783095647,-0.029980066669539118,-0.04883681482042923,-0.029071179037172268,-0.046918722230556265,-0.029324416662805164,-0.04779595783095625,-0.02998006666953923,-0.048836814820429675,-0.005709624796084722
2026-09-04,0.01543173948294374,0.019751328625835285,0.015423925246459413,0.02063988291852703,0.015507560690158018,0.02083301581751784,0.015431739482943518,0.019751328625835285,0.015423925246459413,0.020639882918526586,0.015507560690158018,0.02083301581751784,0.015431739482943518,0.019751328625835285,0.015423925246459413,0.020639882918526586,0.015507560690158018,0.020833015817518064,0.014150943396226356
2026-09-07,-0.013079022697057296,0.015245511489792918,-0.012944875328790628,0.015816334167561452,-0.013048327917376978,0.01569712737689044,-0.013079022697057074,0.015245511489792696,-0.01294487532879074,0.01581633416756123,-0.013048327917376645,0.01569712737689044,-0.013079022697057185,0.01524551148979314,-0.01294487532879074,0.01581633416756123,-0.013048327917376645,0.01569712737689044,0.017795753286147686
2026-09-08,0.002774026423227216,-0.011609231332313397,0.0025333877747608646,-0.012341806347814566,0.002629505158256329,-0.011785591999187162,0.002774026423227216,-0.011609231332313286,0.0025333877747610867,-0.012341806347814455,0.002629505158256107,-0.011785591999187384,0.002774026423227438,-0.011609231332313397,0.0025333877747608646,-0.012341806347814455,0.002629505158256107,-0.011785591999187162,-0.00635803695608983
2026-09-09,0.008604016890540356,0.010240190602823107,0.008746953089416643,0.010873340233976903,0.009002880820485393,0.011533049014322838,0.008604016890540356,0.010240190602823107,0.00874695308941642,0.01087334023397668,0.009002880820485393,0.011533049014322838,0.008604016890540134,0.01024019060282333,0.008746953089416643,0.01087334023397668,0.009002880820485393,0.011533049014322838,0.0009998000399920048
2026-09-10,0.003460900209191875,0.009469456380303942,0.0035159750904361076,0.009875872261521979,0.0036066631158153672,0.010019635586275388,0.003460900209191875,0.00946945638030372,0.0035159750904361076,0.009875872261521756,0.0036066631158153672,0.01001963558627561,0.003460900209191875,0.009469456380303942,0.0035159750904363296,0.009875872261521756,0.0036066631158153672,0.01001963558627561,-0.0029964043148221764
2026-09-11,-0.00214353569547876,-0.026600586146622862,-0.00227480427990423,-0.026889064300203214,-0.0026135288698415637,-0.02668770607044102,-0.002143535695478649,-0.02660058614662264,-0.002274804279904119,-0.02688906430020266,-0.0026135288698415637,-0.02668770607044102,-0.002143535695478871,-0.026600586146622862,-0.002274804279904341,-0.026889064300202548,-0.0026135288698415637,-0.02668770607044124,-0.01382488479262678
2026-09-14,-0.009020073674750884,-0.016550987442846887,-0.00914578508450925,-0.016273280382795408,-0.009491547883257234,-0.015815768265442176,-0.009020073674750884,-0.016550987442846665,-0.009145785084509361,-0.016273280382795186,-0.009491547883257123,-0.015815768265442065,-0.009020073674750773,-0.016550987442847,-0.009145785084509472,-0.016273280382795408,-0.009491547883257345,-0.015815768265442176,-0.00589191385615595
2026-09-15,-0.0087150605120343,-0.006774913567183627,-0.008670597963892246,-0.006600653559285408,-0.009015350083435014,-0.0068657953321003,-0.00871506051203419,-0.006774913567183738,-0.008670597963892024,-0.006600653559285186,-0.009015350083435014,-0.0068657953321000775,-0.008715060512034078,-0.006774913567183849,-0.008670597963892135,-0.006600653559285186,-0.009015350083434903,-0.0068657953321003,-0.004700592683425375
2026-09-16,0.014948259758803317,0.02669724408861396,0.014798538164382924,0.027393347489321318,0.014897888228188716,0.027596097540788955,0.014948259758803317,0.026697244088613736,0.014798538164382702,0.027393347489320652,0.014897888228188716,0.02759609754078851,0.014948259758803317,0.02669724408861396,0.014798538164382924,0.02739334748932043,0.014897888228188494,0.027596097540788955,0.004517453798768001
2026-09-17,0.00012344160767963075,-0.0122233531265169,7.403311681075664e-05,-0.01291376487218221,0.00030632160670762687,-0.013219840013717898,0.0001234416076794087,-0.01222335312651679,7.403311681075664e-05,-0.012913764872182099,0.00030632160670762687,-0.013219840013717787,0.00012344160767963075,-0.01222335312651679,7.403311681075664e-05,-0.012913764872181765,0.0003063216067078489,-0.01321984001371801,0.011447260834014816
2026-09-18,0.02256078952093743,0.023735049170181988,0.01448688376055185,0.019294526730534667,0.014734685848925233,0.019467449241957313,0.021706648856220756,0.02277375830357653,0.01448688376055185,0.019294526730534445,0.014734685848924789,0.01946744924195709,0.020424636300714782,0.021337197014726694,0.01448688376055185,0.019294526730534445,0.014734685848924567,0.019467449241957313,0.015359741309620034
2026-09-21,0.016523251506779912,0.0037749077396893593,0.009135689466359898,0.0005387223609853997,0.009369602359138307,0.0041168389951153905,0.016523251506780134,0.0037749077396889152,0.008307509274590785,-0.00040372999078419625,0.009369602359138529,0.0041168389951151685,0.016523251506779912,0.0037749077396891373,0.007064461790811327,-0.0018138884025827862,0.009369602359138529,0.0041168389951153905,0.013933121019108263
2026-09-22,0.0018797935340093552,0.01782410021902736,0.0002406243478223491,0.017867611927788518,-0.007311616548705158,0.017535340433946,0.0018797935340093552,0.01782410021902736,0.00024062434782257114,0.017867611927788518,-0.00815462648410925,0.016498256843767045,0.0018797935340093552,0.017824100219027805,0.00024062434782212705,0.017867611927788296,-0.009419932500143058,0.014944572108929854,0.0039261876717706645
2026-09-23,-0.006504603385549701,-0.009718256221530108,-0.0065116519568705344,-0.009398295533156187,-0.0066688434457583545,-0.00936110673568058,-0.006504603385549701,-0.009718256221529886,-0.0065116519568705344,-0.009398295533156187,-0.0066688434457582435,-0.009361106735680691,-0.006504603385549701,-0.00971825622153033,-0.0065116519568706455,-0.009398295533156187,-0.0066688434457583545,-0.009361106735680802,0.005084082909659893
2026-09-24,0.011786507565156201,0.02980435513348967,0.011660279396008333,0.029709672575199297,0.011505046330788637,0.028865110128715177,0.011786507565156201,0.02980435513348967,0.011660279396008555,0.02970967257519974,0.011505046330788415,0.028865110128714955,0.011786507565156201,0.029804355133490557,0.011660279396008777,0.02970967257519952,0.011505046330788415,0.0288651101287154,-0.000583657587548525
2026-09-29,-0.013890418482490507,0.007959692017745157,-0.012723977444963785,0.00835191880323305,-0.012038627844783822,0.00817717943498808,-0.013890418482490619,0.007959692017745379,-0.012723977444963785,0.008351918803232827,-0.0120386278447836,0.008177179434987858,-0.013890418482490396,0.007959692017745379,-0.012723977444964119,0.008351918803232827,-0.012038627844783711,0.00817717943498808,-0.0064239828693791745
2026-09-30,0.003766812902035399,0.016476247103876407,0.003675215076748728,0.01668395881497653,0.0035279076673653265,0.016656221304063967,0.003766812902035399,0.016476247103876185,0.003675215076748728,0.01668395881497675,0.0035279076673651044,0.016656221304063967,0.003766812902035621,0.01647624710387685,0.003675215076748728,0.01668395881497653,0.0035279076673655485,0.01665622130406419,0.004310344827586299
2026-10-01,-0.004551813112189995,0.014738144374442763,-0.004683916563380852,0.014591660508214588,-0.004376665503435517,0.014135155210817762,-0.004551813112189884,0.014738144374442985,-0.004683916563380963,0.01459166050821481,-0.004376665503435406,0.01413515521081754,-0.004551813112189884,0.014738144374443207,-0.004683916563380852,0.014591660508214366,-0.004376665503435295,0.014135155210817762,0.007608271556769353
2026-10-02,0.0016531628023717104,0.03684561197123015,0.0016454381636958892,0.03647733215503579,0.0016908437313440938,0.03607148721148601,0.0016531628023714884,0.03684561197123015,0.0016454381636958892,0.03647733215503646,0.0016908437313443159,0.036071487211485564,0.0016531628023714884,0.03684561197123082,0.0016454381636958892,0.03647733215503601,0.0016908437313440938,0.03607148721148601,0.00019361084220714808
