date,production,multi_momentum,trend_quality,buffered_momentum,vol_control,lgb_rank,lambda_rank,xgb_rank,ridge_rank,rank_ensemble,ai_momentum_blend,006208
2018-09-18,0.0,0.0,0.0,0.0,0.0,0.0,0.0,0.0,0.0,0.0,0.0,-0.0076030412164864725
2018-09-19,0.0,0.0,0.0,0.0,0.0,0.0,0.0,0.0,0.0,0.0,0.0,0.004032258064516014
2018-09-20,0.0,0.0,0.0,0.0,0.0,0.0,0.0,0.0,0.0,0.0,0.0,0.003012048192771122
2018-09-21,0.0,0.0,0.0,0.0,0.0,0.0,0.0,0.0,0.0,0.0,0.0,0.00700700700700696
2018-09-25,0.0,0.0,0.0,0.0,0.0,0.0,0.0,0.0,0.0,0.0,0.0,0.00497017892644136
2018-09-26,0.0,0.0,0.0,0.0,0.0,0.0,0.0,0.0,0.0,0.0,0.0,0.004945598417408492
2018-09-27,-0.008917161271289498,0.0015280135409845297,0.0010527871658430055,0.0015280135409845297,0.0015280135409845297,-0.0062545566227778515,-0.0062545566227778515,-0.006504988607339723,0.0048299960118647345,-0.0011161221175831626,-0.0048880198413330245,0.0009842519685039353
2018-09-28,0.004199466259937168,-0.006418468107066921,-0.00030601007440589356,-0.006418468107066921,-0.006418468107066921,0.0003818247090023874,0.0003818247090023874,2.5316734317826217e-06,-0.0067261101441941085,-0.0016992318801231088,-0.0014343124798490425,-0.002949852507374562
2018-10-01,0.0013220280668182482,-9.235375548088953e-05,-0.00461569925412042,-9.235375548088953e-05,-9.235375548088953e-05,0.007893360486577627,0.007893360486577627,0.008555438561574258,0.00591883334989074,0.008537480222053473,0.008191897281826677,0.006903353057199135
2018-10-02,-0.015210508967265612,-0.01646210928605618,-0.014079743941200706,-0.01646210928605618,-0.01646210928605618,-0.012231076424306764,-0.012231076424306764,-0.012506962456952375,-0.023693907493366084,-0.01806345844555779,-0.017645554520854256,-0.012732615083251742
2018-10-03,-0.012380347857316676,-0.002606395485700186,0.0007997095670795318,-0.002606395485700186,-0.002606395485700186,-0.008944254181381006,-0.008944254181381006,-0.009606297068719183,-0.0014287714398578677,-0.010612983413709864,-0.008503507174286606,-0.0009920634920634885
2018-10-04,-0.001394162709675184,-0.0038111353436375284,-0.011371849317417304,-0.0038111353436375284,-0.0038111353436375284,-0.006852334459310105,-0.006852334459310105,6.628652968521109e-06,-0.011633355667769685,-0.006490637718877479,-0.011175640726204472,-0.009731876861966304
2018-10-05,-0.03953269847238183,-0.0335808185243639,-0.022142215417741307,-0.0335808185243639,-0.0335808185243639,-0.0255025249729951,-0.0255025249729951,-0.02614534760551923,-0.029482958615770105,-0.029225445841175812,-0.02854022026415104,-0.01524267950260727
2018-10-08,-0.015458131008114218,-0.012666852687944874,-0.012513684894215893,-0.012666852687944874,-0.012666852687944874,-0.006298262966044188,-0.006298262966044188,-0.006097245686431552,-0.008829823475643761,-0.008683807120982046,-0.01064992436124701,-0.0059063136456211085
2018-10-09,0.0,0.0,0.0,0.0,0.0,0.0,0.0,0.0,0.0,0.0,0.0,-0.010243802499487864
2018-10-11,0.0,0.0,0.0,0.0,0.0,0.0,0.0,0.0,0.0,0.0,0.0,-0.0643759056096046
2018-10-12,0.0,0.0,0.0,0.0,0.0,0.0,0.0,0.0,0.0,0.0,0.0,0.021460176991150437
2018-10-15,0.0,0.0,0.0,0.0,0.0,0.0,0.0,0.0,0.0,0.0,0.0,-0.007147498375568495
2018-10-16,0.0,0.0,0.0,0.0,0.0,0.0,0.0,0.0,0.0,0.0,0.0,0.005453752181500793
2018-10-17,0.0,0.0,0.0,0.0,0.0,0.0,0.0,0.0,0.0,0.0,0.0,0.007810804946843053
2018-10-18,0.0,0.0,0.0,0.0,0.0,0.0,0.0,0.0,0.0,0.0,0.0,-0.005382131324004336
2018-10-19,0.0,0.0,0.0,0.0,0.0,0.0,0.0,0.0,0.0,0.0,0.0,-0.004761904761904856
2018-10-22,0.0,0.0,0.0,0.0,0.0,0.0,0.0,0.0,0.0,0.0,0.0,0.00391474554153981
2018-10-23,0.0,0.0,0.0,0.0,0.0,0.0,0.0,0.0,0.0,0.0,0.0,-0.013431542461005197
2018-10-24,0.0,0.0,0.0,0.0,0.0,0.0,0.0,0.0,0.0,0.0,0.0,-0.00746596398770305
2018-10-25,0.0,0.0,0.0,0.0,0.0,0.0,0.0,0.0,0.0,0.0,0.0,-0.019469026548672663
2018-10-26,0.0,0.0,0.0,0.0,0.0,0.0,0.0,0.0,0.0,0.0,0.0,-0.004738267148014508
2018-10-29,0.0,0.0,0.0,0.0,0.0,0.0,0.0,0.0,0.0,0.0,0.0,0.0
2018-10-30,0.0,0.0,0.0,0.0,0.0,0.0,0.0,0.0,0.0,0.0,0.0,0.007708002720471674
2018-10-31,0.0,0.0,0.0,0.0,0.0,0.0,0.0,0.0,0.0,0.0,0.0,0.01462317210348707
2018-11-01,0.0,0.0,0.0,0.0,0.0,0.0,0.0,0.0,0.0,0.0,0.0,0.012195121951219523
2018-11-02,0.0,0.0,0.0,0.0,0.0,0.0,0.0,0.0,0.0,0.0,0.0,0.005476451259583737
2018-11-05,0.0,0.0,0.0,0.0,0.0,0.0,0.0,0.0,0.0,0.0,0.0,-0.010239651416121931
2018-11-06,0.0,0.0,0.0,0.0,0.0,0.0,0.0,0.0,0.0,0.0,0.0,-0.002421307506053294
2018-11-07,0.0,0.0,0.0,0.0,0.0,0.0,0.0,0.0,0.0,0.0,0.0,0.004854368932038833
2018-11-08,0.0,0.0,0.0,0.0,0.0,0.0,0.0,0.0,0.0,0.0,0.0,0.0068072024593763825
2018-11-09,0.0,0.0,0.0,0.0,0.0,0.0,0.0,0.0,0.0,0.0,0.0,-0.01526717557251911
2018-11-12,0.0,0.0,0.0,0.0,0.0,0.0,0.0,0.0,0.0,0.0,0.0,0.00221483942414169
2018-11-13,0.0,0.0,0.0,0.0,0.0,0.0,0.0,0.0,0.0,0.0,0.0,-0.009502762430939171
2018-11-14,0.0,0.0,0.0,0.0,0.0,0.0,0.0,0.0,0.0,0.0,0.0,-0.004016064257028051
2018-11-15,0.0,0.0,0.0,0.0,0.0,0.0,0.0,0.0,0.0,0.0,0.0,0.0042562724014336695
2018-11-16,0.0,0.0,0.0,0.0,0.0,0.0,0.0,0.0,0.0,0.0,0.0,-0.0011153245594467398
2018-11-19,0.0,0.0,0.0,0.0,0.0,0.0,0.0,0.0,0.0,0.0,0.0,-0.0037963376507369473
2018-11-20,0.0,0.0,0.0,0.0,0.0,0.0,0.0,0.0,0.0,0.0,0.0,-0.006724949562878169
2018-11-21,0.0,0.0,0.0,0.0,0.0,0.0,0.0,0.0,0.0,0.0,0.0,0.0020311442112388445
2018-11-22,0.0,0.0,0.0,0.0,0.0,0.0,0.0,0.0,0.0,0.0,0.0,0.00045045045045055687
2018-11-23,0.0,0.0,0.0,0.0,0.0,0.0,0.0,0.0,0.0,0.0,0.0,-0.010355695632597972
2018-11-26,0.0,0.0,0.0,0.0,0.0,0.0,0.0,0.0,0.0,0.0,0.0,0.008644222020018244
2018-11-27,0.0,0.0,0.0,0.0,0.0,0.0,0.0,0.0,0.0,0.0,0.0,-0.0058637798827244625
2018-11-28,0.0,0.0,0.0,0.0,0.0,0.0,0.0,0.0,0.0,0.0,0.0,0.012023593466424787
2018-11-29,0.0,0.0,0.0,0.0,0.0,0.0,0.0,0.0,0.0,0.0,0.0,-0.03833221250840624
2018-11-30,0.0,0.0,0.0,0.0,0.0,0.0,0.0,0.0,0.0,0.0,0.0,-0.0013986013986012624
2018-12-03,0.0,0.0,0.0,0.0,0.0,0.0,0.0,0.0,0.0,0.0,0.0,0.01984126984126977
2018-12-04,0.0,0.0,0.0,0.0,0.0,0.0,0.0,0.0,0.0,0.0,0.0,-0.004348821240558465
2018-12-05,0.0,0.0,0.0,0.0,0.0,0.0,0.0,0.0,0.0,0.0,0.0,-0.019080459770114855
2018-12-06,0.0,0.0,0.0,0.0,0.0,0.0,0.0,0.0,0.0,0.0,0.0,-0.01804546519803152
2018-12-07,0.0,0.0,0.0,0.0,0.0,0.0,0.0,0.0,0.0,0.0,0.0,0.0035799522673030104
2018-12-10,0.0,0.0,0.0,0.0,0.0,0.0,0.0,0.0,0.0,0.0,0.0,-0.014030915576694336
2018-12-11,0.0,0.0,0.0,0.0,0.0,0.0,0.0,0.0,0.0,0.0,0.0,0.001205981669078593
2018-12-12,0.0,0.0,0.0,0.0,0.0,0.0,0.0,0.0,0.0,0.0,0.0,0.014213442543965282
2018-12-13,0.0,0.0,0.0,0.0,0.0,0.0,0.0,0.0,0.0,0.0,0.0,0.0035629453681709222
2018-12-14,0.0,0.0,0.0,0.0,0.0,0.0,0.0,0.0,0.0,0.0,0.0,-0.00591715976331364
2018-12-17,0.0,0.0,0.0,0.0,0.0,0.0,0.0,0.0,0.0,0.0,0.0,0.0007142857142856673
2018-12-18,0.0,0.0,0.0,0.0,0.0,0.0,0.0,0.0,0.0,0.0,0.0,-0.007375684035213048
2018-12-19,0.0,0.0,0.0,0.0,0.0,0.0,0.0,0.0,0.0,0.0,0.0,0.002636625119846636
2018-12-20,0.0,0.0,0.0,0.0,0.0,0.0,0.0,0.0,0.0,0.0,0.0,-0.009801577814965268
2018-12-21,0.0,0.0,0.0,0.0,0.0,0.0,0.0,0.0,0.0,0.0,0.0,0.006760019314340893
2018-12-22,0.0,0.0,0.0,0.0,0.0,0.0,0.0,0.0,0.0,0.0,0.0,-0.004316546762589968
2018-12-24,0.0,0.0,0.0,0.0,0.0,0.0,0.0,0.0,0.0,0.0,0.0,-0.0014450867052023808
2018-12-25,0.0,0.0,0.0,0.0,0.0,0.0,0.0,0.0,0.0,0.0,0.0,-0.013989387361312056
2018-12-26,0.0,0.0,0.0,0.0,0.0,0.0,0.0,0.0,0.0,0.0,0.0,0.0022015655577298787
2018-12-27,0.0,0.0,0.0,0.0,0.0,0.0,0.0,0.0,0.0,0.0,0.0,0.015865267268733163
2018-12-28,0.0,0.0,0.0,0.0,0.0,0.0,0.0,0.0,0.0,0.0,0.0,-0.0009610764055741905
2019-01-02,0.0,0.0,0.0,0.0,0.0,0.0,0.0,0.0,0.0,0.0,0.0,-0.009860509860509792
2019-01-03,0.0,0.0,0.0,0.0,0.0,0.0,0.0,0.0,0.0,0.0,0.0,-0.009472917172698603
2019-01-04,0.0,0.0,0.0,0.0,0.0,0.0,0.0,0.0,0.0,0.0,0.0,-0.018636586562040147
2019-01-07,0.0,0.0,0.0,0.0,0.0,0.0,0.0,0.0,0.0,0.0,0.0,0.026236881559220215
2019-01-08,0.0,0.0,0.0,0.0,0.0,0.0,0.0,0.0,0.0,0.0,0.0,-0.0041392744095447576
2019-01-09,0.0,0.0,0.0,0.0,0.0,0.0,0.0,0.0,0.0,0.0,0.0,0.02004889975550128
2019-01-10,0.0,0.0,0.0,0.0,0.0,0.0,0.0,0.0,0.0,0.0,0.0,-0.006471716203259703
2019-01-11,0.0,0.0,0.0,0.0,0.0,0.0,0.0,0.0,0.0,0.0,0.0,0.010856453558504064
2019-01-14,0.0,0.0,0.0,0.0,0.0,0.0,0.0,0.0,0.0,0.0,0.0,-0.007398568019092999
2019-01-15,0.0,0.0,0.0,0.0,0.0,0.0,0.0,0.0,0.0,0.0,0.0,0.010819908631882535
2019-01-16,0.0,0.0,0.0,0.0,0.0,0.0,0.0,0.0,0.0,0.0,0.0,0.002616555661274944
2019-01-17,0.0,0.0,0.0,0.0,0.0,0.0,0.0,0.0,0.0,0.0,0.0,-0.0009489916963226763
2019-01-18,0.0,0.0,0.0,0.0,0.0,0.0,0.0,0.0,0.0,0.0,0.0,0.0021372595582997977
2019-01-21,0.0,0.0,0.0,0.0,0.0,0.0,0.0,0.0,0.0,0.0,0.0,0.010426540284360186
2019-01-22,0.0,0.0,0.0,0.0,0.0,0.0,0.0,0.0,0.0,0.0,0.0,-0.004455909943714809
2019-01-23,0.0,0.0,0.0,0.0,0.0,0.0,0.0,0.0,0.0,0.0,0.0,-0.002355712603062443
2019-01-24,0.0,0.0,0.0,0.0,0.0,0.0,0.0,0.0,0.0,0.0,0.0,0.0037780401416764864
2019-01-25,0.0,0.0,0.0,0.0,0.0,0.0,0.0,0.0,0.0,0.0,0.0,0.003528581510232831
2019-01-28,0.0,0.0,0.0,0.0,0.0,0.0,0.0,0.0,0.0,0.0,0.0,0.011017346460384658
2019-01-29,0.0,0.0,0.0,0.0,0.0,0.0,0.0,0.0,0.0,0.0,0.0,-0.012984001854857485
2019-01-30,0.0,0.0,0.0,0.0,0.0,0.0,0.0,0.0,0.0,0.0,0.0,0.0009396288466054781
2019-02-11,0.0,0.0,0.0,0.0,0.0,0.0,0.0,0.0,0.0,0.0,0.0,0.012203708049753681
2019-02-12,0.0,0.0,0.0,0.0,0.0,0.0,0.0,0.0,0.0,0.0,0.0,0.00046371435195902144
2019-02-13,-0.01164334806476619,-0.008091480157301656,-0.010152876744797146,-0.008963421110365632,-0.007451784914952797,-0.005098717003541697,-0.005206054816242811,-0.005098717003541697,-0.0005171710576749033,-0.005471106753883737,-0.0054324225414038585,0.0
2019-02-14,0.0007637402970399609,0.006001958123812434,0.0019105255063995852,0.006818550432053483,0.005523893623369025,-0.003876990220242127,-0.003673551575445022,-0.003876990220242016,0.0006756953240920627,-0.00411324714538841,-0.007029054198338214,-0.002317497103128674
2019-02-15,-0.0055240440475017305,-0.00018167082008657687,-0.008994866266220258,0.0005560823547863247,-0.00016727997439847098,-0.005846150707988884,-0.007767776291994211,-0.005846150707988995,-0.005982806796460349,-0.006322003050159952,-0.0055653533471322625,-0.002090592334494712
2019-02-18,0.006750738989933502,0.006217661793047835,0.008326712810145853,0.004404118162934623,0.00572505444065996,0.000490503090498251,0.0020304789357250552,0.000490503090498029,0.005555536241613757,0.0019233067012218719,0.006230192306367899,0.008845437616387342
2019-02-19,-0.009183705490616312,-0.009162083996403503,-0.007891718977693585,-0.01037524015562652,-0.008440330669933549,0.003167114926607928,0.0024189113730674894,0.00316711492660815,-0.00500649399405928,0.0036414184248430015,-0.0018510868187925356,-0.0013844023996308907
2019-02-20,0.010020655926322508,0.006002386454658559,0.0062613822786499185,0.006963661218277073,0.005525516868774227,0.0015838027237768948,0.003078642722481595,0.0015838027237766727,0.00893791278113576,0.0022941802412290713,0.003228686005215531,0.008548983364140339
2019-02-21,0.004121683665933906,0.0007634643930027885,0.002700295764763494,0.0011668579396661993,0.0007031430000041805,0.0022875308092931146,0.002522788883661642,0.0022875308092931146,-0.00012256202917537706,0.0025200717029083552,6.879557743233455e-05,0.006185567010309256
2019-02-22,0.007249373411533977,-0.0011033027504103732,0.002293221322260619,-0.0025760686573256253,-0.001016191948402967,0.006650854085335833,0.0068239687843503205,0.006650854085335611,-0.0017778995008315146,0.006400430555668857,0.0061349749475065884,-0.001366120218579292
2019-02-25,0.03696840834570825,0.014234834163348253,0.015895941731856267,0.013935295178711726,0.013109785587422484,0.01395481887746608,0.015378442473672038,0.01395481887746608,0.012283771714826974,0.014632941611812278,0.01340196573939001,0.007523939808481428
2019-02-26,0.003686621417071878,0.004492555349204119,0.004008913978610362,0.0029827312330235056,0.004142081362711547,-0.004325843719464428,-0.004403800844599459,-0.004325843719464317,0.002473841030555368,-0.004777616542668617,0.0008364617901963634,0.007241457343290403
2019-02-27,-0.002597707266571714,-0.011519959172363148,-0.01032323008938174,-0.006029308030213398,-0.011298957684637845,-0.0021031775796449548,-0.003795160962061561,-0.002191990089781104,-0.008767005752006396,-0.004946009816396257,-0.00861070353849469,-0.004718040889687747
2019-03-04,-0.002132315272822871,0.00509446351511178,0.00865875164768437,0.0034777337279401355,0.00509446351511178,0.01284760742520108,-0.0038890654639074373,0.0008525962859253777,-0.007497339448061746,-0.0037226508911522016,0.0060132878731846695,-0.003386004514672636
2019-03-05,-0.015689141055309608,-0.012130852200390785,-0.019898781998438198,-0.0056304530715033385,-0.012130852200390785,-0.00970869371293237,-0.0015463222892803108,-0.0017805587717513172,-0.0036953485804113173,-0.0013142760373112683,-0.009432314565328004,-0.0045300113250281715
2019-03-06,0.01207284885961668,0.005297627277633055,0.005507661463903579,-0.0005773407699788402,0.005297627277633055,0.0038117710870653188,0.0009256599557867506,0.0009033475466644347,0.005120888857080175,0.0005599977838059988,0.0026403160748198484,0.003640500568828031
2019-03-07,-0.014335097302056732,-0.007204243403938104,-0.010440924291786002,-0.006279766526795738,-0.007204243403938104,-0.0026324132206365647,-0.006722531337299387,-0.005560824670390652,-0.004270767087606653,-0.007384386824603406,0.0032782861805107366,-0.001586941736567704
2019-03-08,0.0006621524035901327,-0.007434298453697807,-0.0048132700220071545,-0.007235770742644476,-0.007434298453697807,0.0020932973251457376,0.0017681970315281959,0.00301722745441535,-0.008119817516844319,0.002236859630823762,-0.008255369335160134,-0.008855585831062718
2019-03-11,0.011373412571305641,0.0034047177264100448,0.004761600558492063,0.00047072356380861713,0.0034047177264100448,-0.006933543370165496,-0.0031402920864448403,-0.0034196203122861535,0.0040553431303969045,-0.004307017138342806,-0.0008676548991251032,-0.00045819014891168575
2019-03-12,-0.00483225372919982,-0.0038674678293576514,-0.005405575333145118,-0.0014020341847472695,-0.0038674678293577625,0.009264728178516757,0.007426587326262224,0.005390819148290538,-0.0010521744918817744,0.008204792500529523,0.0012193412454679642,0.012835205134081873
2019-03-13,0.009979001627587802,0.009182200106185645,0.011333814772066964,0.010322315134773108,0.009182200106185867,0.008988682953332994,0.0054165020863727875,0.005456763871729109,0.006196505045445555,0.005054138047415391,0.00678924198758768,0.00022629554197783897
2019-03-14,0.006475659671034695,0.0013466113057489792,0.0030575711202580624,0.0049292972805783375,0.0013466113057487572,0.009849804135185769,0.0030272907507946645,0.005186528811240487,-0.0006477033737072313,0.003064257836515427,0.00020959730410385902,-0.00045248868778291484
2019-03-15,0.005439120495337235,0.008137642338192475,0.00303419925036863,0.006457459613048666,0.008137642338192475,0.0005462678879544214,0.007418726189287961,0.003986841825369902,0.006981847105716366,0.00673421967704857,0.006886664946496479,0.006337709370755951
2019-03-18,0.019121930991780278,0.028061721592446798,0.03123835038217515,0.024044468647243633,0.028061721592446798,0.015075905186355376,0.00734423838654541,0.006760394687800764,0.011426254611414999,0.006830725453540909,0.019566306360190078,0.007422402159244168
2019-03-19,0.00158562870934853,-0.001874072821373307,-0.002610478132788363,-0.0008249310543234634,-0.001874072821373196,-0.003041361157551381,-0.0008623702154154644,0.0005067651779022686,-0.0019195220806279556,-0.001221975731445557,-0.0022262438252432792,0.0011163206072783982
2019-03-20,0.007396465056347834,0.013074964447966853,0.015135306631569811,0.01555496497292208,0.013074964447966853,0.01142664466394594,0.00716096237974706,0.005347163305433167,0.00675951445587164,0.008802054243745916,0.010954934086056634,0.00223015165031204
2019-03-21,0.01795740131691037,0.0117525715427107,0.02369008241702919,0.008598983332434695,0.0117525715427107,0.01374910490803627,0.008327331814230732,0.00866326366987158,0.01028175291092226,0.0078830617222998,0.007905257201914262,0.004672897196261738
2019-03-22,-0.002351266884876968,0.0019818206433788177,-0.0024504559560252215,0.0011296485278686763,0.0019818206433790397,-0.004831167187854923,0.0008819064075882288,-0.00032041355397083304,0.003523961257084096,0.0010114760927495414,0.0014894951961583747,0.007530454042081969
2019-03-25,-0.015034554176089898,-0.006716899108393681,-0.006676499829612936,-0.007294730252847992,-0.006716899108393681,-0.011330348585390948,-0.010526727254002166,-0.010978010156650786,-0.0008319307226167805,-0.010377616287104319,-0.0038321606684750265,-0.014948340294570261
2019-03-26,0.011580111294446471,0.0031676261421955676,0.00029903486774385257,0.004266610000161819,0.0031676261421955676,-0.0017256367905805758,0.004698722196005978,0.0038318854589449725,0.008189668804944983,0.004218133810365066,0.0008755530841548786,0.010488730194152973
2019-03-27,0.002881772226519308,0.0036391193464424543,0.004517632155863982,0.004649241149326189,0.0036391193464426763,0.006182998745642321,0.0004306454675322424,0.0005937907912547669,-0.0006262116703975584,0.0006563349205310764,0.003612842553142759,-0.0019876325088340474
2019-03-28,-0.007618240906507312,-0.006619349036906086,-0.006946834574434235,-0.007692306770510249,-0.006619349036905975,-0.001517515176589379,-0.005015219114762659,-0.0016817952949174098,-0.004297537064905432,-0.0050215236993919055,-0.003153253380039134,-0.0015490152688647507
2019-03-29,0.009822853975308021,0.003142074361515812,0.002411633897264176,0.003746782895508227,0.00314207436151559,0.0025578739439748865,-0.0011327902259030687,-0.0016578393658750468,-0.002797398398263762,-0.0072866009067655835,-0.004046759960673385,0.007313829787234161
2019-04-01,-0.005155315470066535,0.0064579393765324955,0.012947966753872331,0.005520331649658594,0.0064579393765324955,0.01627006002872089,0.01844793581894355,0.01627006002872111,-0.003652893061757978,0.01699209683465064,0.005206743612634179,0.006160616061606117
2019-04-02,0.020692031567634883,0.01971256018278167,0.017811877543232102,0.016010488963997593,0.01971256018278167,0.006396919071975926,0.005358853098916594,0.006396919071975926,0.0074934182680421735,0.009519761211031819,0.012790436777822656,0.003280122457905321
2019-04-03,-0.004238811669021625,0.008242186269266094,0.012742605387865646,0.009457300020408788,0.008242186269266094,0.011583957859992555,0.012276132667642603,0.011583957859992333,0.002207264254744823,0.008868371550895038,0.008667300424693991,0.00043591979075841003
2019-04-08,0.01203082353704188,0.019697789240877395,0.021963328828078277,0.027256770969908306,0.019697789240877617,0.013808784724599565,0.015541946062567868,0.013808784724599787,0.004391715119073547,0.013845307079467295,0.0243675331846136,0.011546840958605697
2019-04-09,0.009769830693146409,-0.0008580593493759947,0.0008046047492793473,-0.006786192187385964,-0.0008580593493758837,-0.013762867992471284,-0.013079511898730467,-0.013762867992471173,0.005527679165748145,-0.008605032561163961,-0.003097428156578985,0.004738315744130972
2019-04-10,-9.040621078471034e-05,-0.0014581748029279806,6.467047664004966e-05,-0.0030026800214904004,-0.0014581748029280917,-0.000715056092856936,0.00010334106507903229,-0.0007150560928570471,-0.004693511341529066,-0.003417160887896009,-0.0014384728273815206,-0.001071811361200381
2019-04-11,0.001023725572742773,0.0029463275659498134,-0.00047834743082275644,-0.00408153740736128,0.0029463275659498134,0.008005073169719434,0.008511504165654715,0.008005073169719656,-0.006448264700634421,0.0041625163032668056,-0.0007162192407108581,-0.0023605150214591752
2019-04-12,0.018061522535709917,0.01667401879154573,0.007234983840892495,-0.0013108125011290772,0.01667401879154573,0.006561269323009711,0.007635010497222705,0.006561269323009711,-0.003390211282240596,0.005890794599765936,0.01730988666326505,-0.0017208001720800947
2019-04-15,0.014612011242798317,0.01687919517019565,0.010341570756279728,0.0024723135627779946,0.01687919517019587,0.014323739735243368,0.013956998523688702,0.01432373973524359,0.001125357534515592,0.015732683754324128,0.01983732855614262,0.006248653307477037
2019-04-16,-0.0007335815636730914,0.0012300405467224884,0.0005809388923763148,0.0004390770546383038,0.0012300405467222664,0.0025013151416997115,0.00159868926074469,0.0025013151416997115,0.009038718986286165,0.004573019878693074,0.0026801757650998237,0.006852248394004334
2019-04-17,0.005866456113886365,0.005968560360631425,0.007684925312939628,0.0013125904401702915,0.005968560360631425,0.007320490701080429,0.007343682720305056,0.007320490701079985,-0.0013462733087353795,0.004647498490267132,0.0049652364784460445,0.008507018290089263
2019-04-18,0.0030201066380104447,0.003650971875351239,-0.0014598186452609019,-0.003820156348290471,0.0036509718753510167,-0.008418620387059206,-0.00821236199704789,-0.008418620387058984,-0.007050266796035709,-0.01098963021864674,-0.0013622717417652863,-0.001265288907633999
2019-04-19,-0.006483870040770778,-0.005487411345799331,-0.003013217729812112,0.0013822460897860989,-0.005487411345799442,0.0035981525684420923,0.0035389672174979125,0.0035981525684420923,0.0017572389351225848,0.002857031503717744,-0.006986657646456673,-0.0006334459459459429
2019-04-22,0.005281014844927823,0.0047157739266963095,0.0067992564789449705,0.005897728343200237,0.0047157739266963095,-0.004757073243573662,-0.005709093078783645,-0.004757073243573662,0.0019070114243757708,-0.00363255576232846,0.0022642364143110605,0.0021128248468202937
2019-04-23,-0.007374779008137766,-0.009995338363103401,-0.002932705322804985,-0.0058317264114858824,-0.009995338363103401,-0.0038469706838426543,-0.0032066834184675264,-0.0038469706838426543,0.006164158546132059,-0.0023063881693252686,-0.0058653954468954606,0.0023192072527935537
2019-04-24,0.008121084235175324,0.01440651852363306,0.007597743615540775,0.009696418430617637,0.014406518523632839,0.009789826255028444,0.012079711389576309,0.009789826255028444,0.0017869434350701319,0.010658051786931466,0.013002152086857954,0.0012620950778292617
2019-04-25,0.012633743509502304,0.009612396979404858,0.007632525939664125,0.011009909092734471,0.009612396979404858,-0.0011234944266742541,-0.0017922080089128878,-0.0011234944266742541,0.0006850613999118682,0.0011353393449076155,0.005539287590374142,0.0010504201680672232
2019-04-26,-0.012123702942760661,-0.018889247354938243,-0.023691947319173012,-0.01355527995317185,-0.01888924735493802,-0.01810513983495543,-0.017135085555422536,-0.01810513983495543,0.0031492360389284713,-0.017144677734021285,-0.011348451048576291,-0.00650577124868823
2019-04-29,0.008669639535737073,-0.003875838094984596,-0.004288305854313834,-0.018321884645567943,-0.00387583809498504,-0.010522917744398175,-0.009340929054676206,-0.010522917744398286,0.006290971976312454,-0.011923292085959658,0.0018018913683786053,0.0
2019-04-30,0.02692885804222689,0.029620458013532636,0.023441125859573697,0.01543108328005216,0.029620458013533302,0.014352875138217591,0.014168043302253741,0.014352875138217147,0.003421409506815243,0.012929472753108406,0.023618422873778133,-0.00021123785382348714
2019-05-02,-0.0013336152383780497,0.0011782346692634782,-0.002477045390321564,-0.008251729867777557,0.0011782346692632562,0.014275648920543116,0.012621777412525015,0.012645547401188839,0.0028255743642244813,0.012406517628632985,0.010054723904301843,0.005070779632368572
2019-05-03,0.022550140124975693,0.017614676884097902,0.015162745272691458,0.01572803713266624,0.017614676884097902,0.008305233625195863,0.009604194257401,0.008318602936882025,0.015678609545760835,0.009293554968097695,0.011943829243559856,0.006937145259617417
2019-05-06,-0.011007481244235562,-0.01186874105166913,-0.005540840042623563,-0.0156925684377891,-0.011868741051669351,-0.018067297230060286,-0.01733228935921327,-0.017041419384843826,-0.02075101806357016,-0.01697570882266186,-0.014375889673559294,-0.012526096033402934
2019-05-07,0.02025162074218967,0.024615793424549226,0.021994871321406206,0.01577566533007979,0.024615793424549448,-0.004341750758735219,-0.0041681561773572184,-0.005426905482718514,0.009982083252702001,-0.004936958747810527,0.006069785360807822,0.006765327695560153
2019-05-08,-0.0021166704756511168,-0.0026614674185420073,-0.002610842192352858,0.005129523616705045,-0.0026614674185421183,-0.005002973008037981,-0.004303665509427623,-0.0033585713716413057,-0.014031805853181978,-0.004708639838303608,-0.002693075676748369,-0.004619907601847939
2019-05-09,-0.03816611079914145,-0.03160878224743402,-0.033598441312075344,-0.03309672204381875,-0.03160878224743391,-0.03635809106680421,-0.03679344323120992,-0.03857193321080965,-0.026891510223571058,-0.03865002285947128,-0.031521891481896325,-0.015822784810126556
2019-05-10,-0.001958291134208645,-0.0031257154733689285,0.0031907736149905386,-0.0011192978526529673,-0.0031257154733691506,0.00443568255937099,0.003011230067919035,0.004445852677486428,-0.001988413269222278,0.0036794164570508325,0.005826377505327329,-0.0008574490889603492
2019-05-13,-0.017863148763690773,-0.01012939145921854,-0.012258490372548891,-0.0130176691513183,-0.010129391459218429,-0.008645681922808124,-0.007856524699073053,-0.009230983860155972,-0.016429938152612733,-0.009754890182250509,-0.0073244072320397535,-0.01566187513409134
2019-05-14,0.003904768436083117,-0.0020291247416467373,0.004394976013724072,-0.004417188911326475,-0.0020291247416465152,0.01064948195786175,0.009021041178491895,0.01299429765703608,-0.0032149224030570966,0.009466661699703671,0.0019297703918605968,-0.006974716652136004
2019-05-15,0.017533154994586964,0.020386329498759626,0.014543591332548456,0.016483950328509467,0.020386329498759626,0.010568355944348573,0.009426853870443175,0.008863355849698662,0.00600921537648702,0.009553914813661635,0.014043279515546958,-0.00021949078138727707
2019-05-16,-0.03671353239772268,-0.03663796207826964,-0.029346127166339442,-0.024821400047960185,-0.036637962078269526,-0.024759918335195974,-0.024676919193252433,-0.024256924369569832,-0.015442963879924387,-0.024372025419570953,-0.024117193293495154,-0.004171240395170139
2019-05-17,-0.04537076724660871,-0.031718563249521825,-0.036770985997548467,-0.02566653956569409,-0.03171856324952205,-0.028256847047744782,-0.028178493527348136,-0.028867799815849082,-0.0023946880830858497,-0.029593799356827377,-0.025760666041432345,-0.014991181657848296
2019-05-20,-0.01359384012952325,-0.01442223690495259,-0.006286610284985672,0.0020274009649952074,-0.014422236904952479,-0.004849168618847766,-0.005508573566798347,-0.004849981289235972,0.0046291826720563645,-0.004411073035523128,-0.007327224575331637,0.0
2019-05-21,0.019423498457601163,0.01363302226528429,0.012669690425061608,0.012739276723741089,0.013633022265284067,0.03040047550541214,0.031030249262745002,0.028716511113665577,0.014341876040469215,0.030070035541927442,0.022247295326726313,0.00044762757385852225
2019-05-22,-0.004622010027434453,-0.0023593368067397202,0.002110744234077533,-0.0022977540163083843,-0.0023593368067398313,-0.018710087467878722,-0.017972160400350434,-0.018219490015248807,-0.002812891390325145,-0.018744198052564665,-0.004830928580257909,-0.00022371364653250847
2019-05-23,-0.030197499650193138,-0.024687319774449712,-0.031384567361217086,-0.020870526902202147,-0.02468731977444949,-0.025135241374910633,-0.025872544368715555,-0.025809648143828134,-0.0004364818996350772,-0.025922902136993664,-0.020152761434274136,-0.019243678675318843
2019-05-24,-0.012942800954306999,-0.0177899392193982,-0.017621182981177208,-0.00052798795092035,-0.01778993921939831,-0.002116098054650295,-0.0018711691487743876,-0.002124969781924557,-0.007280254358866034,-0.0024073387942180613,-0.0041950784080205805,0.003422313483915085
2019-05-27,-0.01454943489065752,-0.008724866459355662,-0.0023986211367156285,-0.0073473821756177005,-0.008724866459355662,0.008041392414581683,0.006124090857901443,0.007471868803386128,-0.0068837587303286485,0.006960743343071396,-0.0011220957404207699,-0.0006821282401090478
2019-05-28,2.9258005303844925e-05,-0.0006048669918180538,-0.0008936904166223503,0.0006631171945077341,-0.0006048669918180538,0.002637095790330779,0.0026638489851851244,0.0026639796423910678,-0.0016925364964838208,0.002693994064968841,0.0009266192676848917,-0.0015927189988623747
2019-05-29,0.0,0.0,0.0,0.0,0.0,0.0,0.0,0.0,0.0,0.0,0.0,-0.004102096627164986
2019-05-30,0.0,0.0,0.0,0.0,0.0,0.0,0.0,0.0,0.0,0.0,0.0,0.009153318077803174
2019-05-31,0.0,0.0,0.0,0.0,0.0,0.0,0.0,0.0,0.0,0.0,0.0,0.014058956916099818
2019-06-03,0.0,0.0,0.0,0.0,0.0,0.0,0.0,0.0,0.0,0.0,0.0,0.0026833631484795006
2019-06-04,0.0,0.0,0.0,0.0,0.0,0.0,0.0,0.0,0.0,0.0,0.0,-0.006467439785905582
2019-06-05,0.0,0.0,0.0,0.0,0.0,0.0,0.0,0.0,0.0,0.0,0.0,0.0008978675645343603
2019-06-06,-9.07321116304649e-05,-9.073211163057593e-05,0.003569435512496222,0.0017339663295725671,-9.073211163035388e-05,0.00019440268909609593,-9.203623598097455e-05,0.00019440268909609593,0.005284481499537641,2.4728237083104787e-05,0.003717939563369743,-0.007400762502803415
2019-06-10,0.02733594876893508,0.02733594876893508,0.028809144433527667,0.021767592486618303,0.02733594876893486,0.010946369067465378,0.009027193250613186,0.010946369067465378,0.008550315380080553,0.000769973491172582,0.023563243169940407,0.019882512426570242
2019-06-11,0.006786948732741216,0.006786948732741438,0.0007759700998726249,0.009241893782140798,0.006786948732741438,0.008817256267571016,0.011332792886016296,0.008817256267571016,-0.011933985782930034,-0.001266275733246447,-0.0021704740788128785,0.006424457244129433
2019-06-12,-0.01028757613052722,-0.010287576130527554,-0.014631803776665397,-0.006539444243196857,-0.010287576130527554,-0.003534724355907959,-0.0026742356883934226,-0.003534724355907959,-0.008553185799340834,-0.0008710008710882677,-0.008332822948207586,0.0004402377283734271
2019-06-13,-0.0022122718960245757,-0.0022122718960242427,-0.0026184920271621337,-0.004519620965731885,-0.0022122718960242427,-0.0016446153990427037,-0.0013509899258670188,-0.0016446153990427037,-0.00031020606131337836,-0.0001391242470756282,-0.005995070858692553,-0.006820682068206851
2019-06-14,-0.008137830200641294,-0.008137830200641516,-0.007688893918111006,-0.003447705555059577,-0.008137830200641405,-4.165662257216152e-05,-0.002667179409704512,-4.165662257216152e-05,0.0021194732901856916,0.0020337867642516994,0.001780539367214784,-0.00443066016836513
2019-06-17,0.0012689294804764106,0.0012689294804764106,0.002353990165862241,0.003305565444998937,0.0012689294804764106,0.000569601371671169,0.0008648136519371352,0.000569601371671169,0.0033772004869372374,-0.0008500035382609239,0.002803707021004298,-0.0006675567423231055
2019-06-18,0.0023088046610226787,0.0023088046610224566,0.0027160270170849543,-0.0014175860059517653,0.0023088046610224566,-0.0008226842698306758,-0.00125757433997975,-0.0008226842698306758,0.003922853493565581,0.0004773142363549976,-0.00037336028387358056,0.0013360053440214514
2019-06-19,0.02556301307754083,0.025563013077541052,0.029473395657171775,0.022041972742687488,0.02556301307754083,0.015952566722416295,0.013940282304837348,0.015952566722416295,0.009775843752968916,0.0031669619013361405,0.024937037387114724,0.023348899266177447
2019-06-20,0.009154335963400984,0.009154335963400761,0.009547698055888842,0.007920776813651331,0.009154335963400984,0.0019932130122499725,0.002153529682704214,0.0019932130122499725,0.0012690097448191384,-0.0023293798750003702,0.003451939825548145,-0.0004345936549327023
2019-06-21,-0.007882113092175347,-0.007882113092175347,-0.011396659709525081,-0.005889624344788569,-0.007882113092175347,-0.004873337131722999,-0.0031548863454566867,-0.004873337131723221,-0.006713602218905268,-0.00020563604834089588,-0.008704493238556044,0.0
2019-06-24,-0.00017491933417546068,-0.00017491933417534966,0.0011536401652045836,0.0013316493168678,-0.00017491933417546068,0.0008514952254590202,0.0011438146285867035,0.0008514952254590202,0.005521419900996305,0.0012078559224850682,0.0018774297843304755,0.007608695652173925
2019-06-25,-0.0018894287894235529,-0.0018894287894235529,-0.0015042685386973398,-0.00770535617757806,-0.0018894287894236639,-0.0027288069874128462,-0.003024045645972029,-0.002728806987412735,-0.0030136839484735667,-0.0001788168855816341,-0.007734329734801815,-0.007551240560949357
2019-06-26,0.0029817842315074117,0.0029817842315074117,0.002519772809598253,0.002117766933899645,0.0029817842315074117,0.0010836056011549466,0.001362631732422681,0.0010836056011551687,-0.0026557147358609035,-0.00019893147258265298,0.0013635522353121488,-0.0021739130434782483
2019-06-27,0.015794421601503128,0.013972264263060419,0.01342825254846658,0.01316301195475833,0.013972264263060197,0.00034718333775574095,-0.0006528927817245345,0.00034718333775574095,0.002861683088938527,-0.0024838956756106922,0.0121345421811494,0.01350762527233118
2019-06-28,-0.010947587336630593,-0.012052972945520435,-0.009684144709204534,-0.012052972945520768,-0.012052972945520657,-0.00078601444594395,-0.00078601444594395,-0.000786014445944061,-0.0001444176047489254,-0.0005102996561558992,-0.009911673503233409,-0.006018916595012969
2019-07-01,0.0153818281703626,0.02391161707773648,-0.002403585725068269,0.023911617077736924,0.023911617077736702,0.027024597019239094,0.027024597019239316,0.027024597019239094,-0.0014088993916893111,0.02673406005608059,0.028426492399184156,0.020328719723183397
2019-07-02,0.0054604938247513335,0.00832313735792689,0.007902604740344987,0.008323137357927113,0.008323137357927113,-0.0008897190724338477,-0.0008897190724340698,-0.0008897190724339588,0.003138698022922437,-0.0006210183888319953,0.0002524646183259538,-0.003179313268333983
2019-07-03,-0.012103619137785349,-0.014919361424103328,-0.004738212824846211,-0.014919361424103661,-0.014919361424103439,-0.02206478829006231,-0.02206478829006242,-0.02206478829006231,-0.0014295870392805332,-0.022321562472747414,-0.016011595808759993,-0.01169466298107602
2019-07-04,0.00662121146481387,0.005814529064058771,0.003947794391871984,0.005814529064058549,0.005814529064058327,0.0038852195135112844,0.0038852195135115064,0.0038852195135112844,0.0020038998362641447,0.004158913766935113,0.0034197140055243214,0.004733218588640398
2019-07-05,-0.004028966159344227,-0.005927293744474538,-0.003208243451460535,-0.005927293744474538,-0.005927293744474427,-0.001993464377551213,-0.001993464377551324,-0.001993464377551102,0.0030587762120821704,-0.0017187496735535657,-6.683523561601401e-05,0.0004282655246252709
2019-07-08,-0.009254505023683746,-0.009010506646424665,-0.007102218353225331,-0.009010506646424665,-0.009010506646424776,-0.0036295076157176753,-0.0036295076157176753,-0.0036295076157176753,-0.002626805356024775,-0.004174712899199795,-0.006428392259311133,-0.00042808219178069873
2019-07-09,-0.0015349884671050917,-0.0022663352857081875,0.00647504861393422,-0.0022663352857084096,-0.0022663352857081875,-0.00878748851804212,-0.00878748851804223,-0.008787488518042008,-0.0018012901926935942,-0.009060313765413386,-0.007182245367044704,-0.0032119914346896428
2019-07-10,0.009654663965038113,0.007122033453643928,0.0006931225111450612,0.00712203345364415,0.00712203345364415,0.00752038277728917,0.00752038277728917,0.00752038277728917,0.0030542495955221405,0.00835366442171881,0.0037884229659834734,0.008592910848550073
2019-07-11,0.007172747745762598,0.011116449341595391,0.0016928106036264712,0.011116449341595391,0.01111644934159517,0.010238095859904206,0.010238095859904428,0.010238095859904206,-0.0016555553396535583,0.010505094771386059,0.011379223283198625,0.009584664536741228
2019-07-12,-0.013311359447117033,-0.010186704998597529,-0.008820232381955617,-0.010186704998597529,-0.010186704998597196,-0.001139375322444347,-0.00113937532244468,-0.001139375322444569,-0.004754640245588915,-0.0014107287742245456,-0.0022324719707544904,-0.0012658227848100223
2019-07-15,0.003754232228077692,0.003444337112330942,-0.0014133915714739098,0.003444337112330942,0.003444337112330942,0.005186092032042566,0.005186092032042566,0.005186092032042566,-0.002336119898992961,0.005454825829231069,0.005471312442707932,0.003591043514997727
2019-07-16,-0.009783914566197649,-0.0049422355496911985,0.0005793873920514336,-0.0049422355496914205,-0.0049422355496915316,-0.0065561644435349065,-0.0065561644435347954,-0.0065561644435347954,0.003221182810575929,-0.0060060446014299496,-0.007951418460659387,0.005683014102294326
2019-07-17,0.00149463637029279,0.0030159008854830915,0.0026492064174334917,0.0030159008854833136,0.0030159008854833136,0.0006651942267441591,0.0006651942267441591,0.0006651942267441591,-0.00024324058371727464,0.0012103849147298007,0.0011346664882405655,-0.007743825868564369
2019-07-18,0.0049562334855388634,0.0014487889241932006,-0.005735349904232412,0.0014487889241929786,0.0014487889241929786,0.0018153002173957322,0.0018153002173957322,0.0018153002173957322,-0.0030543965709426413,0.0015385281449709076,0.0028812641909961023,-0.014764817549040243
2019-07-19,0.008267015157585211,0.009747831858894385,0.0061784837845777485,0.009747831858894607,0.009747831858894607,0.006973087952258261,0.006973087952258039,0.006973087952258039,0.002149325644531519,0.007232183232529055,0.010562574576266082,0.008349389852279954
2019-07-22,0.004634379585967796,0.010691113941111219,0.003124231565210467,0.01069111394111144,0.010691113941110997,0.02021400097625703,0.020214000976257696,0.020214000976257473,0.001883790191316681,0.020170268341898945,0.012650202700736468,0.005520169851380041
2019-07-23,-0.019716712690560412,-0.012886176383140269,-0.014194722920682135,-0.01288617638314049,-0.012886176383139936,-0.0006919498921826861,-0.0006919498921827971,-0.0006919498921829081,0.0023322015632913917,-0.0006904824691200684,-0.0024277790090693196,0.0008445945945945166
2019-07-24,-0.005127710849289313,0.005161029140363649,-0.004196354625895515,0.005161029140363649,0.005161029140363427,0.016150765070519046,0.016150765070519046,0.016150765070519046,-0.003039469216626234,0.016116490361963054,0.0065966028455954895,-0.00021097046413498521
2019-07-25,-0.006525999540295202,-0.0036244896675836635,-0.008480422845861368,-0.006337963323205242,-0.0036244896675837746,-0.00186233952062409,-0.002098920219201328,-0.00247313312411912,-0.003995705603898836,-0.0011034925371410376,-0.01255069288063737,0.00168811985650974
2019-07-26,-0.004395686143847,-0.0017289352821479032,0.0017480477387383786,-0.0024634288482052735,-0.0017289352821477921,0.004276079434518243,0.00250454511025322,0.0030917016650451323,-0.003684614905469119,0.0019907924697653012,0.001711594082003609,-0.0018959342742783658
2019-07-29,0.0027851624156749466,-7.659038778462524e-05,-0.0016771556690450273,-0.0024696431916785277,-7.659038778462524e-05,-0.005410136430100798,-0.001637205346710413,-0.0016362470137391005,5.328054508790814e-05,-0.006951141073857525,-0.003394265786508255,-0.0006331785563529202
2019-07-30,-0.006509889483647835,-0.012696327952988473,-0.0032766259803317377,-0.026343324432581472,-0.012696327952988806,-0.02479141692385789,-0.02072038135371046,-0.020708232866097243,0.001212882420632111,-0.02531612219122259,-0.02054314526695955,-0.002111932418162654
2019-07-31,-0.0052112893870353005,-0.0042570190428977694,-0.0045155113609069986,0.0006968731820915508,-0.004257019042897325,0.0007938555955979698,-0.0022287743288422757,-0.0016287356655791951,0.002766711909422792,0.0014614764602396413,-0.00042296015783127583,-0.00232804232804229
2019-08-01,-0.009183782232634052,-0.006941544094329122,-0.005745896429068864,-0.00498236434926691,-0.006941544094329455,-0.000691131247433252,0.0005116893743133399,-0.0006882863432164932,-0.012873685814284386,-0.0053493593155350405,-0.010651756895618814,-0.007212558336868957
2019-08-02,-0.01557392173164196,-0.017083527641695184,-0.018638924105245258,-0.020800982851136296,-0.017083527641695073,-0.02007235051994949,-0.009812980577036834,-0.009812980577036945,-0.0035240651558315905,-0.02069106465602799,-0.013904035439598061,-0.014957264957264904
2019-08-05,-0.001635622297515238,-0.00499122991175216,0.0009445818668971651,-0.004240630341467488,-0.004991229911752382,-0.009219723170231786,0.0018084049619548903,0.002414446076541843,-0.0023818528304425657,-0.009584449662412231,0.0020359363881437,-0.007809110629067195
2019-08-06,-0.005489497518157527,-0.005811431735880834,-0.0012690357757977333,-0.0035484556948648383,-0.005811431735880834,0.0011252763641689256,0.002306715987651753,0.0010961586192381745,-0.002260696036276433,0.0017284432955639861,-0.00017700590517899517,-0.005028421512899062
2019-08-07,0.002674922542154734,0.004460162879149188,0.007149097421823347,0.0017700881000608515,0.00446016287914941,0.004716948940122645,0.00897884450118469,0.0089842669995146,0.0004289032188993236,0.004915894999018899,0.008058307111338925,-0.0035157108327839026
2019-08-08,0.008909872283092701,0.012619430823081368,0.0076865076519823106,0.021189377778775054,0.012619430823081368,0.019895182299887626,0.017366463713548885,0.018573942137204202,0.005969520931741856,0.021243493888777998,0.02245688176058569,0.008379272326350495
2019-08-12,-0.002652487840689721,-0.001495054642916771,-0.012191112820988725,-0.009063892179125954,-0.00149505464291666,0.009841116017620388,0.004578636586167306,0.0045759460539620544,-0.010747500880432082,0.010058790863782807,-0.010292895406366909,0.0
2019-08-13,-0.006750280349425153,-0.010980340351472329,-0.01273144081850508,-0.005077072570877861,-0.010980340351472107,-0.006711442739804618,-0.005971469105017779,-0.006552926763966682,-0.0029326570180926437,-0.00662157109328998,-0.0108537641100237,-0.009840367373715186
2019-08-14,0.0007379175881188083,0.008123907828899934,0.009284689347287989,0.005903647539802881,0.008123907828899712,0.007644841658244639,0.0074630889422784286,0.0074630889422782065,0.0032850016024088546,0.0072096869413602604,0.009906694545869899,0.005962897526501587
2019-08-15,-0.009736957370416022,-0.004921809485484596,-0.014147882539640833,-0.014807887949779719,-0.004921809485484374,0.0014654506102906861,0.0017793311909377607,0.0011948838765132308,-0.00595888104650899,0.00017903778559924532,-0.002564728434369168,-0.010098792535674916
2019-08-16,0.011810611971160956,0.008077566448166484,0.005505888701506256,0.006183509593109315,0.008077566448166484,0.002068955174928222,0.0005048356395498388,0.0022563797408519104,0.007019720836295651,0.0018587520038582106,0.0039058905923061715,0.01064537591483683
2019-08-19,0.015579799089099566,0.020135032519606577,0.007241857581030686,0.008269956281065749,0.0201350325196068,0.001604017503388011,0.0007385587420847273,0.00015526281096978067,0.0008455871489192468,0.0014280439911276144,0.0012398381589113772,0.006144393241167556
2019-08-20,0.0034072859432296987,0.0014030848896877668,0.0045104367681894075,5.153826068959866e-05,0.0014030848896875447,0.0018472047238224931,-0.0004331578873454367,-0.001015250828682368,0.0026870375771519406,0.003722050112890729,0.0015053522633425853,0.0010905125408942062
2019-08-21,-0.011315727816202825,-0.01149485039634257,-0.004549035771077126,-0.005308503952390575,-0.011494850396342238,0.006022048474650488,0.006264379894433958,0.006847316910471024,-0.0033191285261224834,0.0042032877379576394,0.002280866437993634,0.0002178649237472019
2019-08-22,-4.690487432568169e-06,0.005922503649226751,-0.002380579546429229,0.007934571440198823,0.005922503649226307,0.008912574277955443,0.004639572866664388,0.0040579140739522845,-0.003987516256855672,0.007856334525426334,0.004239243025245587,-0.0004356349379219804
2019-08-23,-0.01118100955772039,-0.007528756263576297,-0.008241180046761443,-0.00637554820055275,-0.007528756263576186,-0.002652101552242714,7.047404704985105e-05,-0.0008050383961094587,-0.0009243450973143164,-0.0006685543398822213,-0.003916991958668348,0.00021791239921542527
2019-08-26,-0.01586631202133304,-0.011359668626812924,-0.012698498827709126,-0.008341187058025334,-0.011359668626813146,-0.013961011927837386,-0.015120752083812583,-0.011502930160981362,-0.006649827298406019,-0.003411962649399136,-0.013206169606831297,-0.011982570806100101
2019-08-27,0.00355920505764451,0.0011575193759081337,0.00335705415894183,0.0021686197250825323,0.0011575193759083557,-0.0014448031503032643,-0.0039074674764310036,-0.005003492474348392,0.0012905928813184975,-0.003359790534259388,0.0005762711684118571,0.00022050716648291946
2019-08-28,0.010580709247434594,0.010259660005170979,0.011256916282510243,0.010218111332117363,0.010259660005170756,0.0029101809463929484,0.00284204461881421,-0.0001216780373056725,0.001355992527730221,0.0012006110178932605,0.0024167603057545506,0.0057319223985889955
2019-08-29,0.004407149245493125,0.0016549804707357563,0.0036164922901100738,0.0016483460667653382,0.0016549804707359783,0.004247313910906048,0.008228546176150653,0.003432266307029197,6.697231555818917e-05,0.002361354177915942,0.0006459373845899563,0.002630425252082569
2019-08-30,0.006013257631180879,0.004302428443001105,0.00646875686047621,0.000783324997563728,0.004302428443001105,0.012507342013956535,0.016406212914652274,0.012826639010053764,0.009911836851058009,0.015018905707190333,0.003267858272757662,0.011805859204197633
2019-09-02,0.0038787143555483183,0.00592532200428697,0.00029170125456534635,0.0034229718546769927,0.00592532200428697,0.00982687735267107,0.014269523255407979,0.009316526792199076,-0.0020764681663670848,0.0056667266414347495,0.002722286837741894,0.003241140881590221
2019-09-03,-0.010186428056356167,-0.009092488052489633,-0.012822504663574819,-0.00811426173417562,-0.009092488052489633,-0.0026405373027243995,-0.005809780642365148,-0.002650469013366963,-0.0018045527460871513,0.0010997021652556782,-0.005514726848139029,-0.0068920956278268886
2019-09-04,0.015237066791249587,0.009325144390951223,0.012189441359165443,0.008330015892058062,0.009325144390951223,0.010812225677621967,0.007872634802434053,0.009775503575511824,0.005298153373040737,0.003034400408161275,0.009907161025202837,0.008241162437649052
2019-09-05,0.011131273689227728,0.011585365985312457,0.01467884145054521,0.011110349991058754,0.011585365985312457,0.011952669490407741,0.013136122282648266,0.011476530557296138,0.002532004798428744,0.000960883726523809,0.013121919554128336,0.00838890083888999
2019-09-06,0.004531470866051768,0.0058488819034250294,0.009553736906061427,0.003892786950095095,0.0058488819034250294,-0.0016418412411752792,0.0011543412761167993,0.0004594168484035599,0.0025581634535405406,0.0002420589068183876,0.005703815427561265,0.005119453924914641
2019-09-09,0.0036417999098181664,0.007024552826270236,0.005864230070413035,0.00558343094471736,0.007024552826270236,-0.001785930106327771,-0.004299389694725653,-0.002582435853837217,0.0011947006818913142,-0.0037572929351359363,0.004749690232595416,0.002758913412563624
2019-09-10,-0.008411136086601267,-0.008323649759927387,-0.009464811993375455,-0.006908420713096164,-0.008323649759927498,-0.008746635575303974,-0.011580670563565931,-0.009574215490210758,-0.0016097169135549372,-0.0026734831318400154,-0.005014631660886004,-0.004867724867724799
2019-09-11,0.0031406884793137024,-0.0005109997914914954,1.2017566223487819e-05,-0.0010046448287031051,-0.0005109997914914954,0.007669631161457691,0.00916054901186536,0.006372190668078037,0.00278173594681963,0.004530361229788005,-0.00010238723749278478,0.002126754572522316
2019-09-12,0.012350430072807672,0.010805594884141456,0.011022628606917495,0.009874986727354651,0.010805594884141678,0.005118571495540181,0.007099259299240934,0.0075362871599522485,0.0011261567901326153,0.001428492514349955,0.009371327923959116,0.0048811544991511635
2019-09-16,0.002890197286611995,0.008873213960770787,0.006358689338515244,0.0074638678748168985,0.008873213960770343,-0.002425031093120311,-0.0012028001114239295,0.0001978643529474411,-0.0005211189155849283,-0.004431544571914747,0.005179330422792505,0.003379091869060158
2019-09-17,-0.003207763578695455,-0.009759475450254018,-0.007998016017439213,-0.005479101092621619,-0.009759475450253685,-0.005298447947039375,-0.004553792315403982,-0.0053040246906307376,-0.0014519174623982556,0.0017482740903793648,-0.007282781462465748,0.0002104820037887034
2019-09-18,0.006551478202989625,0.006001396300357786,0.007778408159758277,0.004560527197522868,0.006001396300357786,0.006590849988762804,0.002602993986506874,0.0026298126016719436,0.0029059427457154285,0.0016370039880786447,0.006896597214844924,0.007996632996633002
2019-09-19,-0.004258238536427372,-0.005310826454354989,-0.0074288922714156325,-0.004366121210277574,-0.005310826454354989,0.008542920274323684,0.0016339451544065131,-0.00012098239693025814,0.00022137270284816601,-0.0005747878921248395,-0.004347444962037206,-0.00542797494780789
2019-09-20,0.0016518652563404235,0.0014923824135666397,0.00426636746813136,0.0014974599137096423,0.0014923824135664177,0.0036493937199153503,-0.00018883666764424323,0.002643979669577634,0.003145841315819853,0.0008897037563468935,-0.0002995613380890605,0.0016792611251048584
2019-09-23,0.003346031616471068,-0.0004989853775825281,-0.002633814952294755,0.00035266747113293917,-0.0004989853775826392,0.0022682521501378172,0.0028490634383566693,0.0033285408099701375,-0.0024191625436073005,0.003829226406252939,-0.0022730837516420355,-0.0004191114836545884
2019-09-24,-0.004449208637765545,-0.0006044069793923468,0.0009511153321082322,-0.0006044069793922358,-0.0006044069793922358,-0.0050736379062463755,-0.0048545579964791585,-0.006908771446855644,-0.0014980996343932906,-0.005824827878293859,-0.004781909629570036,-0.00041928721174011585
2019-09-25,-0.015162719723238016,-0.010589513605363643,-0.009622176296233964,-0.010589513605363865,-0.010589513605363643,-0.0068095000179637655,-0.007096614958109759,-0.007753303655832489,0.001873815250541755,-0.00611085571166925,-0.004006745070060935,-0.005033557046979942
2019-09-26,0.001242169109742397,0.0059142386929535995,0.001135626096717024,0.0059142386929535995,0.0059142386929535995,-0.0007410335896929077,0.002789693519824832,0.004175185492699018,0.004471748654768515,0.0030682707519047447,0.000896975101559061,0.004005059021922497
2019-09-27,-0.011204993593058377,-0.012014325384397062,-0.010784029153848795,-0.012014325384397062,-0.012014325384397173,-0.0030226203433627585,0.0012573359213601254,0.0026877070572612904,0.00504043104275409,0.003226787261152886,-0.004042650019661975,0.002729372244383743
2019-10-01,0.028926062280750342,0.006496718069464391,0.010277907732888947,0.006496718069464613,0.006496718069464613,0.0198804895968423,0.02294141940116634,0.016007585444281824,0.022536698758665263,0.023840306978380132,0.0010555721885132652,0.013819095477386911
2019-10-02,0.006517889326347115,0.004667588607253803,0.0003172234158137499,0.004667588607253803,0.004667588607254025,0.006574824492404652,0.004585715150827507,0.002977330742948814,-0.0025569298642326155,0.0037423355301942074,0.004652915265079605,-0.0024783147459728205
2019-10-03,0.006827439781537548,0.008639132471071953,0.009612857773821482,0.008639132471071953,0.008639132471071953,-0.0017999935259118693,-0.0067762245417050115,-0.006235466633262576,-0.011028658761105703,-0.009073333208116874,0.004322979562522811,-0.006211180124223503
2019-10-04,-0.0007755439182224322,0.0030861362452581087,-0.00041722715333158966,0.0030861362452581087,0.0030861362452578867,0.0017730235488284674,0.0016281173031524876,0.002083603686205082,-0.00016548412476935503,0.002866476312630928,0.0018684113898912447,0.002083333333333437
2019-10-07,0.013355819814295566,0.005533783364704226,0.008476780649611104,0.005533783364704448,0.00553378336470467,0.006980446703678922,0.019566058959821442,0.010827966422642943,0.017366283418916106,0.019240059297619183,0.006975693581023679,0.006652806652806653
2019-10-08,0.011148972650861122,0.0014095295180047707,0.004799962152591375,0.0014095295180045486,0.0014095295180043266,0.011758414706434683,0.009941603272399346,0.011136670705281793,0.010412829416234892,0.009379386924434963,0.0031214665907206562,0.008054522924411334
2019-10-09,-0.014108466038687206,-0.01415008027923692,-0.014765013440892094,-0.01415008027923681,-0.014150080279236588,-0.013956844010680647,-0.01237077557836963,-0.009021335995993862,-0.0040245978733993715,-0.013017304796535067,-0.008887648185857522,-0.006965785699651783
2019-10-14,0.024987917004087423,0.018690402836361697,0.02037769704132919,0.01869040283636192,0.018690402836361697,0.028819187882110242,0.029060801004117787,0.029602940584367854,0.01580839606274953,0.03214272875587909,0.02517351635844345,0.015679801939343818
2019-10-15,-0.0009185082876577155,0.005609811109264395,0.0065150995989780025,0.005609811109264395,0.005609811109264173,-0.005265164217013951,-0.004908158967862453,-0.0019503004021563797,-0.004684551606084053,-0.0034455581638023203,0.008183541999465582,0.004671947999187465
2019-10-16,-0.0023162738008063455,-0.0017842057382029264,-0.0005420194696853509,-0.0017842057382029264,-0.0017842057382029264,0.0023998892708401165,0.0029560980590577213,0.005543714947184419,0.00394597829823673,0.006493041963973045,0.003214664329397099,0.005863323898099404
2019-10-17,0.008290440716672398,0.003454288484727286,0.00020523031189134677,0.003454288484727286,0.003454288484727286,0.006255519982486524,0.003955276670330576,0.0027080527274059296,0.007823438594815268,0.0044426084001609745,-0.004472032794717529,-0.0016080402010050232
2019-10-18,0.0018459041414133903,0.0011599547872354066,0.0008168440800422339,0.0011599547872356286,0.0011599547872354066,7.628085384903116e-05,-0.0008325225866504526,0.0018952721041294307,0.004101186898844755,0.0006073222152036539,0.004145504328245675,-0.0006039863096436449
2019-10-21,-0.00663010861787694,-0.003918995390957081,-0.001996364450839394,-0.003918995390957303,-0.003918995390957192,-0.0026400992253411415,-0.0037407933668198723,-0.0028714108223486523,0.0013251543337589045,-0.004090203779416379,-0.00412544818450189,0.00040290088638195165
2019-10-22,0.007210698035773566,0.01609485303917846,0.018996317568193977,0.01609485303917846,0.016094853039178236,0.006960505168725373,0.007785481310577991,0.004025305510118038,-0.00014639822639694877,0.005743636206375857,0.014419314451217025,0.007853403141361293
2019-10-23,0.011945032502926889,-0.0022244903476968947,-0.0041162627825276354,-0.0022244903476968947,-0.0022244903476968947,0.008693822222479497,-0.003090645756635424,-0.0018253301091593066,-0.0033324074388586533,-0.0028043813518263683,-0.006803768520748377,-0.0019980019980019303
2019-10-24,0.0047570088405475275,0.008946796680360691,0.008710841040801887,0.009927084993479385,0.008946796680360913,0.007595178953133885,0.009757673120098787,0.0050763622414893295,0.000961490601966597,0.01219936668051469,0.009886761050055926,0.00700700700700696
2019-10-25,-0.010768375109286521,-0.00590715329544822,-0.0023781225829777597,-0.005585933652380581,-0.005907153295448553,-0.004688803357320359,-0.0009622661245337616,-0.003312447284394726,-0.0013332151755477417,-0.003506565960112784,-0.004582844438059452,0.0009940357852884496
2019-10-28,0.0014006855362611592,0.0018734134264770663,0.001300044664175548,0.001957154935072314,0.0018734134264772884,-0.0026097043885925375,-0.0006796853903485722,-0.0022790417278274466,0.002177201083491065,-0.0012051499907136387,-0.0023357616710507623,0.0049652432969216065
2019-10-29,-0.0055774390804186336,-0.00420345190411564,-0.002369860304850424,-0.003857379756603274,-0.00420345190411564,-0.006975039250544435,-0.0023272692422285912,-0.004292175135696796,-0.0021630002763783907,-0.005062146857211736,-0.0058923143674946,0.0029644268774702276
2019-10-30,0.009714972845584757,0.008701712376031345,0.008034496809641078,0.005960790042557562,0.008701712376031123,0.008771957450527612,0.008152680528150658,0.008841350694217986,0.005598327858448604,0.010909833433347949,0.010134234367216166,0.0049261083743843415
2019-10-31,-0.0018748585773415982,0.00278498463275878,0.002816297789700384,0.003480006759732479,0.00278498463275878,-0.006832527605523331,-0.003958291355986354,-0.00475137536095982,-0.0024331939245405554,-0.008938197483049137,-0.00578994372605135,0.002941176470588225
2019-11-01,0.0026623278263944172,-0.0019268661318060376,-0.0029449201769238265,-0.002527659257498427,-0.0019268661318062597,-0.0010330735989529938,0.0010613294770129844,0.0003202518279654676,-0.0028928455538898,0.0014202219756362933,-0.001536006944714674,0.0029325513196480912
2019-11-04,0.014784388907596036,0.007086011364796807,0.010940210088661306,0.00817901838487134,0.007086011364796807,0.014968670682885987,0.01566111731134212,0.014443814319022641,0.013640441805330417,0.014951172390567313,0.009745999906219271,0.022417153996101558
2019-11-05,0.013598347215173279,0.013570960655625797,0.010996100462592029,0.013556377976077227,0.013570960655625797,0.008384332926819393,0.008025335068277295,0.005352521323533477,0.009367404514940336,0.010732646235906973,0.010980709324108995,0.004766444232602529
2019-11-06,-0.007355881334587533,5.215999357632839e-05,-0.0015411952617154778,-0.0004963861712514728,5.215999357632839e-05,-0.006311995896552625,-0.0036218622629944353,-0.00390907406394625,0.003280065737560678,-0.007665836660688097,-0.004182352475447293,0.003795066413662118
2019-11-07,-0.006144122805382568,-0.005991123872142734,-0.003984192056108449,-0.0053008491366896004,-0.005991123872142734,-0.00525511595742556,-0.0035238226705180953,-0.00277278263962466,-0.012435918372694976,-0.006637000460012699,-0.0048960048912173315,-0.00472589792060496
2019-11-08,-0.005523252237391474,-0.00960141971905848,-0.008159020706730136,-0.010135312135453711,-0.00960141971905848,0.0073105016087493535,0.004689779814422312,0.006215648907772486,-0.004546978629381693,0.006559784098893573,0.004510854339504267,-0.003798670465337106
2019-11-11,-0.02811367548985,-0.006534539860119315,-0.006575875852788071,-0.00460439091756526,-0.006534539860119315,-0.017312445522795206,-0.013043273435020208,-0.017524670933292574,-0.030764953798454342,-0.025889589803541835,-0.01031894402876754,-0.015252621544328049
2019-11-12,0.011601549395207744,0.008413064632873057,0.008488938523830702,0.016914263910753125,0.00841306463287328,0.009064927905612974,0.009629395962650111,-0.0005517132234836852,-0.0007290353098047264,0.011740342533492543,0.0024780390715588574,0.00968054211035807
2019-11-13,0.0030382888274520514,-0.0037414189683999677,-0.0037310343512461097,-0.001018832962982108,-0.0037414189684001897,-0.007014748913029334,-0.0048595352975945305,-0.007143185787650386,0.009001546668137683,0.004427344305798719,-0.006191965323223303,-0.0047938638542665
2019-11-14,0.00456795223544737,-0.007639705688972986,-0.005049325267531435,-0.006086727701316019,-0.007639705688972653,-0.00601841578529938,-0.006085768346422937,-0.005926392563849192,0.0033459575210565973,-0.0010578906510071429,-0.008190714998704718,-0.0009633911368014392
2019-11-15,0.012371775504745885,0.013130615757061426,0.012316229015943314,0.01459902819495551,0.013130615757061426,0.017419051215092685,0.014663354513211546,0.014997576928534206,0.01651625297524273,0.015040939854143343,0.009903063809738821,0.0077145612343296754
2019-11-18,-0.0013624926675375182,-0.0006674216798786547,4.18238967192508e-06,0.0009002485972549046,-0.0006674216798789878,0.0033598284629630104,0.0045549037889967,0.004297993186191951,-0.0015058132125550516,0.0019577755862576485,0.004204274433372124,0.00765550239234436
2019-11-19,0.0028924571192541215,0.003753511632696105,6.404746883426071e-05,0.004571110991071992,0.003753511632696105,-0.00026977768806712987,-0.00079644326160766,-0.001899912247418034,0.004980379818138481,0.0022077318185249606,-0.0012429170622331176,0.008547008547008517
2019-11-20,-0.008358404068398828,-0.004289276632389316,-0.0008067601856368567,-0.0019753100978496807,-0.004289276632389538,-0.005552083921997797,-0.00326126388812753,-0.004508039774120398,-0.008888918710399207,-0.006309966067218564,-0.001894834278770241,-0.025423728813559365
2019-11-21,-0.01080930475817743,-0.014572287950983087,-0.012977678525281644,-0.016826166631300987,-0.014572287950982754,-0.01178273107396921,-0.008454269747443233,-0.011889318874041765,-0.015051444667740554,-0.013628168464063783,-0.010655146227063317,-0.0038647342995169476
2019-11-22,0.011173515780407373,0.013069316206532955,0.010028983714353235,0.01596606813125878,0.013069316206532733,-0.0005312042745296841,-0.0018011719983413998,0.010678258902012683,0.007859361486746819,0.010696560860262716,0.009835158040986558,-0.0038797284190106307
2019-11-25,-0.008217298384555205,-0.00011983744486587788,-0.01224325740055332,-0.00072951707109703,-0.00011983744486554482,-0.005985230071843595,-0.006498811769909074,-0.00914502947506124,-0.010430991596814043,-0.010335350107427477,-0.009383984023263348,0.0
2019-11-26,0.010301081252097166,0.007994936763122018,0.0033373851903233387,0.0019783331428446793,0.007994936763121574,0.0018125875696981542,0.0024553360781756073,0.0008215005734570902,-0.0008962240208199024,0.0022137839136726623,0.0033040829187589438,0.0019474196689386325
2019-11-27,0.007014704986460618,-0.0005502850127732106,0.003038962843150861,0.00022408244675142797,-0.0005502850127730996,0.004073485129113763,0.0047149457459503274,0.0007302028751496881,0.0005636462075664372,-0.0045705273653426914,-0.0015675895169410259,0.002915451895043608
2019-11-28,-0.0036751816370870216,-0.0033474135827701312,-0.004337928175394357,-0.0015591134315233734,-0.00334741358277002,-0.0017004510608987777,-0.0014461069844967644,-0.0060588489238470045,-0.006070790593832087,-0.008842170782786929,-0.006420847654055706,-0.0009689922480621282
2019-11-29,-0.01638733717458951,-0.01320960694315143,-0.015206529233648292,-0.016734857264971814,-0.013209606943151542,-0.0032392542996716456,-0.0020922233412399294,-0.002839521564379721,-0.01676905769896908,-0.009062045437081223,-0.012728840158433674,-0.013579049466537207
2019-12-02,-0.0012731446088128928,-0.006642730413262243,-0.003199215010441847,-0.008940264520373664,-0.006642730413262132,-0.01333694866471713,-0.0126801093903115,-0.01520157427142077,-0.011558645644916377,-0.013036994740257879,-0.012872523174926154,0.001966568338249708
2019-12-03,0.01607653358122474,0.001584932524279159,0.007433301814756765,0.0052909573769364115,0.001584932524279381,0.0024469847935295608,0.002958973088432737,0.0016199859920533743,0.007712207640830693,0.003692786207695198,0.0044667863999228175,0.0
2019-12-04,-0.006235612333647111,-0.007397479864546419,-0.006169630119919778,-0.0030991592016438307,-0.00739747986454653,-0.005821414937289826,-0.00529088583025239,-0.0070140562453386845,-0.0037052412425327974,-0.008407304341934707,-0.006236544208928718,-0.0009813542688911214
2019-12-05,0.005919700542240891,0.019445940156424646,0.007979871413844819,0.005148695319225016,0.019445940156424646,0.0013499660022686655,0.0008275023501385093,0.009453339347988976,0.01246062402935233,0.01202829943701067,0.012511684714490379,0.011787819253438192
2019-12-06,-0.0004876148108190481,-0.007904460446667927,0.0047938160510383465,-0.004352324947707986,-0.007904460446668038,-0.0037664401393302516,-0.004145066093435457,-0.008049277067424754,0.0015535249475451263,-0.005324733406365967,-0.00681753895575965,0.0
2019-12-09,0.009005242147531511,0.012276818166148562,0.0055805149858789704,0.014266426114601272,0.012276818166148562,0.010476928615685832,0.010323776754271652,0.016674458078187238,0.009363358016252654,0.003704681240998431,0.008387863054858391,0.007766990291262044
2019-12-10,-0.005869980366667971,-0.006166367420881724,-0.0028932968645029034,-0.0014676620507906302,-0.006166367420881835,0.002491963196866731,0.0024868329497349517,0.00364930407692432,-0.0022242531543481547,-0.0018937659170076282,-0.003365455318779742,-0.00578034682080919
2019-12-11,0.008143082504974641,0.003366782377478117,0.005928782675410416,0.005135603477010919,0.003366782377478339,-0.0036722058735607632,-0.004049716482532273,-0.0018253086444076638,0.00470002397340008,-3.148713547396209e-05,0.0030868728560067282,0.005813953488372103
2019-12-12,0.00492720305794947,0.012787011280165572,0.016082876538118684,0.0025690790266810204,0.012787011280165572,0.0017997690267101962,0.0007657735845139069,-6.937157367437052e-05,0.003833134139059835,0.0003334091379190163,0.003960262875455367,0.021194605009633882
2019-12-13,0.005829703394451213,0.006690297590498329,0.0061555630601317635,0.006056573068274451,0.006690297590498107,0.005727052955666112,0.003920530672729683,0.003393914365257933,0.0018519452872036712,0.0012857298181898624,0.004071557924867353,0.01132075471698113
2019-12-16,0.006152160808123863,0.009450076343024305,0.0020846552255189277,0.012160962714407475,0.009450076343024083,0.01073064889658637,0.01202574702208592,0.016945994722291413,0.008699787794809621,0.0077101712297713565,0.010554677215256714,-0.00093283582089565
2019-12-17,0.01713875360053696,0.022424572871304616,0.015464603557815426,0.020080573915291167,0.022424572871304393,0.006987800574079772,0.005465953299789383,0.006761475087549096,0.013072861641528988,0.006952658189775418,0.014538560317998828,0.013071895424836555
2019-12-18,-0.0044256040398198415,-0.008620265791778992,-0.0014853763754798521,-0.007595073596183832,-0.00862026579177888,-0.0012987162708684163,-0.0009223437964410719,-0.006397327484984117,-0.004452378223078313,-0.008577298204470174,-0.009360511509267422,0.0009216589861751334
2019-12-19,-0.014214538248909614,-0.01460435393510795,-0.0020879874796728704,-0.007570699292363203,-0.014604353935107839,-0.007846213036759586,-0.00777109012106969,-0.007740890669209355,-0.009525961770953773,-0.007599856874365152,-0.010219484180976734,-0.0055248618784530246
2019-12-20,-0.005272597361291376,-0.009795291045372356,-0.01105763265489279,-0.008426159613338813,-0.009795291045372245,-0.011107291742995185,-0.009119888785294683,-0.009870817349840189,-0.007868511631281994,-0.00986635966607885,-0.007567616517878517,-0.005555555555555536
2019-12-23,0.003703497474218498,0.006744124642351634,0.00498589115578163,0.008205011710630261,0.006744124642351634,0.0074311068742731745,0.005586166156251293,0.002268289551093039,0.006879633111693595,0.0015831014325364823,0.0008676163211800425,0.0
2019-12-24,-0.0021636032111596037,-0.00727888150979239,-0.00554877877182125,-0.006724234658079142,-0.007278881509792501,-0.005066588650666337,-0.004494982234742095,-0.004516441868204213,-0.0066461421685014566,-0.00451747022012583,-0.004612806240581913,-0.0009310986964619072
2019-12-25,0.008867851878596511,0.008048449722412032,0.0062492015808663925,0.006973211369551979,0.008048449722412032,0.0037683374312029727,0.0037638157202706246,0.004535535561914994,0.004058750630925312,0.0045365729476527505,0.004565321572431502,0.0018639328984155767
2019-12-26,-0.0021428389772212286,-0.0024968231360701365,-0.0018364954658910415,-0.0016094943934967798,-0.0024968231360700255,0.00029282712948663914,0.00023477406246685817,0.0010084348977068558,-0.0010369083062904405,0.0012363555506385016,0.001166785371686796,0.0
2019-12-27,0.015201322893920066,0.011635588961647958,0.010171638549904882,0.010087636087996454,0.011635588961647736,0.004179477033311674,0.003152649442405231,0.004991811537480739,0.011317127292367335,0.004536991773740118,0.008787135845844452,0.006511627906976791
2019-12-30,0.0009623139802743541,-0.007269404002478441,-0.005092084746870951,-0.004150689665781582,-0.007269404002478441,-0.010151226527116197,-0.01037602026655804,-0.010910177772653684,-0.006095997874379533,-0.011141500310549168,-0.01117145831580646,-0.0027726432532346745
2019-12-31,-0.010760990700349415,-0.012150146661994099,-0.009751641703653613,-0.011053457290767343,-0.012150146661994099,-0.004473929830645207,-0.0034448873037153938,-0.0030294835356733385,-0.010561417310496979,-0.002573697291782029,-0.008654306804603329,-0.006487488415199305
2020-01-02,0.001990568443611229,0.0018085135444101397,0.004379007718755323,0.002223386626593271,0.0018085135444101397,0.00588380819328127,0.005649271767123043,0.0066437217542372196,0.0036410598936922334,0.00641572247612654,0.006367594639504759,0.009328358208955168
2020-01-03,0.0075046919945465085,-0.005032888663503043,-0.006418579073889763,-0.004656152167043182,-0.005032888663503043,-0.0020269214786412526,-0.002539177521409197,-0.006069176316335856,-0.005968321138771326,-0.00630000559792443,-0.0049615871426579305,-0.0009242144177450395
2020-01-06,-0.016021102971128687,-0.016850243476623894,-0.01717096973022303,-0.014788609607585879,-0.016850243476624005,-0.006025515370095547,-0.00425117991751911,-0.009847396445668233,-0.015085235941626585,-0.008936149015754347,-0.013246148146111802,-0.007400555041628065
2020-01-07,-0.013047104840785306,0.0028386849991326457,0.002447906708863856,0.005620646164258725,0.0028386849991326457,0.004050491907257259,0.0034670330792991866,0.004646050191393414,0.004911845744363097,0.004644974276318603,0.003353424017263018,-0.00745573159366264
2020-01-08,-0.01562556047271091,-0.005408119803166689,-0.005351554697013761,-0.0003858827680742749,-0.005408119803166689,0.001305511987220509,0.0029080016788731733,0.0036116953135292285,0.0013433887865705874,0.004071873995860509,-0.0003521284658151158,-0.0046948356807511304
2020-01-09,0.016342723991612074,0.01664430877334855,0.014193024465423365,0.013370857297505756,0.01664430877334855,0.005874543681070765,0.004373474170193292,0.0073459407422502565,0.010042429250554097,0.0064225982385166525,0.013085502832123064,0.014150943396226356
2020-01-10,0.0037947588258784304,0.0022444094500067013,0.0023794943394761514,-0.0010212930271936704,0.0022444094500067013,0.0014000949182715328,-7.913293882810812e-05,0.005843579177913005,-0.0013075018833109686,0.004932488996437501,0.004992431293546318,0.0018604651162790198
2020-01-13,0.011533316877011757,0.00967470291138417,0.01043165911799937,0.011720028708607444,0.00967470291138417,0.014875698727941034,0.011694138263361742,0.013349264354175272,0.01626552998944142,0.01132153925268753,0.014579586347123641,0.006499535747446661
2020-01-14,0.011922145847878873,0.000694508951454953,0.0009735744681591552,-0.0004811116778834501,0.000694508951455175,0.0025748443769875173,0.0015714049536765806,0.0052102349809812765,0.0016558907662795885,0.004777716519996034,0.002907742632408006,0.007380073800737907
2020-01-15,-0.00920755070303747,-0.007421219438999982,-0.007765364777715278,-0.006450691795683472,-0.007421219439000204,-0.0057597333525506444,-0.005278641862002997,-0.01023662541835435,-0.008786908478508604,-0.01004983371200252,-0.012071023790696689,-0.008241758241758323
2020-01-16,-0.0010747467200125094,-0.001036935637971248,-0.00023638960301008982,-0.0005726145598939913,-0.001036935637971137,0.005879394540103444,0.005057536006909169,0.006916705737477491,-0.00500793436365965,0.005811888711856561,0.0019846570325376955,-0.004616805170821747
2020-01-17,0.004027813129623414,0.0010161143533991002,0.004923521558509281,0.00444932285297428,0.0010161143533988781,-0.0038623257279891687,-0.0013396073252098795,-0.001886984544489323,0.0025877215152403377,-0.001714440868786249,0.0020663066722479417,0.0
2020-01-20,0.006390280733432396,0.0037344799331267,0.003250290995734373,0.003980562349816585,0.0037344799331267,0.002429377987704706,0.0025996048235930047,0.0022165987187958702,0.0031657621026512928,0.0022165987187963143,0.004251774563257094,0.002782931354359919
2020-01-30,-0.07266989761858866,-0.05894687751697281,-0.05923670194240516,-0.06287886094093986,-0.05894687751697314,-0.04239655927953012,-0.04742697110570049,-0.04544908799365699,-0.06585896572978545,-0.04544908799365688,-0.05981225380807387,-0.037927844588344084
2020-01-31,0.008584100370093717,0.004677337768900225,0.003896877071213556,0.002367685097913519,0.004677337768900447,0.008988011851178035,0.010579437113607204,0.012458475991263152,0.009861534529380656,0.01245847599126293,0.010238682124786402,-0.009615384615384581
2020-02-03,0.009735758792029037,-0.009764680001616899,-0.010437861974215146,-0.003824948824049712,-0.009764680001617121,-0.010678736945801237,0.0008396659523359773,-0.0004087248568210855,0.004578168098873681,-0.00040872485682075244,-0.00018972304947451057,-0.011650485436893177
2020-02-04,0.021188270759687988,0.018341416185048143,0.018057001146609464,0.01914806337144115,0.018341416185048143,0.014840608926633747,0.01646523012995016,0.017462431268993273,0.020167288422294316,0.01746243126899305,0.021706506124580915,0.01866404715127712
2020-02-05,-0.005316321142063818,0.0014850720626582437,-0.0005887420426786694,7.458500745927132e-05,0.0014850720626584657,-0.004585240821709746,-0.00652986885176654,-0.006503931688572995,-0.006786797375384679,-0.006503931688572551,-0.007280807276289658,0.0028929604628735728
2020-02-06,0.022372391039376716,0.025521449930607565,0.018984416906741908,0.022705778296479684,0.025521449930607565,0.015497207391498513,0.017098827500769964,0.015597993324251602,0.023861015263160867,0.01559799332425138,0.020549385189852165,0.017307692307692246
2020-02-07,-0.008766613841414528,-0.014803324864451795,-0.013839585972071133,-0.009390996655846084,-0.014803324864451795,-0.012399728985524772,-0.012297955372842173,-0.013137619148567592,-0.015422921007944734,-0.013137619148567481,-0.015236708659968734,-0.013232514177693666
2020-02-10,-0.002504435043116149,-0.00764725026204871,-0.00781266502127842,-0.008752665278073501,-0.0076472502620489324,-0.006549473922241034,-0.0015688477031198245,-0.0014118345471523241,-0.006871482987284572,-0.0014118345471527682,-0.003936731619409328,-0.004789272030651381
2020-02-11,0.011573709595007253,0.009469542571944656,0.002455415518817894,0.009217521732848288,0.009469542571944656,0.00676874059739907,0.00627834290775775,0.004193327016277282,0.005641580191644957,0.004193327016277282,0.0029111297033412864,0.009624639076034613
2020-02-12,0.008980801580918296,0.01191247691526831,0.012980526519367874,0.009193902410193244,0.01191247691526831,0.014773100135336392,0.009367855800774594,0.012606427883765203,0.011771437967386778,0.012606427883765203,0.008847847068852888,0.011439466158245759
2020-02-13,0.0008867817879349982,0.006691001237186134,0.008209648042318829,0.008996668205122793,0.006691001237186134,0.002157670922576127,0.001182689958598715,-0.0002967272554975642,0.007730196152460289,-0.00029672725549734214,0.0056646622580063255,0.0009425070688031667
2020-02-14,0.003669080486889076,-0.0027200966915503777,0.0011801062238780968,-0.0032194929019908614,-0.0027200966915502667,0.0006951598591860009,0.0009600719363334065,0.0008208077227156441,0.0007475526496223406,0.0008208077227156441,0.0013896148549106258,0.0009416195856872811
2020-02-17,-0.010187256726543525,-0.00406925582257589,-0.0027562905586597797,-0.0029153049988140944,-0.004069255822575779,-0.00046690033589558144,-0.007105905326054041,-0.005931371678302821,-0.005989129568234386,-0.005931371678302821,-0.008926165561582988,-0.006585136406397019
2020-02-18,-0.010141926991070416,-0.01947424714835211,-0.014770463173566895,-0.012903054204049358,-0.01947424714835222,-0.010367492411346046,-0.004816878709839267,-0.010338544836578034,-0.010763199891494546,-0.010338544836578034,-0.01695084013510073,-0.012310606060606077
2020-02-19,0.012525454794640956,0.01088371334217575,0.014273466738442764,0.007849131712576396,0.010883713342175971,0.008063229146606288,0.0083572155978624,0.00980906666174608,0.01121100869853997,0.00980906666174608,0.014637414559431239,0.0086289549376799
2020-02-20,-0.0071877844406584845,-0.0071277499651647425,-0.008047803000865161,-0.006839154620148058,-0.0071277499651648535,-0.006408240120249986,-0.005358774563059887,-0.005552059436665702,-0.010301319146258758,-0.005552059436665702,-0.01041135269104465,-0.0019011406844107182
2020-02-21,-0.005454251959206569,-0.00487649039212934,-0.002649225432444613,-0.006409995995147244,-0.004876490392129451,-0.006918800611374287,-0.010405951762777699,-0.009474278381324086,-0.01191731135486207,-0.009474278381323864,-0.005507169410150503,-0.003809523809523818
2020-02-24,-0.002278188407046744,-0.015316626788140275,-0.015302744698710735,-0.013183252107641374,-0.015316626788140053,-0.015121980169922944,-0.008383661144206855,-0.011000907319961395,-0.013432024045906155,-0.011000907319961284,-0.010055859602105088,-0.011472275334607929
2020-02-25,1.5862555291068503e-05,0.0011233390244236308,0.0012784506834637721,-0.0021370134512314065,9.082827211703837e-05,-0.005325838916583336,-0.007215531544571663,-0.005382744370902692,-0.004877658596210921,-0.0054427784720744166,-0.002420854059195676,0.0
2020-02-26,-0.028922902734824674,-0.011047515875720948,-0.013230049014695267,-0.010131389242270084,-0.010088158593149599,-0.013582962638154394,-0.013582962638154061,-0.013577055204119559,-0.017489692890586328,-0.013582962638154061,-0.0174722967302543,-0.008704061895551285
2020-02-27,-0.03428427591813077,-0.013174092523245085,-0.011900917564416025,-0.011970175407014949,-0.012018406310492113,-0.015544965565446267,-0.015544965565446156,-0.01686081515378346,-0.02384494843509144,-0.015544965565446378,-0.020084310050567322,-0.009756097560975618
2020-03-02,-0.01007418477418387,-0.010560620960296974,-0.013442196173026888,-0.007255757237535354,-0.009622929794115942,-0.010091543739928155,-0.010091543739927822,-0.011894445385566166,-0.010594389594991815,-0.010091543739927933,-0.01500392860128097,-0.011822660098522175
2020-03-03,0.013651122752929457,0.013215014842868467,0.012106935004863262,0.012538462333691491,0.012030235569931325,0.00938072602338802,0.009380726023387576,0.011221715283010747,0.013495192060832606,0.009380726023387798,0.013865679431714684,0.012961116650049842
2020-03-04,0.00027654021273582075,0.006412621380194272,0.009063984059884733,0.005735932170903402,0.005844538235816765,0.008454181162395047,0.008454181162395269,0.008461770048251438,0.011249692483861429,0.008454181162395269,0.011845413661535797,0.0019685039370078705
2020-03-05,0.01658806742836405,0.011115595122011879,0.012084128840544883,0.008143455322270787,0.010136605332471627,0.011536690197146537,0.011536690197146315,0.011546959199702611,0.015329022445952578,0.011536690197146537,0.013180043254755303,0.01080550098231825
2020-03-06,-0.020720582529580756,-0.013109789114165493,-0.017880974852551135,-0.011008145023580496,-0.011966750139216664,-0.011274150636327085,-0.011274150636327085,-0.012604005471874347,-0.014067526120838059,-0.011274150636327418,-0.016581057661344323,-0.016520894071914483
2020-03-09,-0.03384669224541925,-0.025137633781745494,-0.03092471386532325,-0.021256829115632203,-0.022919344563349875,-0.02313190361677886,-0.023131903616778637,-0.02496581803522857,-0.029931766094452472,-0.02313190361677886,-0.03362167962608209,-0.020750988142292592
2020-03-10,-0.0013112277074860401,-0.0025427466794576414,-0.005649763504314009,-0.0010388837992864053,-0.002313096677072357,0.0034894747469575993,0.0034894747469575993,0.004417834619366845,0.0018450544620334242,0.0034894747469575993,0.0014573539549753711,-0.006256306760847541
2020-03-11,-0.0007629551215498909,-0.0017798600477213489,-0.0015993569822599918,-0.00021528662697656298,-0.0016187380114895955,0.00032119708527900137,0.0003211970852787793,-0.0005122383350428805,-0.0002887092571409733,0.00032119708527900137,-0.0001619332592239786,-0.011982128350934262
2020-03-12,-0.0610778597064654,-0.0333887784739858,-0.039280874078503336,-0.030053837472220124,-0.03046307827468675,-0.030625792383392136,-0.030625792383392136,-0.03370093312670286,-0.042516254214544635,-0.030625792383392247,-0.04130826100750562,-0.03391572456320657
2020-03-13,-0.07918628439231568,-0.05527595902394633,-0.06764682371216701,-0.04410744277963197,-0.0502802029584235,-0.04064807117959324,-0.040648071179593126,-0.049536538535393526,-0.05881536670584764,-0.040648071179593126,-0.06412664902679144,-0.0238297872340425
2020-03-16,0.0,0.0,0.0,0.0,0.0,0.0,0.0,0.0,0.0,0.0,0.0,-0.0387968613775066
2020-03-17,0.0,0.0,0.0,0.0,0.0,0.0,0.0,0.0,0.0,0.0,0.0,-0.02426303854875289
2020-03-18,0.0,0.0,0.0,0.0,0.0,0.0,0.0,0.0,0.0,0.0,0.0,-0.03439460841273534
2020-03-19,0.0,0.0,0.0,0.0,0.0,0.0,0.0,0.0,0.0,0.0,0.0,-0.046690734055354954
2020-03-20,0.0,0.0,0.0,0.0,0.0,0.0,0.0,0.0,0.0,0.0,0.0,0.060338298409492674
2020-03-23,0.0,0.0,0.0,0.0,0.0,0.0,0.0,0.0,0.0,0.0,0.0,-0.028571428571428692
2020-03-24,0.0,0.0,0.0,0.0,0.0,0.0,0.0,0.0,0.0,0.0,0.0,0.04338235294117654
2020-03-25,0.0,0.0,0.0,0.0,0.0,0.0,0.0,0.0,0.0,0.0,0.0,0.028893587033121948
2020-03-26,0.0,0.0,0.0,0.0,0.0,0.0,0.0,0.0,0.0,0.0,0.0,0.009360730593607425
2020-03-27,0.0,0.0,0.0,0.0,0.0,0.0,0.0,0.0,0.0,0.0,0.0,-0.007011988237955236
2020-03-30,0.0,0.0,0.0,0.0,0.0,0.0,0.0,0.0,0.0,0.0,0.0,-0.012300683371298415
2020-03-31,0.0,0.0,0.0,0.0,0.0,0.0,0.0,0.0,0.0,0.0,0.0,0.004151291512915156
2020-04-01,0.0,0.0,0.0,0.0,0.0,0.0,0.0,0.0,0.0,0.0,0.0,0.0
2020-04-06,0.0,0.0,0.0,0.0,0.0,0.0,0.0,0.0,0.0,0.0,0.0,0.00941662838768953
2020-04-07,0.0,0.0,0.0,0.0,0.0,0.0,0.0,0.0,0.0,0.0,0.0,0.019795221843003308
2020-04-08,0.0,0.0,0.0,0.0,0.0,0.0,0.0,0.0,0.0,0.0,0.0,0.015171798304328465
2020-04-09,0.0,0.0,0.0,0.0,0.0,0.0,0.0,0.0,0.0,0.0,0.0,-0.00219780219780219
2020-04-10,0.0,0.0,0.0,0.0,0.0,0.0,0.0,0.0,0.0,0.0,0.0,-0.001321585903083622
2020-04-13,0.0,0.0,0.0,0.0,0.0,0.0,0.0,0.0,0.0,0.0,0.0,-0.003970004411116168
2020-04-14,0.0,0.0,0.0,0.0,0.0,0.0,0.0,0.0,0.0,0.0,0.0,0.024579273693534187
2020-04-15,0.0,0.0,0.0,0.0,0.0,0.0,0.0,0.0,0.0,0.0,0.0,0.0049708234277068275
2020-04-16,0.0,0.0,0.0,0.0,0.0,0.0,0.0,0.0,0.0,0.0,0.0,-0.003225806451612856
2020-04-17,0.0,0.0,0.0,0.0,0.0,0.0,0.0,0.0,0.0,0.0,0.0,0.027615965480043192
2020-04-20,0.0,0.0,0.0,0.0,0.0,0.0,0.0,0.0,0.0,0.0,0.0,-0.0018895653999581041
2020-04-21,0.0,0.0,0.0,0.0,0.0,0.0,0.0,0.0,0.0,0.0,0.0,-0.027135044173327683
2020-04-22,0.0,0.0,0.0,0.0,0.0,0.0,0.0,0.0,0.0,0.0,0.0,-0.0017297297297297343
2020-04-23,0.0,0.0,0.0,0.0,0.0,0.0,0.0,0.0,0.0,0.0,0.0,0.006064544076239908
2020-04-24,0.0029133811662731546,0.0029133811662731546,0.0029133811662733766,0.0029133811662731546,0.0012419630063957854,0.0029133811662731546,0.0029133811662731546,0.0029133811662731546,0.0029133811662731546,0.0029133811662731546,0.0029133811662731546,-0.001291711517761085
2020-04-27,0.0009836065573769481,0.0009836065573769481,0.0009836065573769481,0.0009836065573771702,0.0004200076007687681,0.0009836065573771702,0.0009836065573769481,0.0009836065573769481,0.0009836065573769481,0.0009836065573771702,0.0009836065573771702,0.01983186031472295
2020-04-28,0.010481493612839898,0.010481493612839898,0.010481493612839898,0.010481493612839898,0.0044782001967451635,0.010481493612839898,0.010481493612839898,0.010481493612839898,0.010481493612839898,0.010481493612839898,0.010481493612839898,-0.001690974424012004
2020-04-29,0.007131280388979144,0.007131280388978922,0.007131280388978922,0.007131280388978922,0.003065036786920272,0.007131280388978922,0.007131280388978922,0.007131280388979144,0.007131280388978922,0.007131280388978922,0.007131280388978922,0.014185898793140028
2020-04-30,-0.003862246540070724,-0.003862246540070724,-0.003862246540070835,-0.003862246540070835,-0.0016667296596902803,-0.003862246540070946,-0.003862246540071057,-0.003862246540070835,-0.003862246540070724,-0.003862246540070835,-0.003862246540070835,0.0215031315240084
2020-05-04,-0.0058158319870760256,-0.0058158319870759145,-0.0058158319870760256,-0.0058158319870760256,-0.0025042684280001115,-0.0058158319870759145,-0.0058158319870759145,-0.0058158319870760256,-0.0058158319870760256,-0.0058158319870760256,-0.0058158319870759145,-0.02513795217657877
2020-05-05,0.0006499837504061468,0.0006499837504061468,0.0006499837504063688,0.0006499837504063688,0.00027895061477312133,0.0006499837504063688,0.0006499837504063688,0.0006499837504061468,0.0006499837504063688,0.0006499837504061468,0.0006499837504061468,0.0016771488469602414
2020-05-06,-0.0013796687236115046,-0.0013796687236116156,-0.0013796687236116156,-0.0013796687236116156,-0.0005923258761107997,-0.0013796687236115046,-0.0013796687236115046,-0.0013796687236116156,-0.0013796687236116156,-0.0013796687236116156,-0.0013796687236115046,-0.000837170364169082
2020-05-07,-0.00037485942771464664,-0.00037485942771464664,-0.0003748594277145356,-0.00037485942771464664,-0.00015980110917501733,-0.0003748594277145356,-0.00037485942771464664,-0.0003748594277145356,-0.00037485942771464664,-0.0003748594277145356,-0.00037485942771464664,0.006284038542103021
2020-05-08,-0.0011820330969266601,-0.0011820330969266601,-0.0011820330969266601,-0.0011820330969267712,-0.0005037877057556539,-0.0011820330969266601,-0.0011820330969266601,-0.0011820330969267712,-0.0011820330969268822,-0.0011820330969266601,-0.0011820330969267712,0.005203996669442157
2020-05-11,-0.0002958579881656709,-0.0002958579881656709,-0.0002958579881657819,-0.0002958579881656709,-0.0001260104089335634,-0.0002958579881657819,-0.0002958579881657819,-0.0002958579881657819,-0.0002958579881656709,-0.0002958579881657819,-0.0002958579881656709,0.008904535100434874
2020-05-12,-0.0026635099141758545,-0.0026635099141759655,-0.0026635099141757435,-0.0026635099141757435,-0.0011342366060219655,-0.0026635099141758545,-0.0026635099141757435,-0.0026635099141757435,-0.0026635099141757435,-0.0026635099141757435,-0.0026635099141758545,-0.012725779967159179
2020-05-13,0.0029673590504453173,0.0029673590504450953,0.0029673590504450953,0.0029673590504450953,0.001261693955049381,0.0029673590504453173,0.0029673590504450953,0.0029673590504450953,0.0029673590504450953,0.0029673590504450953,0.0029673590504450953,0.0031185031185030354
2020-05-14,0.0008875739644969016,0.0008875739644971237,0.0008875739644969016,0.0008875739644971237,0.0003780312268011343,0.0008875739644971237,0.0008875739644969016,0.0008875739644969016,0.0008875739644971237,0.0008875739644971237,0.0008875739644971237,-0.011398963730569922
2020-05-15,-0.0011823825007389877,-0.0011823825007389877,-0.0011823825007389877,-0.0011823825007389877,-0.0005038511642609933,-0.0011823825007392097,-0.0011823825007388766,-0.0011823825007389877,-0.0011823825007390987,-0.0011823825007390987,-0.0011823825007388766,0.004402515723270328
2020-05-18,0.005327019828351709,0.005327019828351709,0.005327019828351709,0.005327019828351709,0.002268473212043709,0.005327019828351709,0.005327019828351709,0.005327019828351487,0.005327019828351709,0.005327019828351709,0.005327019828351487,-0.008557712377374127
2020-05-19,-0.0035325287017957674,-0.0035325287017957674,-0.0035325287017956564,-0.0035325287017957674,-0.0015088925922704943,-0.0035325287017955453,-0.0035325287017957674,-0.0035325287017956564,-0.0035325287017957674,-0.0035325287017956564,-0.0035325287017957674,0.0094736842105263
2020-05-20,0.0017725258493352936,0.0017725258493352936,0.0017725258493352936,0.0017725258493352936,0.0007555863948491837,0.0017725258493352936,0.0017725258493352936,0.0017725258493352936,0.0017725258493352936,0.0017725258493352936,0.0017725258493352936,0.0
2020-05-21,0.0008846947803007321,0.0008846947803007321,0.0008846947803007321,0.0008846947803007321,0.0003775079575480955,0.0008846947803009542,0.0008846947803009542,0.0008846947803009542,0.0008846947803009542,0.0008846947803007321,0.0008846947803009542,0.008759124087591053
2020-05-22,0.0005892751915144157,0.0005892751915144157,0.0005892751915144157,0.0005892751915144157,0.00025157699937938816,0.0005892751915144157,0.0005892751915144157,0.0005892751915144157,0.0005892751915144157,0.0005892751915144157,0.0005892751915144157,-0.016745916890634538
2020-05-25,0.008781453205622292,0.007958152672291163,0.008781453205622514,0.007958152672290941,0.003496783800107428,-0.0023577511583149358,0.0038474012232474486,0.0037246800428840654,0.004196677214342692,0.0038474012232474486,0.006807531706097603,0.002523128679562614
2020-05-26,0.006047731310125926,0.0040687968554389276,0.0060477313101257035,0.0040687968554389276,0.001799114833493265,0.008447796929617724,0.00638024806453541,0.008399752007899108,0.007203812301955326,0.00638024806453541,0.006061858131987563,0.01468120805369133
2020-05-27,0.0010577940006981645,-0.0006532053900454304,0.0010577940006979425,-0.0006532053900454304,-0.0002894845993177686,-0.0003348095286925812,-0.0003336736093123571,-0.00033292123690742415,7.379719343258984e-05,-0.00033367360931246814,-0.00016894528077138204,-0.0020669698222406385
2020-05-28,0.007455451722752748,0.008679484415142324,0.0074554517227531925,0.008679484415142324,0.0038451350300101605,-0.0019198552160144544,0.00028653688171664804,0.0020402199715228164,-0.0024571893551534885,0.00028653688171664804,0.00871133355284126,-0.0057995028997515075
2020-05-29,0.010899061733362636,0.01120063281507,0.010899061733362636,0.01120063281507,0.00498593597387087,-0.0009998910942305983,0.00010589685493966883,0.002106338755510917,0.0006533422751628937,0.00010589685493966883,0.010111629194444083,0.0047916666666665275
2020-06-01,0.009242876536039057,0.007333349574606407,0.009242876536039057,0.007333349574606407,0.0032846104750394733,0.00824833020029403,0.003234463567340695,0.008705904274550313,0.005851729129899619,0.003234463567340695,0.009673571968291661,0.00684221438938426
2020-06-02,0.0010201308008033205,0.0012823678694113827,0.0010201308008035426,0.0012823678694113827,0.0005766910020177374,-0.00041897638662613534,-0.00783685134887846,-0.00848993984868085,-0.0008633839481907435,-0.00783685134887846,-0.00521784640521783,0.007001647446457815
2020-06-03,0.001569372304282446,-0.000475067790572159,0.0015693723042822239,-0.00047506779057227,-0.00021379242858654557,0.0026629673122284814,0.0011318917975726706,0.00012155778618039292,0.0068685618992223585,0.0011318917975726706,0.00024863692195231657,0.016564417177914237
2020-06-04,0.0020333054475800694,0.0012776818803945655,0.0020333054475802914,0.0012776818803945655,0.0005748386497403946,-0.001658669989400785,-0.0006933503345588621,0.00031146366031720163,-0.0006827225297678652,-0.0006933503345587511,0.002054198018674125,0.005230335948501308
2020-06-05,0.002291760536730525,0.0008998584731620962,0.002291760536730081,0.0008998584731618742,0.00040513745312642513,0.0010846543694147393,-0.0016515788298038236,-0.0008855470967444878,0.0005473505635149589,-0.0016515788298039347,0.0012498982299133932,0.0076045627376426506
2020-06-08,-0.004107752252314523,-0.0051700254071704865,-0.004107752252314079,-0.0051700254071703755,-0.0023288181388307905,0.00607922216180401,-0.0026136428940866097,0.00016263444403219474,-0.00147988515759101,-0.0026136428940864986,-0.004287195846121583,0.012909632571995955
2020-06-09,-0.0030773198232774135,-0.0025941452645137364,-0.0030773198232777466,-0.0025941452645137364,-0.0011651950312769888,-0.0019902459174141462,-0.0019951385303733637,-0.003963707252710447,0.00021884177724351694,-0.0019951385303734748,-0.003914131109009289,0.0039215686274509665
2020-06-10,0.008819612935941912,0.006841307836029209,0.008819612935942134,0.006841307836029209,0.003068468794804158,-0.00040986222582062304,0.0028836080048217916,0.004101261600293782,0.00391062822924737,0.0028836080048217916,0.008257915547214445,0.0087890625
2020-06-11,-0.00583021334699152,-0.0041045336866059046,-0.00583021334699152,-0.0041045336866059046,-0.0018478931225830442,-0.0019883107760663155,0.0014000474358180082,0.0013811778493786342,-0.004054972991184735,0.0014000474358177861,-0.004974407863303609,-0.015488867376573068
2020-06-12,-0.005322824103934143,-0.0056336621150935295,-0.005322824103934365,-0.0056336621150934185,-0.0025305845280223505,-0.0014992554236878952,0.0017062217306422767,0.00018778732559421307,-0.002132564949125393,0.0017062217306422767,-0.004317512857148764,-0.009832841691248762
2020-06-15,-0.002332279091770695,-0.0036507381648983595,-0.0023322790917704728,-0.0036507381648985815,-0.0016347734050251583,-0.0002468784380013078,-0.004412092162682901,-0.0036117222637988,-0.005721894002870487,-0.004412092162682679,-0.0023579535674566054,-0.011717974180734947
2020-06-16,0.014585806578869542,0.01527595689273964,0.01458580657886932,0.01527595689273964,0.00682664720478332,0.004245198681640305,0.006451479021164497,0.007619696752004357,0.012262909770217378,0.006451479021164497,0.010036972497855512,0.02290996784565924
2020-06-17,0.005196566360280874,0.0047419455580188785,0.005196566360280652,0.0047419455580191006,0.0021369039369658616,0.004985095103118065,-0.001133264757069652,0.003846691567146454,-0.0032849103608926233,-0.001133264757069652,0.00527756869475593,-0.0019646365422396617
2020-06-18,0.0060753559467709994,0.0033433580507147287,0.0060753559467709994,0.0033433580507145066,0.0015105628602885002,-0.0015629836274455577,-0.0031949370301536106,-0.00239312152133464,-0.0032870692124250533,-0.0031949370301536106,0.0053743885373471745,0.0009842519685039353
2020-06-19,0.017772905662623018,0.018025553039565656,0.017772905662623018,0.018025553039565656,0.008159030519801602,-0.00048007424076956795,-0.0010553539270515833,0.0034266502279491906,0.007388302240776579,-0.0010553539270518053,0.00936095153450478,-0.000983284169124965
2020-06-22,0.006685014379638421,0.010246948732933303,0.013573591138331675,0.010246948732933081,0.0060717919203849835,-0.0050481738455674385,-0.006207190839892074,-0.007312603052925026,0.004442625707016257,-0.0037759447718760386,-0.0020635832256910014,0.003937007874015741
2020-06-23,-0.00737937347617057,-0.006872737849061394,-0.016268550251186453,-0.006872737849061283,-0.004852053399065359,-0.009855573712254206,0.006145249631821947,0.001459720098917927,-0.0067485058513512275,-0.01171909075155153,-0.014011165368645995,0.0039215686274509665
2020-06-24,0.008811330801097972,0.008347544361879455,0.0054475611528843615,0.008347544361879233,0.0058812789895335005,0.0061910614675453335,0.004012070590163841,0.0044036180447097895,-0.0030392047658733823,0.005363656486874424,0.004876032988312851,0.00390625
2020-06-29,-0.019272242227212466,-0.007860530769629115,-0.010700662166365005,-0.007860530769629115,-0.005551731287969486,-0.011488371243056128,-0.00317296418889057,-0.011675563913204678,-0.002447786525804019,-0.008235118560565358,-0.008321863863020917,-0.0077821011673151474
2020-06-30,0.017772734470882456,0.010682595957389518,0.006876631061194072,0.010682595957389518,0.00752738100930106,0.012613985412903705,0.00837263868728133,0.006655174613481307,0.0029884562652444657,0.009448852591805723,0.01307547093313377,0.006862745098039191
2020-07-01,0.007999717383912142,0.008225967263578937,0.01111306370201448,0.008225967263578937,0.0058144950201528545,0.012417741325304377,0.015002671863077133,0.011227250080902751,0.0045749363407765475,0.010248709837115122,0.012756726334986368,0.00778967867575453
2020-07-02,0.017908548851479855,0.010170028544580934,0.005666477820426952,0.010170028544580711,0.00720588267222988,0.019337586908365623,0.017735502217606003,0.020920844523656168,0.011192834673091845,0.021828824071435715,0.01664513369238385,0.008695652173912993
2020-07-03,0.016931670176020486,0.02450129186765526,0.019824013235966387,0.02450129186765526,0.017411260922049365,0.014676756344515818,0.018419882847837465,0.015526452567914184,0.004155053226257532,0.014686620640020243,0.011796757639419564,0.011494252873563093
2020-07-06,0.03061990424742511,0.030077112788323035,0.03307698581184004,0.030077112788323035,0.021522531624136754,0.02694097158825315,0.039731847342917126,0.025974578217426103,0.03228707688374288,0.032057366696427,0.024317294365875375,0.01799242424242431
2020-07-07,0.002467082733873749,-0.0021796772003839227,-0.00472114418241576,-0.0021796772003838116,-0.0015727915931964542,-0.002910348596307233,-0.0015566086368219434,-0.0034268582984807727,0.0001499143636343181,-0.002754979827872428,-0.0049047489489200125,0.0027906976744185297
2020-07-08,0.009764017125380109,0.017807410140119995,0.02203814026233064,0.017807410140119773,0.01284149824122971,-0.0011974395958302964,0.005714345568873069,-0.0005701636191126624,0.015569837678899967,-0.00026799681968647793,0.006669053062556163,0.008348794063079756
2020-07-09,0.006269242836901112,0.0036185877708561076,0.006549990636456782,0.0036185877708561076,0.0026222745965420735,0.006443722742547786,0.009108610760446556,0.007217194147581596,-0.0017902211455902428,0.005532534521686783,0.009528166163312868,0.0009199632014718073
2020-07-10,-0.029058954180714358,-0.02015373580983615,-0.020872024340964912,-0.02015373580983615,-0.014619279360806536,-0.027701357020851525,-0.03904737968933847,-0.025158674022380145,-0.023604136591481972,-0.017118424800016685,-0.016005050449412694,-0.006433823529411797
2020-07-13,0.01479152607554135,0.0160807299014305,0.019536498397474178,0.016080729901430724,0.011599253543641108,0.009919560540942562,0.021627200761871856,0.009391636880296872,0.030028836217670607,0.014573303266931736,0.01991751975615408,0.013876040703052706
2020-07-14,-0.020751132320540266,-0.013731799692147661,-0.014004319062234427,-0.013731799692147884,-0.009948817371313368,-0.009788036773224151,-0.005809384426014974,-0.009036508318837955,-0.014014223267619697,-0.012582936429076375,-0.013288076086743428,0.007299270072992803
2020-07-15,-0.00047298850278365556,-0.0008853865736674349,-0.006850864834243242,-0.0008853865736672129,-0.0006390197995226332,0.010022916188775932,-0.0061128002867206765,0.010128882850689802,-0.0026052863330610077,0.006651588128506969,0.008088708436160497,0.0036231884057971175
2020-07-16,-0.003521479060706323,0.00024014706797981233,-0.00012585205794746201,0.0002401470679795903,0.00017328125870852418,0.0007607526836159728,0.002551398047585085,0.0007560090008214004,-0.0023387682697425527,-0.004444362236497246,0.002231265015452122,-0.008122743682310363
2020-07-17,-0.008553732602969766,-0.009764890971206919,-0.012255861783893707,-0.009764890971206919,-0.007046455886721481,-0.002753380249908677,-0.009695725507376074,-0.0031000574088740906,-0.004185929614142769,-0.005154484305623153,-0.008266434243423881,0.008189262966332933
2020-07-20,0.011964513648175412,0.009432439187007313,0.005623092320460099,0.009432439187007313,0.006787920430333827,0.008117581382172334,0.00994257717278857,0.007304559881569528,-0.004623918103244695,0.008149023592559645,0.009990134719895849,0.0018050541516245744
2020-07-21,0.024788868177118006,0.03378424383323009,0.029292256518667736,0.03378424383323009,0.024376210564663436,0.015760551037345083,0.01565578342339924,0.01300656358549701,0.01801263448822521,0.015664040114204303,0.018174699532915728,0.014414414414414267
2020-07-22,0.0168422406401878,0.01933960821755565,0.021061786748707956,0.022297430064220913,0.016970094950825354,0.0036447112623274602,0.008290525125854709,0.0017715903762232088,0.022400224567002525,0.006719760844191347,0.013346403980774912,0.002664298401421128
2020-07-23,-0.0024477744957429604,-7.288742518785085e-05,-0.0022117019848982844,0.008258530123583574,-6.936014591718553e-05,-0.007304897272013555,-0.007304897272013444,-0.00868862644150159,-0.0024477744957429604,0.013017893898475519,-0.001105158890409963,-0.0008857395925598865
2020-07-24,-0.028156937111362135,-0.026279692544927014,-0.023263248864902497,-0.03109582916804632,-0.025007837429302238,-0.013917574034355562,-0.013917574034355562,-0.011245695635256236,-0.028156937111362024,-0.0076944371797894595,-0.0233332204097364,-0.0035460992907800915
2020-07-27,0.016054427987615583,0.020199671548998932,0.019840459680815936,0.01244054896595137,0.019196995723345545,0.006428254390524302,0.00642825439052408,0.0019421182394283587,0.01605442798761536,0.02041553332612378,0.013182313138259127,0.048932384341636936
2020-07-28,-0.013235118958561332,-0.019995521650396086,0.001977601143245966,-0.011073093091132358,-0.01902167440459812,-0.021443901743983584,-0.021443901743983362,-0.014257864193607195,-0.013235118958560999,-0.01822163949051303,-0.02406439140872818,0.0025445292620864812
2020-07-29,0.007039700013139472,0.00789481023225691,0.0023257304592703143,0.0016319494785224098,0.007502851463176752,0.007000624442073278,0.007000624442073278,0.007260255825493056,0.0070397000131392495,0.010708153820493838,0.0071147498833199485,-0.009306260575296155
2020-07-30,0.023090729728375337,0.01692488780323731,0.029687642205128872,0.01755583331377486,0.016090864463705,0.004618039405897445,0.004618039405897223,0.0058699189326894,0.023090729728375337,0.0019368372424310998,0.01655221510827043,0.016225448334756587
2020-07-31,0.014262498212997965,0.012432556900706881,-0.006812226882570993,0.006436158520906954,0.011829608267936331,-0.0004809743751452711,-0.00048097437514516006,-0.0020883453192361845,0.01426249821299752,0.001214827252256745,-0.009603747908626392,-0.003361344537815225
2020-08-03,0.004857931562751494,0.008986793102844448,-0.012834716992233486,-0.007554996612147757,0.008556051104219753,0.004174973639778035,0.004174973639778035,-0.0010330329244395697,0.004857931562751716,0.016010738327787655,-0.005215986406592488,-0.015177065767284947
2020-08-04,0.03492948980015087,0.03629913982991506,0.026048294825547602,0.031575771837898836,0.03457406169767596,0.03097703306153088,0.0309770330615311,0.02767196672601191,0.03492948980015087,0.02849690571661534,0.03306077283836206,0.011986301369863117
2020-08-05,0.012841737300497424,0.01302856454646184,0.018129647173374508,0.0219063951936731,0.012430087609203166,0.00879248032231894,0.00879248032231894,0.012733662475310714,0.01284173730049698,0.009921507824259823,-0.0005527481387763711,0.008460236886632888
2020-08-06,0.013260421879075945,0.01097083922787867,0.016376360952376157,0.00830910656389583,0.010473072735959876,0.00456257780874858,0.004562577808748802,0.010711967606741535,0.013260421879075945,0.008341238444982135,-0.004652680424617972,0.01090604026845643
2020-08-07,-0.03460724714264707,-0.031755210878993134,-0.02475848528753688,-0.0341461890710697,-0.030329353578923635,-0.021084763008321405,-0.021084763008321628,-0.02272771105934568,-0.034607247142646735,-0.019661538437552473,-0.02349138660805261,-0.00663900414937757
2020-08-10,0.00041808410018173703,-0.0025486630806290655,0.0035257665494348167,-0.002022720526617783,-0.0024306448114141954,-0.005663279442051805,-0.005663279442051583,-0.0047555320425157754,0.00041808410018129294,-0.00779054824889891,-0.00010435341446846103,0.00835421888053478
2020-08-11,0.0018360552331619928,0.003096248359020448,0.007728127455448375,0.003097954465357544,0.002952524290254166,-0.006261481376542588,-0.006261481376542477,-0.00671862527073841,0.0018360552331622149,-0.009052574114025158,-0.011390914130028906,-0.006628003314001596
2020-08-12,0.0024762376969797995,0.0007358437377942284,-0.0012594140465536086,0.0023668721632659206,0.0007017873222359139,-0.002052153497791198,-0.002052153497791087,0.0010671369524697383,0.0024762376969795774,-0.008573594725490241,-0.01399516209205276,-0.014178482068390341
2020-08-13,-0.00985150406184676,-0.009816795142572055,-0.008373643757595306,-0.012768082388806667,-0.009362771581232443,0.014121387453651657,0.014121387453651657,0.015486403305480012,-0.00985150406184665,0.009320321905611273,0.008221783904063473,0.010998307952622577
2020-08-14,0.01860535045448697,0.021048778650882394,0.022039409002634347,0.030444010177540504,0.020066078734771065,0.01418523592371912,0.01418523592371912,0.015279794063439045,0.01860535045448697,0.013861845436605291,0.02211910694737207,-0.0008368200836819106
2020-08-17,0.006308426683812263,0.004944024524679902,0.008993068257340475,0.008514336295730951,0.004717744442136684,0.013161824558476143,0.013161824558476365,0.014764458391846702,0.006308426683812041,0.016457368510362613,0.015479385103867038,0.010887772194304812
2020-08-18,-0.030090158424701197,-0.029938329610870507,-0.0182593109470488,-0.033996898081943505,-0.028574534261437967,-0.019728823851890454,-0.019728823851890676,-0.017383897349420474,-0.030090158424701197,-0.012841097296181103,-0.025301954969214835,-0.004971002485501308
2020-08-19,-0.0006167050297871679,8.981262763496645e-06,-0.001196751872058699,0.007330519700961657,-0.0003611713453051113,-0.0009821163292876856,-0.008469030934206034,0.007702988238513564,0.0081927417161336,-0.00029963176824454596,-0.006874698782024291,-0.007493755203996644
2020-08-20,-0.06680243191760715,-0.06680243191760782,-0.05885038966632006,-0.056938605577469215,-0.06680243191760671,-0.04899684200445764,-0.043684680648996776,-0.0491817112045585,-0.06111442619225993,-0.058005533373996165,-0.06419275444388273,-0.030201342281879318
2020-08-21,0.022582390542255526,0.022582390542255748,0.016347447949133898,0.026805232038558113,0.022582390542255304,0.025122282304666177,0.015729176080115925,0.03719788235904553,0.028069534229567816,0.033801368096910034,0.03194669790659965,0.018166089965397925
2020-08-24,0.011481190267781605,0.011481190267782049,0.008361253948999892,0.012594346933345602,0.011481190267782049,0.013694540365142727,0.014542857050604763,0.008517195749090822,0.01017439162160283,0.009779450739566098,0.014790343111158455,0.003398470688190214
2020-08-25,0.0011625430023043393,0.0011625430023041172,0.001043223705622598,-0.005713958320337387,0.0011625430023038952,-0.007501962927512262,-0.009080802253693565,0.0003854012840351917,0.01735448440565257,-0.0067284289678907205,-0.009308982426553758,0.0042337002540220325
2020-08-26,-0.0003904656813846774,-0.00039046568138445537,-0.00029290557810779383,-0.004874407547880932,-0.0003904656813845664,-0.002668016797731876,0.00233816721776825,-0.0029820790339645242,0.0026978419404664056,-0.004966995430807475,-0.003966862390416215,0.006745362563237878
2020-08-27,-0.01911033414359553,-0.019110334143595753,-0.017688810035627944,-0.009885844682111733,-0.019110334143595087,-0.00553491342897805,-0.003350129451360262,-0.004993449184569898,-0.015526484219388625,-0.009752576031601845,-0.011256894829647757,0.0
2020-08-28,-0.009389629307880787,-0.009389629307881009,-0.006180325613732163,-0.00048109077473912354,-0.009389629307880787,-0.007441131724890471,-0.004619486382030913,-0.005032614575060879,-0.00920489152021886,-0.004165115849929069,-0.0034401391226005495,-0.007537688442211143
2020-08-31,-0.02507820772988123,-0.025078207729881563,-0.022201289506672772,-0.02283233733824419,-0.025078207729881008,-0.020595858338815165,-0.017726706006174653,-0.0049346601896771425,0.0038151649343249883,-0.02459470073770964,-0.026881073296101232,-0.011814345991561281
2020-09-01,0.027582040504614325,0.027582040504614547,0.025476343126992873,0.023376268133399103,0.027582040504614103,0.01779544763879648,0.01645891758725848,0.008412826350729263,0.011143493966637497,0.022371545039903573,0.02705635343033963,0.006831767719897686
2020-09-02,0.0025047167356799793,0.0025047167356799793,0.0038776985691684196,0.005276246204962698,0.0025047167356799793,-0.002068401695351052,-0.003245946774507069,0.0033983193166648995,0.006971708206878091,0.0021551249106335213,0.0013946994608426966,-0.0008481764206955678
2020-09-03,0.008960787593998099,0.008960787593998099,0.009125104537937467,0.005603826766666042,0.008960787593997654,0.0014543647873948018,0.00013613358490416338,0.0008202562000543256,0.01129730870227319,0.0029426269239045677,0.002013113308960701,0.002546689303905003
2020-09-04,-0.019350862179824735,-0.019350862179824624,-0.02233665508685434,-0.022620876125363454,-0.01935086217982407,-0.015137297021165397,-0.014857249605948364,-0.010127314451073954,-0.008944011822926479,-0.01518521122961447,-0.01440394891399599,-0.009314140558848383
2020-09-07,-0.004254572853534921,-0.0042545728535351435,-0.0017253411755342452,-0.017681587115902953,-0.00425457285353481,-0.017594564339546426,-0.002798276344345818,-0.016856179632545487,-0.002924291804148993,-0.018722486990439546,-0.00895058991521891,0.0
2020-09-08,-6.226161960143362e-05,-6.226161960121157e-05,-0.002984058762800501,0.001235561079194758,-6.226161960154464e-05,0.006749405627682448,-0.001325817674085572,0.0028835052670426187,-0.005590584781034247,0.00808905777154778,0.0034009443164506603,0.006837606837606813
2020-09-09,-0.007351406847674213,-0.0073514068476745464,-0.004783656408055226,-0.012182658905044885,-0.007351406847674102,-0.008431590115564491,0.0017956100264615582,-0.006366513303138088,-0.0008555885293232146,-0.010406653409992694,-0.004500553956964248,-0.005093378607809784
2020-09-10,0.004676576736819982,0.004676576736819982,0.007553464889605177,0.00840440019660793,0.00467657673681976,0.0030857778681825376,0.0009809733054533254,0.0010862653569674308,0.002088889743776745,0.003976866413136104,0.002347157901568364,0.0068259385665527805
2020-09-11,0.0011516459954181713,0.0011516459954181713,0.001059938701976515,0.003033172691666808,0.0011516459954183933,0.0013130894230601875,-0.0006803549463206826,-0.003958482554279219,-0.014221902075625681,0.0004464435317501625,-0.0010243255150305108,0.0
2020-09-14,0.026250882641939643,0.026250882641939866,0.02455015718729925,0.023956079807814,0.0262508826419392,0.02230590920733877,0.021977482523849234,0.0216566008523289,0.012055591955897116,0.025468648322131804,0.02851591377666951,0.009322033898305104
2020-09-15,0.007384667322155147,0.007384667322155147,0.008523367620960176,0.00472445972030533,0.007384667322154703,0.00419010438468459,0.012007732558078077,0.006107104915037853,0.011978177075606,0.004623141668034236,0.012887074327698533,0.005877413937867448
2020-09-16,0.012126731707909455,0.004989126976481684,0.014467318469520318,0.008824717813535221,0.004989126976481684,-0.00640879734714872,-0.0008233858925479343,-3.427467399996775e-05,-0.0024263915288466054,-0.005648280794498972,0.00472815628162726,0.013355592654424209
2020-09-17,-0.00014744996884064054,-0.00019870047019809878,0.0010672084534344428,0.0006701338078551888,-0.00019870047019832082,7.256422767976112e-05,0.002176724862828827,0.0019320821124586551,0.001549169113584714,0.002176724862828827,0.0012133665747726674,-0.011532125205930832
2020-09-18,-0.002916498016552027,-0.0008565276518733844,0.00016692789099859162,0.006395575360023997,-0.0008565276518734954,-0.00036295170250544295,0.001270825106472584,0.001031594123952262,0.002962027288244462,0.001270825106472806,0.0002889539102897132,0.0
2020-09-21,-0.003695379344369254,-0.006400912886437959,-0.005572928427265089,-0.005435001847849064,-0.006400912886437626,-0.0029294304696658724,-0.0052484272502754115,-0.002197952597426611,-0.004887977564256962,-0.0052484272502756335,-0.0038977502590388236,-0.008333333333333304
2020-09-22,-0.011316470499138753,-0.007032046236181255,-0.008111885327999668,-0.008270316980907966,-0.007032046236181477,-0.007606266551344332,-0.0036138198754531725,-0.0033527140869162864,-0.00909669279060199,-0.0036138198754530615,-0.004488488324045581,-0.010084033613445453
2020-09-23,0.00855835697048346,0.008321672152093118,0.006682387801831613,0.006340874552685616,0.00832167215209334,0.010877807086992819,0.006352654910072086,0.0020888399973257865,0.011423515031142584,0.006352654910072086,0.0100036983251941,-0.002546689303904892
2020-09-24,-0.031291657223501024,-0.03614595035077228,-0.029540843972255648,-0.029671389339113063,-0.03614595035077206,-0.03277843451022744,-0.02877683537946174,-0.02843570539835094,-0.03826079074733013,-0.028776835379462073,-0.02744575433111085,-0.02212765957446805
2020-09-25,-0.01173901496348273,-0.014502401457026304,-0.018066068186711304,-0.017789096545247074,-0.014502401457026415,-0.013882947867685402,-0.013572322120197877,-0.008948900007792027,-0.006561210754214564,-0.0135723221201981,-0.014753164278710096,0.0
2020-09-28,0.03711607738345957,0.03638538915885969,0.03643434853566707,0.027192556192373152,0.03638538915885947,0.04077332975751369,0.03714118704708458,0.024687357273123656,0.026061314763013543,0.03714118704708502,0.038046700268122846,0.014795474325500324
2020-09-29,-0.005957110054266912,-0.0018999115238006459,-0.0018726814079935705,0.0013593667505105156,-0.001899911523800757,-0.003052537942185074,0.0007145707063536122,0.0007169390984635982,0.005588879696954985,0.0007145707063538342,-0.004667659890301823,0.0034305317324185847
2020-09-30,0.01520897024144574,0.012076419622921497,0.01319769942677329,0.005451635033985491,0.012076419622921719,0.011563317783065852,0.010088617802800126,0.005153953837602421,0.00909492455347971,0.010088617802800348,0.012496816640561681,0.004273504273504258
2020-10-05,0.013488108360850237,0.013373241813376735,0.004289505048826525,0.0072334384888299574,0.013373241813376957,0.013728897576143595,0.013438853221798164,0.012843471814218743,0.01577790077621022,0.013438853221798164,0.010413507021804769,0.002553191489361728
2020-10-06,0.008271607993351582,0.007465181833070211,0.0048301008783888655,0.0055944977721964495,0.007465181833070211,0.009960130975448012,0.0051020413667608455,0.006773737101242849,0.004586464922739619,0.0051020413667610676,0.009618504666620176,0.011035653650254718
2020-10-07,0.013317071526504742,0.01932624576637032,0.010485377915467886,0.014477919074595835,0.01932624576637032,0.0161899721299521,0.01574811357323025,0.010552071019489517,0.012490039418053822,0.01574811357323047,0.016161673925489062,0.005877413937867448
2020-10-08,0.02374579646664121,0.026670028576141203,0.02592456894144357,0.017127751108423128,0.026670028576141203,0.021448355544566367,0.021477282827195854,0.009408366127203305,0.013901433704073263,0.021477282827196298,0.02188057670015997,0.01085141903171949
2020-10-12,0.007811010210633906,0.013667904598648528,0.012371222450153097,0.017947121587854387,0.013667904598648306,0.004996113873518615,0.0061029915979482485,0.006930959950043558,0.008571254718497512,0.0061029915979480265,0.005444480029310972,0.009083402146986108
2020-10-13,0.005453168643178907,0.004020870090853057,-0.007549057579229412,-0.006484544157773109,0.004020870090853057,0.0026841503822836454,-0.0010335259787148665,0.001189263284942177,0.00022831352213281697,-0.0010335259787149775,0.0041991509636079005,-0.002454991816693952
2020-10-14,0.006050245498764983,0.005439465664244469,0.007063169441796857,0.003662766057010103,0.005439465664244469,0.006328275882248935,0.008761640322103803,0.006030604854337707,0.010822722874454627,0.008761640322104025,0.006605496369729735,-0.003281378178835115
2020-10-15,-0.009452697717446501,-0.010806256570838113,-0.015837950743139873,-0.01155148933692296,-0.010806256570838113,-0.010158770844239884,-0.011693527204593934,-0.009074919647313107,-0.014237398521583344,-0.011693527204594045,-0.008608778484162749,-0.0057613168724279795
2020-10-16,-0.01611763162228408,-0.016412293323246785,-0.012638704967907977,-0.011167469819446496,-0.016412293323246896,-0.015486235567973128,-0.010482726322914582,-0.006654271525124322,-0.009493696419657138,-0.010482726322914693,-0.015698253062859657,-0.004966887417218513
2020-10-19,0.009036185515704842,0.01419089631009629,0.008858353919208195,0.008986402887561029,0.01419089631009629,0.005631163824818097,0.004016996566571063,0.0060529053270304,0.0030192109361248942,0.005970318783841577,0.008576285075181156,0.008319467554076532
2020-10-20,-0.0023058965354388894,0.0007014011864170389,0.0007014011864168168,0.003324698954563443,0.0007014011864170389,0.006912731982790632,0.0023351023511097857,0.006912731982790632,0.007307472017947569,0.006912731982790854,0.004721121523815652,-0.0016501650165017256
2020-10-21,0.0014786534290207598,-0.0022532902706364766,-0.0022532902706362545,-0.004501007272474156,-0.0022532902706364766,-0.0019397411941476372,0.001491696286979538,-0.0019397411941476372,-0.0039683517214536,-0.0019397411941475262,-0.003020005040261009,-0.0016528925619835322
2020-10-22,0.00032315907452429293,-0.003614040887422898,-0.003614040887423009,-0.005416235379567369,-0.003614040887422898,-0.005075810647581336,-0.005860382404509812,-0.005075810647581225,-0.004878554405705726,-0.005075810647581558,-0.006163151270084044,0.002483443708609201
2020-10-23,0.0058232363175885204,0.0025981511892636533,0.0025981511892636533,-0.0019246673154231786,0.0025981511892634312,0.001415655192255949,0.00649937675737422,0.001415655192255949,-0.004000262489173068,0.001415655192256171,0.004328143175613475,0.0008257638315443128
2020-10-26,0.01574743854311822,0.011870411838709627,0.011870411838709405,0.0005982517668421394,0.011870411838709627,0.010221351125658362,0.010500964032199578,0.010221351125658584,-0.0008526294097078724,0.010221351125658806,0.012200513492414133,0.0008250825082507518
2020-10-27,-0.0074730484647826945,-0.005932678040290851,-0.00593267804029074,-0.005215708998217328,-0.005932678040290962,-0.0042757518166413044,-0.0007569554750326279,-0.0042757518166414155,-0.0033002768015243378,-0.0042757518166415265,-0.005335495133575896,-0.00577081615828523
2020-10-28,-0.023806893340560742,-0.025049915453150606,-0.02504991545315083,-0.015419583994146335,-0.025049915453150384,-0.020435422212432997,-0.009902463350064283,-0.02043542221243344,-0.01092897340214427,-0.02043542221243344,-0.023988884787650933,-0.005804311774460946
2020-10-29,-0.013911238017861871,-0.0087573141565912,-0.008757314156591312,-0.01564849956371961,-0.0087573141565912,-0.008396332493205372,0.0014293724841250022,-0.00839633249320515,-0.013428955953661004,-0.00839633249320526,-0.00859301184697392,-0.011676396997498006
2020-10-30,-0.007351564633943375,-0.007762194456512828,-0.0077621944565127166,-0.008141231637654456,-0.007762194456512939,-0.008448270862035256,-0.007578431064932056,-0.008448270862035479,-0.0053490259949900976,-0.008448270862035479,-0.009763686068801625,-0.0075949367088608
2020-11-02,-0.005353076185372174,-0.010961155993984173,-0.010961155993984173,-0.014711266647388088,-0.010961155993984062,-0.011060486000043834,-0.0017576063669969555,-0.011060486000043723,-0.013318272419942767,-0.011060486000043612,-0.013346470220990225,0.003401360544217802
2020-11-03,0.013259328481673549,0.012993917223054208,0.01299391722305443,0.009702967361254977,0.01299391722305443,0.008869194543157377,0.004724275092134578,0.0088691945431576,0.005706699854552744,0.008869194543157155,0.011199680769576892,0.014406779661017
2020-11-04,0.009646886994268078,0.01464082707958414,0.014640827079584362,0.017136614404645423,0.01464082707958414,0.014412148618283549,0.008092414367674161,0.014412148618283549,0.012330014193342675,0.014412148618283771,0.016525322409480347,0.014202172096908994
2020-11-05,0.005327633020909328,0.003625332369485257,0.003625332369485035,0.001736470291413772,0.003625332369485035,0.0008744038136356824,-0.002603102145284475,0.0008744038136354604,0.00032053152110744776,0.0008744038136356824,0.0019858331721909206,0.0008237232289949326
2020-11-06,0.0007109149481590027,0.0032817975756407325,0.0032817975756409545,0.003620962630374036,0.0032817975756409545,0.006085643832715704,0.005224081029775229,0.006085643832715704,0.005069042902210885,0.006085643832715704,0.004237154678766064,0.004115226337448652
2020-11-09,0.023072227768208498,0.02062032163929839,0.020620321639298833,0.019453745252635324,0.02062032163929861,0.021215794124473053,0.019393255338293613,0.021215794124473053,0.010799963897136777,0.021215794124473275,0.028057329642356965,0.012295081967213184
2020-11-10,-0.01495288025835484,-0.022151280047024713,-0.022151280047025157,-0.007128250407384962,-0.022151280047024935,-0.020960885084440606,-0.020562380524045576,-0.020960885084440606,-0.005252411281923108,-0.02096088508444094,-0.020676929809544498,-0.004048582995951455
2020-11-11,0.008264086389164982,-0.0005148780781838447,-0.0005148780781836226,-0.0019964270608342494,-0.0005148780781837337,-0.0013705973447490916,-0.0036002703497490796,-0.0013705973447492026,-0.00035703154246780056,-0.0013705973447492026,-0.0046521964810131156,0.010569105691056846
2020-11-12,-0.0008441909283547488,0.004048854880482233,0.004048854880482011,0.011845420230074621,0.004048854880482455,-0.009104981408944668,-0.005918127414811236,-0.009104981408944779,-0.0014119518694518662,-0.009104981408944779,0.003763200777202158,0.0032180209171359664
2020-11-13,0.0016063024647330337,0.00559004015274156,0.005590040152741782,0.005523193796987513,0.005590040152741782,0.010947847626203266,0.008153685642608988,0.010947847626203266,0.008390961315189571,0.010947847626203266,0.006945187263822428,0.002405773857257376
2020-11-16,0.020962412901276872,0.02178763448503851,0.02207229822155643,0.01574892892291091,0.021787634485038287,0.01897354628671266,0.013287050799639877,0.01686483713043363,0.005753205869700517,0.016864837130433852,0.013497133768848535,0.03200000000000003
2020-11-17,0.0011753762581860894,0.0017891188514478351,-0.0008256973773320686,-0.0017136304735002605,0.001789118851447613,-0.003648604554096768,-0.001747130136855124,0.0018943701625733222,0.0034723423891098726,0.0018943701625733222,-0.0021170676950041933,-0.012403100775193798
2020-11-18,0.018063249201929255,0.013862414421632163,0.01781332106645639,0.015125886497670882,0.013862414421632385,0.013942120924020474,0.002661221512231249,0.011128239731114542,0.009311843285126464,0.01112823973111432,0.012137296295326783,0.012558869701726705
2020-11-19,-0.003144786400301691,-0.003801692738600093,-0.003151858311247646,-0.0038221660349964104,-0.003801692738600315,-0.0016248166501392491,-0.0005943110321445788,-0.003880939058913624,-0.0042883502665269635,-0.003880939058913624,-0.002014482859962863,-0.0046511627906976605
2020-11-20,0.005522869577397671,0.0036110240501703306,0.005535328526576677,0.005947390796993357,0.0036110240501703306,0.0024345409272901186,-0.00036259341210820306,0.003248353415435501,0.007332460149051423,0.003248353415435723,0.006503897770459455,-0.0031152647975077885
2020-11-23,0.02517829471769928,0.023618093467327794,0.021589150760627396,0.02138747349112391,0.023618093467327794,0.006339337778360932,-0.00017868916442986826,0.005217443655221032,0.01815797094043292,0.00521744365522081,0.01926996687479221,0.012499999999999956
2020-11-24,0.0015334701795775008,0.0031187474652454306,0.0015423100859193184,0.0027593365545290904,0.0031187474652454306,-0.005991610448548346,-0.0031505574691064187,-0.004881878524249039,0.005052448429893053,-0.004881878524249039,0.003930071246470268,-0.0038580246913579863
2020-11-25,-0.002524288267778285,-0.00379533959221523,-0.0047314897267966005,0.0014303275793416947,-0.003795339592215119,-0.0011826401808117115,-0.002844858643615722,0.0013959142480604037,0.00524899431266479,0.0013959142480601816,0.0027133576760745015,-0.009295120061967421
2020-11-26,0.011684302387185763,0.011187500791791205,0.011502228817041882,0.008946183625410331,0.011187500791791205,0.007024736609454907,0.002439582394233808,0.007175574920409877,0.008621688901645497,0.007175574920409877,0.008476238272680847,0.007818608287724738
2020-11-27,0.0007084571147089047,0.00013087968349512202,0.0004419880773083307,0.0016149485345107184,0.00013087968349512202,-0.00011545256815348459,-0.0031886515752034272,-0.0004350102821329971,0.0013079192045224453,-0.00043501028213288606,0.0016226862367789696,0.0
2020-11-30,-0.010334618645823634,-0.004476490072237271,-0.008516857086172891,-0.0011484558082388574,-0.00447649007223716,-0.010990703288851988,-0.0070366801083227015,-0.009217292475120709,0.0026998666462627607,-0.00921729247512093,0.0009860540931827533,-0.01241272304111718
2020-12-01,0.008507204511373656,0.004391787450683804,0.006916407373356082,0.0017866977582483567,0.004391787450683804,-0.003219895221315161,0.001487623871154975,-0.0009500181584082279,0.0015806743483806063,-0.0009500181584082279,-0.0005979963185535064,0.00785545954438338
2020-12-02,0.004725744388616837,0.004915560039053801,0.00367403969059632,0.003436984358089701,0.004915560039053801,-6.925022961423721e-05,-0.0017259070415125422,0.000415865512163327,0.0016489257493632614,0.000415865512163327,0.0011892753833027125,0.01013250194855786
2020-12-03,0.0035116478377592575,0.0038461062762831233,0.003544074567002342,0.006435016543566263,0.0038461062762829012,-0.0013900833072497676,-0.0015367919525077767,-0.0008974556332279615,0.0074106672317029165,-0.0008974556332279615,0.006984663163350335,0.0
2020-12-04,0.016055089636817232,0.013463201566412897,0.015661558459469926,0.012720388160493368,0.013463201566413341,-0.0048314491843951535,-4.345317834264506e-05,-0.003346047456339707,0.012625186735194527,-0.003346047456339707,0.011308371306415044,0.013888888888889062
2020-12-07,0.009197240886551272,0.01084284234979127,0.009019007702711912,0.011204712032669484,0.01084284234979127,0.0006460598511059956,0.0008456584671909795,0.0011276382428100362,0.008974031230693846,0.0011276382428100362,0.008580808050781208,0.011415525114155223
2020-12-08,0.022320442090691506,0.020608737480126038,0.023066682117759862,0.02203280229814042,0.020608737480126038,0.01404917732607558,-0.003844809107798608,0.01069268632895004,0.016658836942923916,0.01069268632895004,0.019822719681058754,0.012791572610985513
2020-12-09,0.003710788688145783,0.003745417800218087,0.0037443129160927846,0.003738860598335725,0.003745417800217865,0.020743855143699363,0.01215789346910734,0.022724746996753753,0.006650917681264801,0.022724746996753753,0.004747218850184254,0.0
2020-12-10,-0.012004082073492794,-0.01336511057757539,-0.013655078418500777,-0.012295276037976532,-0.01336511057757539,-0.004892029345705207,-0.003595708833709188,-0.0010964332581505642,-0.0069319084410426335,-0.0010964332581505642,-0.010531364183297032,-0.009658246656760627
2020-12-11,-0.010679192660425496,-0.012953590412939975,-0.012357661373847306,-0.012916990457332078,-0.012953590412939864,-0.016574060727280515,-0.006516786269028962,-0.016397210622875913,-0.013872297992126414,-0.016397210622876024,-0.01401348555159232,0.0007501875468867159
2020-12-14,0.001797127010874533,0.00693720646114282,0.012139314782514843,0.007981057761047072,0.006937206461142376,0.0040848982195209604,0.00376808234005499,0.0034954681048362524,0.014999232183872557,0.0038709341068710046,0.009189919130835111,-0.002998500749625266
2020-12-15,-0.007061297664958888,-0.007396801307686385,-0.008062272702680229,-0.007396801307686274,-0.007396801307686385,-0.005934960025603564,-0.012458729513326161,-0.008295188653026031,-0.011070482859573239,-0.0061389569141391265,-0.013263125253169528,-0.011278195488721776
2020-12-16,0.014386676865731474,0.010129638659005735,0.018424017837727735,0.010129638659005735,0.010129638659005957,0.00037797284749130355,0.003497843349723473,0.0013311779640017285,0.016138096590537554,0.0007365943108827988,0.010073190893035822,0.013688212927756682
2020-12-17,0.00728580376358634,0.004302511933069075,-0.010554544405747657,0.004302511933069297,0.004302511933069297,0.009041045240732126,0.00942095202627602,0.01317393995131777,-0.0011955212372581903,0.00960560822650569,0.005205546677583106,-0.0015003750937735427
2020-12-18,-0.002707725241804848,-8.026048135034713e-05,0.004816311981301613,-8.026048135079122e-05,-8.02604813506802e-05,-0.010366982381141754,-0.004875962172993797,-0.00939905461177315,0.0017091115116303346,-0.009417402653500995,-0.0014453624517819508,-0.003005259203606392
2020-12-21,0.01323406004715455,0.009915026879907085,0.011269685201614976,0.009915026879907307,0.009915026879907307,0.0017650228221504083,0.012246919044571758,0.0014424526633214363,0.005293205258309008,0.0008540929787148599,0.01042223337703363,0.010550113036925435
2020-12-22,-0.024531059776719988,-0.024876197672583755,-0.023503442384336992,-0.024876197672583644,-0.024876197672583866,-0.012896819117309444,-0.01958115435912755,-0.01647945605418044,-0.02160849071108517,-0.013961947987110812,-0.02146441575752922,-0.012677106636838076
2020-12-23,0.009377426840204928,0.018899665174810343,0.015388976628352147,0.0188996651748099,0.01889966517481012,0.016474418468593433,0.01230676834781308,0.01695812504073335,0.01542926223448049,0.014162503080879851,0.017806695648667548,0.0030211480362538623
2020-12-24,0.011877001906153373,0.002474483241076353,0.002135623500999717,0.002474483241076575,0.002474483241076353,0.000659285768570772,0.004538828935474637,0.0005013968892151333,0.0013414758008509775,-0.0026476002386527364,0.003269670722678697,0.003765060240963791
2020-12-25,0.019357540676868457,0.017856987374166966,0.009518913158539144,0.017856987374166966,0.017856987374166966,0.009377023580086963,0.02083737407480868,0.010636361299717345,0.013383444024435587,0.003394764959709251,0.020225999334869238,0.0022505626406601476
2020-12-28,0.022372424001664948,0.020269780185503627,0.029491480337500153,0.020269780185503627,0.02026978018550385,0.005857223179594584,0.01808976071376711,0.004757399699444331,0.02563179776742719,0.0060006348292962475,0.021532830723091756,0.009730538922155807
2020-12-29,0.011420876404612423,0.010715408036076957,0.011125718175765353,0.010715408036076957,0.010715408036076957,-0.0031769145777574836,0.003145715796937232,-0.0059696167009591905,0.004324275863262006,-0.007605475343868351,0.005039673025849067,-0.000741289844329085
2020-12-30,0.011111797310695115,0.008326817943624887,0.014856050502600304,0.008326817943624887,0.008326817943624887,0.002510214211600914,5.509741929254908e-05,0.003609444080161728,0.003870394586703574,0.001884818206753458,0.002709987020645732,0.013353115727002818
2020-12-31,0.015296076396635438,0.01712545974683799,0.012966741319528685,0.017125459746837768,0.01712545974683799,-0.0018017347400538508,0.008127244895030916,-0.0021154083729295614,0.005364592227866227,-0.006868857095573833,0.011214945556728528,0.0065885797950220315
2021-01-04,0.03717691739327322,0.041562692687268976,0.024351335509400496,0.0415626926872692,0.041562692687268976,0.02080811696130236,0.03243053196515633,0.020220181024800832,0.025569957916314667,0.022807442383315335,0.031678156763055076,0.018181818181818077
2021-01-05,0.01583937699744875,0.014974783133532954,0.015594747912943907,0.014974783133532732,0.014974783133532732,0.002227834058793343,-8.761467385853816e-05,0.0017744948915567882,0.0027382486326705813,0.0033549798596013147,0.004465617551254297,0.0035714285714285587
2021-01-06,-0.013300380504286169,-0.017417575372162153,-0.00919796143803675,-0.017417575372162042,-0.017417575372162153,-0.005042973627608971,-0.012349975150817594,-2.2848783351014923e-05,-0.01903599352480745,-0.009480423434460317,-0.01267928732365875,0.00782918149466183
2021-01-07,-0.005764110961112734,-0.006444304049284089,0.0011856110918975205,-0.0064443040492842,-0.0064443040492842,0.0019267023151634532,-0.01644142061549303,0.0025324859427533486,-0.009669210833966213,0.004935840893193655,-0.0086424787903856,0.02259887005649719
2021-01-08,0.023958941261948974,0.021026784969657708,0.018613266722304456,0.021026784969657708,0.021026784969657708,0.011003113273353682,0.021110006579343032,0.009297512151010823,0.012916762019050454,0.007187106523512732,0.021593401296180703,0.023480662983425216
2021-01-11,0.02395886300682104,0.022380487620565992,0.024456442416918467,0.02238048762056577,0.02238048762056577,0.017551094491043973,0.01995379292147703,0.027027871506292378,0.028921401212819164,0.02636711229530264,0.020260047191000163,0.003373819163292824
2021-01-12,-0.015872800140118715,-0.01655072354152476,-0.014401633365104916,-0.0029566839214756335,-0.016550723541524315,-0.004448556245900903,-0.005145040801445955,-0.003975718223256819,-0.00998615713135731,-0.00366098641625201,-0.012068861793084196,0.0013449899125757003
2021-01-13,0.03313430498825731,0.03128061672319338,0.023263205984022983,0.028163359889243678,0.031280616723193155,0.02812177529012927,0.028121775290129714,0.02812177529012949,0.031821641546491586,0.02812177529012927,0.025723523915870627,0.02081934184016121
2021-01-14,-0.0098885743642102,-0.01379848322942645,-0.00874857501087678,-0.017270777040202412,-0.013798483229426672,-0.010462788664801992,-0.010462788664802214,-0.010462788664801992,-0.01720218832517295,-0.01046278866480188,-0.01223629323527542,-0.009210526315789558
2021-01-15,-0.013140925309320095,-0.00571596740026814,-0.006272497934536103,-0.0035732468710349963,-0.00571596740026814,-0.005185925167324745,-0.005185925167324634,-0.005185925167324856,-0.0071127998637378065,-0.005185925167324856,-0.0033073733958853824,0.0033200531208499307
2021-01-18,0.0014941454358268214,0.0009552274410637995,-0.006347475964193827,-0.009480619009412328,0.0009552274410637995,-0.0035453047994956632,-0.0035453047994958853,-0.0035453047994958853,-0.006929875549016695,-0.0035453047994958853,-0.006920587723522442,0.001323626737260275
2021-01-19,0.017986865165275923,0.020067326410017072,0.02094906955725162,0.028169480446627926,0.020067326410017072,0.004498998286374567,0.004498998286374567,0.004498998286374789,0.018322515256737892,0.004498998286374789,0.01770585798535329,0.024454725710508773
2021-01-20,-0.019438637112578427,-0.012566810815394125,-0.008017134631815859,-0.01101064113247019,-0.012566810815394014,-0.021569758949974926,-0.021569758949975038,-0.021569758949975038,-0.023495882198587226,-0.021569758949974926,-0.022121250911140145,0.004516129032257954
2021-01-21,0.01665657051447611,0.022323031194581455,0.017044617902444603,0.030802610708784872,0.022323031194581455,0.015779972020282917,0.01577997202028314,0.01577997202028314,0.021824803655420277,0.015779972020282917,0.021329031474841775,0.030186255619781832
2021-01-22,0.008594523471726845,0.008387108911361185,0.003817709159348759,0.007920736239823034,0.008387108911361185,0.014236096577239454,0.014236096577239454,0.014236096577239676,0.021799137799729973,0.014236096577239454,0.02069025596988361,-0.012468827930174564
2021-01-25,0.005132630032809615,0.0024995748420588715,0.004210927714646928,-0.00980916941331933,0.0024995748420586494,-0.003265566100482231,-0.00326556610048212,-0.003265566100482342,-0.005223896610383583,-0.003265566100482231,-0.0009277035073207429,-0.011363636363636465
2021-01-26,-0.023511839340774943,-0.02355254965919351,-0.02641647099953104,-0.025474705539078935,-0.02355254965919351,-0.015048377746231134,-0.015048377746231578,-0.015048377746231578,-0.020215919212557387,-0.015048377746231467,-0.02261615226571312,-0.022349936143039595
2021-01-27,-0.0009850798043992137,0.0013657698698033016,-0.000918795184173038,0.008007664710717899,0.0013657698698035237,0.0038972842014985964,0.0038972842014988185,0.0038972842014985964,0.005211017876372903,0.0038972842014988185,-2.874311522194084e-05,-0.0006531678641410466
2021-01-28,-0.02507156388612697,-0.025463241463479558,-0.022677871462097654,-0.02616583549491358,-0.025463241463479558,-0.01626885017451052,-0.016268850174510963,-0.01626885017451074,-0.024965183173541572,-0.01626885017451085,-0.02862187905282243,-0.020915032679738488
2021-01-29,-0.010238461548431999,-0.009385707542127308,-0.01535742092552117,-0.016852058282924354,-0.009385707542127308,-0.008347427231250926,-0.008347427231251037,-0.008347427231251148,-0.01505348131393569,-0.008347427231251037,-0.009470334006705272,-0.018024032042723737
2021-02-01,0.02066606548651273,0.02420118069980859,0.01575309611749498,0.019841891248863153,0.02420118069980859,0.015239694100291246,0.01523969410029169,0.01523969410029169,0.023488771146203735,0.015239694100291468,0.019137009904257818,0.022433718558803717
2021-02-02,0.03112192289793292,0.03187037967308193,0.026259210062383742,0.024643910357624366,0.03187037967308215,0.02460935789138663,0.024609357891387074,0.024609357891387074,0.029500906393681303,0.024609357891387074,0.03175911403773313,0.02859042553191471
2021-02-03,5.112575276466913e-06,0.0031206273781516636,-0.0021764720644569246,-0.0008199125080835534,0.0031206273781512195,0.0005168940297848312,0.0005168940297850533,0.0005168940297848312,0.0011139987186106204,0.0005168940297850533,0.0004943258227698699,0.0006464124111185132
2021-02-04,-0.016969062694663695,-0.01297445690222443,-0.0012886714693568502,-0.004866648593265799,-0.01297445690222454,-0.021334388743679433,-0.02133438874367999,-0.021334388743679766,-0.016668230220707514,-0.021334388743679877,-0.015462192975422062,-0.007105943152454941
2021-02-05,0.009176975921499464,0.012443020645767078,0.01704918372269648,0.019991213243452988,0.012443020645767078,0.002527728750738145,0.002527728750738145,0.002527728750737923,0.015312093887285494,0.002527728750738145,0.019024891116993015,0.009759271307742345
2021-02-17,0.04693720515508981,0.04996853670102763,0.05664153274781114,0.05315668845668453,0.04996853670102763,0.020745673407239984,0.020745673407240206,0.020745673407240428,0.046696238839780246,0.020745673407240206,0.046761471741045835,0.04123711340206193
2021-02-18,0.00286023510001443,0.0036199467853936795,0.0009451356121676913,0.009873796950448765,0.003613215736618436,-0.005037911634784842,-0.00503791163478462,-0.007943387613976505,0.011405763322873907,-0.005037911634784509,0.006796345587145369,-0.0012376237623761277
2021-02-19,-0.014451231521464325,-0.02003823532394966,-0.01970895609009582,-0.010649891452622962,-0.019984739756976566,0.00380913705270558,0.00380913705270558,0.0008152567844534886,-0.0001130791365552275,0.003809137052705358,-0.003891944971513017,-0.009293680297397744
2021-02-22,0.012897364765275476,0.010386704768040156,-0.002790144791032678,0.025094365099663563,0.010358410186766864,0.036786166286238764,0.03678616628623854,0.023935368764622433,0.03313923375988015,0.036786166286238764,0.030630027351918665,-0.0006253908692932519
2021-02-23,-0.011548787648408387,-0.009088252134061281,-0.005705622183454828,-0.00877231841422399,-0.009063748506091263,-0.006547444784986256,-0.006547444784986034,-0.0010975190700459603,-0.011432556479566425,-0.006547444784986145,-0.010430333011195114,-0.003754693366708528
2021-02-24,-0.021785698733985837,-0.026926812898703467,-0.024860187370309372,-0.01741937022848672,-0.026853549129319587,-0.010088658601083655,-0.010088658601083766,-0.01535084127358255,-0.006569923260773325,-0.010088658601083877,-0.01575739362044215,-0.01633165829145722
2021-02-25,0.009956262562382134,0.014858959507858982,0.006014709803498164,0.0031782030937841377,0.014817414915438976,0.011951902593664743,0.011951902593664743,0.013210370467847676,0.013874377760845213,0.011951902593664743,6.361379540753553e-05,0.010217113665389466
2021-02-26,-0.025030727871570124,-0.033718846905526734,-0.041875281170951184,-0.03062913245175869,-0.033625947933890954,-0.026785477073658748,-0.02678547707365897,-0.019587616795026297,-0.023922715055128774,-0.026785477073658748,-0.02458984416396659,-0.020859671302149052
2021-03-02,-0.0030275370006753732,0.0008043876561818486,0.008338527484684555,-0.009754845572648274,0.0008020943696041005,-0.014725583257387265,-0.014725583257387154,-0.00916276025341256,-0.012677809528804929,-0.014725583257387265,-0.013998162543869208,-0.009038089089735357
2021-03-03,0.011206431712820653,0.01403689004151576,0.00769345658651277,0.006207746107497858,0.01399690333602166,0.005107950675683481,0.005107950675683481,0.006034793923782589,0.002198226009632709,0.005107950675683481,0.0009327573791657606,0.016286644951140072
2021-03-04,-0.02655613546706781,-0.03014414476326155,-0.03484175445064963,-0.025914124806251992,-0.03005945887166317,-0.019136089026899783,-0.019136089026899672,-0.017081299880585044,-0.018815904661222294,-0.019136089026899672,-0.025917355059563385,-0.02051282051282044
2021-03-05,-0.010681364305466512,-0.012215450833048092,-0.012923667357158553,-0.017963787700011502,-0.012180069639004754,-0.0124855512917742,-0.012485551291774422,-0.00790056416336049,-0.017280903349787713,-0.012485551291774422,-0.017186062537361102,-0.009162303664921545
2021-03-08,-0.004916643560115563,-0.006678654780135185,-0.011495716992304894,-0.008623572421384784,-0.006659072006831024,-0.01305059295588984,-0.013050592955889728,-0.009912096918616164,-0.004293958501324191,-0.01305059295588984,-0.006632494602209382,-0.0006605019815059121
2021-03-09,-0.0031060235277304837,-0.003821011482211256,-0.011761337277312434,-0.0034920390943679047,-0.0038097326220016825,-0.011407358365490006,-0.011407358365489895,-0.012728242144259938,-0.0038738664061794825,-0.011407358365489784,-0.011348225798838096,-0.001982815598149501
2021-03-10,0.00047334834005163806,0.0015754040843718453,0.0007245094085588377,0.0012635066173716236,0.0015707360231420608,0.0023935680379210122,0.0023935680379210122,0.0033267534112708663,0.0033663478421503967,0.0023935680379210122,0.0033290959737901638,0.0033112582781456013
2021-03-11,0.025809087454482293,0.034519439407088015,0.0404684803487847,0.038271758948331014,0.03441731567344153,0.025717672785258605,0.02571767278525905,0.018148814479254316,0.024642034925879575,0.025717672785258605,0.033905210867150926,0.020462046204620332
2021-03-12,0.004453661562632494,0.006595090451296581,0.0019079148027518755,0.000834930398105227,0.006576228443307519,0.005325968695871319,0.005325968695871097,0.0054837938100988914,0.003119908780853553,0.005325968695871097,0.0026578316781751266,0.0038809831824062613
2021-03-15,0.0012834837886643857,0.002018238624446944,-0.0026125601812013732,0.0007663100855492821,0.002012504158055428,-0.00147185897692248,-0.00147185897692248,-0.0005503966585062026,0.0003791634574430436,-0.001471858976922591,0.0004114532338108656,-0.0012886597938143174
2021-03-16,0.002370097180037556,0.005316147076673605,0.009034119590388245,0.001527735957085996,0.005301072527078565,0.00043116242735385946,0.00043116242735385946,0.002122486270158319,-0.000677322855181961,0.0004311624273540815,-0.0015128120335405892,0.005161290322580614
2021-03-17,0.004661529992798563,0.0028386163308229406,-0.003815493806169412,0.0033324075985545765,0.0028306095505887807,0.004495574045765949,0.004495574045765949,0.002797976141760472,0.007400400370351834,0.004495574045765727,0.0043175906575292355,-0.00898587933247752
2021-03-18,0.018901284000925278,0.018441547361867094,0.01121156264403389,0.013878494485109583,0.018389676795720344,0.011789335388564082,0.011789335388564082,0.011324860484356547,0.014659455059259141,0.011789335388564304,0.01170046664402391,0.0032383419689119286
2021-03-19,-0.02120129418189054,-0.019112102313163848,-0.015338246990522664,-0.017631609793790637,-0.01837871321875395,-0.015930941276137256,-0.009610050231194767,-0.015394494463499941,-0.015850940115232248,-0.015930941276137367,-0.015189747988743174,-0.014202711426727022
2021-03-22,0.026584198261882186,0.025978180602501677,0.021393933567371626,0.02643328055590577,0.022634005437054405,0.018944890019762406,0.0022252020747794976,0.018944890019762628,0.024815893670070643,0.018944890019762628,0.025518913358293593,0.0052390307793059865
2021-03-23,-0.008862554220952723,-0.011561902432015048,-0.010331703782164858,-0.011364624036152127,-0.010106479023499704,-0.00893121448725731,0.002929113618280299,-0.008931214487257533,-0.009690012359845901,-0.008931214487257644,-0.012090576402209563,-0.0006514657980455363
2021-03-24,0.0012503127396379377,0.00015280031644104852,0.005395356766019432,-0.0024495532533819198,0.00013336928621088262,-0.008294864979057848,-0.008154815640735613,-0.008294864979057959,-0.0033084714502371604,-0.008294864979057848,-0.0026792850888291975,-0.014341590612777178
2021-03-25,-0.008525227906570843,-0.0015186438048818696,-0.014630881043571686,-0.0005770276579706302,-0.0013255494492916409,-0.006676396701123188,0.0030100882062467083,-0.006676396701123077,-0.011888543747016533,-0.006676396701123188,-0.013485277889635161,0.003306878306878369
2021-03-26,0.01029722923331855,0.015421560089840414,0.015090318688975923,0.017438699394373813,0.013458118313697032,0.023968685226561703,0.02144835069927087,0.023968685226561925,0.021999969739184166,0.023968685226561703,0.024149468348168668,0.017798286090969118
2021-03-29,0.01480639769862746,0.01116623793647542,0.01789836527652744,0.010747219225593962,0.009763453985128123,0.0018292607751591028,0.005642681637422431,0.0018292607751588807,0.011408053342465196,0.0018292607751591028,0.010264817144385319,0.006476683937823857
2021-03-30,0.009733964757761893,0.012736479832595071,0.011200743431724502,0.01008932733502732,0.011151901640039874,0.010205329773248062,0.012938262476513973,0.010205329773248062,0.01062436886361251,0.010205329773248062,0.010705080293401004,0.003217503217503248
2021-03-31,-0.009997922683261162,-0.004094154586310128,-0.010340286610786342,-0.0022261874980651353,-0.0035904080231434765,-0.0028822223283533344,-0.011909423318718693,-0.0028822223283532233,-0.003474895175858417,-0.0028822223283532233,-0.0037801857788886117,-0.007697241821680634
2021-04-01,0.00686734976604475,0.014146345334859145,0.008280111679923152,0.017194820677957745,0.012399500960541321,0.014784764984672627,0.0018979022435472448,0.014784764984672627,0.01550498968954761,0.014784764984672849,0.012340492535817926,0.007110536522301425
2021-04-06,0.015709325813858532,0.015633848697546027,0.007659356132742046,0.012809911135974295,0.013726966158276621,0.014947994341129034,0.015055353960280238,0.014947994341129034,0.013196081008818306,0.014947994341128812,0.014147825411020332,0.014120667522464547
2021-04-07,0.017993913284491514,0.0173128137756271,0.020301165325021797,0.017333518275729043,0.015229739787811614,0.002817282440069846,0.0014438624652335363,0.002817282440070068,0.01493508912062369,0.002817282440069846,0.016468960857827453,0.0012658227848101333
2021-04-08,0.007437927264213107,0.015003709795307518,0.006158907114537815,0.015599256319661858,0.013225547643035851,0.020787450398022322,0.013346422478767384,0.0207874503980221,0.01425670395192169,0.0207874503980221,0.018448821602263576,0.0037926675094817064
2021-04-09,-0.006146298028738895,-0.004949984317266676,-0.001087433000669269,-0.006045969259052986,-0.004370995203466843,-0.014280040298520036,-0.005145769462049032,-0.014280040298520036,-0.003836127117040178,-0.014280040298519814,-0.0064766396655514535,-0.0031486146095718315
2021-04-12,0.02254717900969916,0.019572873594214002,0.027583344839787527,0.018124602130454193,0.017273425416077348,0.0020017368412326153,-0.017829456259383147,0.0020017368412328373,0.02220444611259431,0.0020017368412326153,0.02222951606504453,-0.00442198357548973
2021-04-13,-0.0003010558840416122,0.0002716947077747722,-0.004025326884918079,0.000272541481791011,0.00024031762851439709,0.002693382273892375,-0.004718058935461178,0.002693382273892375,-0.001808061803265093,0.002693382273892153,-0.0036231720841742865,0.0
2021-04-14,-0.0009419999583162308,-0.002830536066495193,0.0019932165044775907,0.0010608276280417162,-0.002503725813898461,-0.0005129240232677468,-0.007001148533977708,-0.0005129240232676358,-0.003981870362317452,-0.0005129240232675247,-0.005835366408384002,0.005076142131979822
2021-04-15,0.012117596796726193,0.01519273106627117,0.005774895851011985,0.01752542161354853,0.013434193915298431,0.010058120473170895,0.002721470422676342,0.010058120473170229,0.013376114836461506,0.010058120473170451,0.013273960095568471,0.010101010101010166
2021-04-16,0.015496555360733355,0.014067263291200227,0.023412030919307103,0.008302415987925915,0.012460581913894542,0.01603804486420146,0.014092903729675088,0.016038044864201684,0.018204971820336757,0.016038044864201684,0.017451986696074062,0.0
2021-04-19,0.011989122198311719,0.016194072242445623,0.016743222296609295,0.01647164821621483,0.014367242421516657,0.01785962652395412,0.007572952330534788,0.017859626523954564,0.021546160915431267,0.01785962652395412,0.021438845678480423,0.0
2021-04-20,0.001088184268873471,0.006149871903090132,-0.0053819810614677,0.01041464483902188,0.005559453879118825,0.009386819840650595,0.005771763529534901,0.009386819840650373,0.004226438683368805,0.0065334061659954035,0.006864636835055782,0.001875000000000071
2021-04-21,-0.0018988187220946307,0.008616347875631591,0.015599068831561702,0.008607230825884438,0.00780589323769898,-0.002240816898348541,-0.002240816898348319,-0.00224081689834843,0.015063510775716882,0.010625973517406573,0.009803144178192502,-0.010605115408608978
2021-04-22,-0.010495780798395415,-0.012020613536027125,-0.013690352792140703,-0.015231162490656036,-0.010898710745477436,-0.008235046248446398,-0.00823504624844651,-0.00823504624844662,-0.01099479022178318,-0.01470633502561447,-0.010996315508944088,-0.0031525851197982124
2021-04-23,0.02131435955487415,0.02222665447271477,0.008155723119330327,0.023319790871406676,0.020129347871787218,0.02427505651976425,0.024275056519764693,0.02427505651976425,0.012929159390358658,0.023343422181691276,0.025152472343312082,0.009487666034155628
2021-04-26,0.02483539215334285,0.03348336481635883,0.026165374154597965,0.040642583740935434,0.030386218817507027,0.03275791615254264,0.03275791615254264,0.032757916152542865,0.045256305921716145,0.03602933055085078,0.042490538943533274,0.015037593984962516
2021-04-27,0.0073848950411412595,0.004813742036871904,0.005918121791645969,0.0034951129241931334,0.004381611103751348,0.0025560355347467034,0.0025560355347464814,0.0025560355347467034,0.001241683937950766,0.004778177816967988,0.004997102198946779,-0.0012345679012345512
2021-04-28,0.014306282218228938,0.01516422815965135,0.0042488029064022825,0.013177806258005242,0.013808869922222966,0.0020837988741122526,0.0020837988741124747,0.0020837988741122526,0.009308326866138028,0.011493035973698884,0.013921281338042713,-0.004326328800988932
2021-04-29,-0.010370836423453822,0.010553473540626523,-0.001701543167134334,0.0036084453507811975,0.00962306619933151,-0.019215092836198933,-0.019215092836199044,-0.019215092836199155,0.010817439413423058,-0.018347466346996466,0.0007841336382086173,0.0024829298572315306
2021-05-03,-0.019666901550806304,-0.02872016582014858,-0.006000574948032966,-0.035464930610710654,-0.026212293732322367,-0.024092204255043548,-0.02409220425504377,-0.024092204255043326,-0.032875572992480895,-0.034864181447941234,-0.037314073497692224,-0.017337461300309664
2021-05-04,-0.024461186665192702,-0.03252556548801033,-0.033890131390677425,-0.02938395489646839,-0.029608951144209028,-0.026529026055613913,-0.026529026055614136,-0.026529026055614024,-0.03363471864529877,-0.03438898887768216,-0.033563217425017555,-0.006931316950220534
2021-05-05,-0.01660556168366334,-0.024747354476467143,-0.0051887226476340365,-0.034675782905565944,-0.022460512535263266,-0.027381618108003547,-0.027381618108003325,-0.027381618108003325,-0.01252059144777351,-0.02724400679839689,-0.030818690073265875,-0.009517766497461944
2021-05-06,0.000985386802691668,0.012739919638376618,0.00669521895146552,0.004641797681204762,0.011535605601072918,0.012567855555624341,0.012567855555624119,0.012567855555623897,0.01148374124299334,0.002740338029536993,0.013097114501654072,0.009609224855861687
2021-05-07,0.03967606407101942,0.0362433774472779,0.030845232937417366,0.044216546783159005,0.03285633571658941,0.03627021097232985,0.036270210972330075,0.036270210972330075,0.03158644320427939,0.04753522400474797,0.04248714299468492,0.016497461928933976
2021-05-10,-0.01283004442267388,-0.014945720899408044,0.013988016002195014,-0.014149839878477732,-0.013593434016177408,-0.006084674907096188,-0.006084674907096077,-0.006084674907096077,-0.0004749530722298889,-0.009017073433598144,-0.021536769813276013,-0.00811485642946308
2021-05-11,-0.06392773233159887,-0.05446915870437574,-0.04055604992452444,-0.06037670936358397,-0.04947287972002479,-0.053835920340986276,-0.053835920340987053,-0.0538359203409865,-0.05336545597438569,-0.05414414270581014,-0.06080813380532779,-0.029578351164254335
2021-05-12,-0.043582867782394286,-0.052942566194505214,-0.06073581825310492,-0.05192921950459617,-0.04783355929826705,-0.05581760007681846,-0.055817600076818796,-0.05581760007681835,-0.059593802246217686,-0.061370852967748024,-0.0560263160828941,-0.016861219195849486
2021-05-13,0.00925709788362794,-0.010165144147793126,-0.023522495870479276,-0.012512753069498506,-0.009134918941237302,-0.0010015706744144204,-0.0010015706744143094,-0.0010015706744144204,-0.02424665377644264,-0.0061211938746635886,-0.011325448046326292,-0.03562005277044855
2021-05-14,0.010871103641189261,0.0019301914338012427,-0.0022744865443540263,-0.0002082785116612751,0.0017327653685006439,0.005098709696260029,0.005098709696260029,0.005098709696260029,-0.015188956541182685,0.0051482105342821605,-0.00491011703316635,0.013679890560875485
2021-05-17,-0.03842946969918348,-0.03908124818964309,-0.05578619749248104,-0.04734629902196341,-0.03509080940471465,-0.05315606367961245,-0.0531560636796129,-0.05315606367961234,-0.04941932023848716,-0.060091645632807666,-0.04473007896435521,-0.020917678812415574
2021-05-18,0.06498448052485384,0.07206691587170755,0.07309248965482129,0.07973784945083984,0.06444082948266283,0.07539766592936203,0.0753976659293627,0.07539766592936181,0.08128699547068896,0.07889209635790961,0.08387411774551601,0.04686423156443831
2021-05-19,0.01411355360063049,0.01786563509973571,0.024351484193995798,0.02286236184863677,0.013140507206076846,0.007320179208755828,0.007320179208755828,0.007320179208755606,0.01548621575835707,0.010985721900678591,0.009911984515570627,-0.007241606319947302
2021-05-20,-0.014899290071182625,-0.015536013595891296,-0.0023824816671567106,-0.010482653702315159,-0.011135173362204265,-0.010955103576304803,-0.010955103576304692,-0.010955103576304803,-0.011663915136699399,-0.010955103576305025,-0.010955103576304692,-0.0026525198938992522
2021-05-21,0.019626577548685464,0.021576395564178563,0.019333198128254514,0.010917609992630029,0.015395691130977829,0.019870411967911172,0.019870411967911394,0.019870411967911172,0.023070347421390247,0.019870411967911616,0.019870411967911172,0.011303191489361541
2021-05-24,0.005278947092566266,0.010741390009582963,0.003333794502841325,0.007065553232771027,0.007711099610997474,0.011546615100128,0.011546615100128,0.011546615100128,0.011534734076657172,0.011546615100128,0.011546615100128,0.0
2021-05-25,1.077483004374713e-06,-0.0029034050114127297,-0.006177049329866291,-0.005200741371070294,-0.002090583209435226,-0.0028920013115069088,-0.002892001311507131,-0.0028920013115070198,-0.003058597509280614,-0.0028920013115069088,-0.0028920013115070198,0.019066403681788247
2021-05-26,0.0031943399326233024,0.0004268210017859264,0.0068118538579966526,0.004023700538982267,0.00030708013935609735,-0.0012433560402675958,-0.0012433560402673738,-0.0012433560402673738,-0.0017524733131082382,-0.0012433560402677069,-0.0012433560402675958,0.000645161290322438
2021-05-27,-0.0006277421824966156,-0.0002379277666939572,0.003592834666398703,0.002214223083990996,-0.00017119972394818994,0.002725340531620768,0.002725340531620546,0.002725340531620768,0.0027244119715386095,0.002725340531620768,0.002725340531620768,-0.007092198581560294
2021-05-28,0.028351361397019437,0.026096475633927252,0.02073238822825929,0.02119115185961995,0.018776334154144925,0.024320302578696662,0.024320302578696884,0.024320302578696662,0.024991614227585224,0.024320302578697106,0.02432030257869644,0.013636363636363669
2021-05-31,0.02124556222202001,0.027195671148275702,0.006800882216566384,0.017300303435632713,0.019707796785506604,0.025674244657453604,0.025674244657453382,0.025674244657453382,0.026145965750024702,0.025674244657453826,0.025674244657453382,0.010890454836643304
2021-06-01,0.019762380901900967,0.018244285520115255,0.02051429221494594,0.016815600344577186,0.013318109927356492,0.01479630876941851,0.01479630876941851,0.01479630876941851,0.015905495577842377,0.014796308769418731,0.014796308769418287,0.0025348542458807355
2021-06-02,0.004426016932901344,-0.0031390049698523104,0.002879671207347778,-0.0027194722085697176,-0.0023025756908451323,-0.002777574681617989,-0.002777574681617989,-0.002777574681617767,-0.0003855208565252122,-0.002777574681617989,-0.002777574681617878,-0.003160556257901348
2021-06-03,0.009759524308203371,0.023497549252990746,0.011384806859084717,0.012594006974994798,0.01722186707879847,0.02551566188773391,0.02551566188773391,0.02551566188773391,0.023958302816981636,0.02551566188773413,0.025515661887733687,0.003170577045022105
2021-06-04,-0.011135637825793299,-0.012190521376941654,-0.006638221685151269,-0.006834840104438689,-0.008989821410769316,-0.010577451964160711,-0.010577451964160711,-0.010577451964160822,-0.011628675929427179,-0.010577451964160933,-0.010577451964160711,-0.006321112515802807
2021-06-07,-0.007470018813694357,0.0064350438391009845,-0.011684751897503287,-0.005450094204600853,0.0047301549530038844,0.006554467653347551,0.006554467653347551,0.006554467653347773,0.007010514968419201,0.006554467653347773,0.006554467653347551,0.001908396946564972
2021-06-08,0.0067443361675658675,0.004549261709239749,0.008724889513172185,0.006225636364773912,0.0033496628214906288,0.003203835955480905,0.003203835955480683,0.003203835955480683,0.003975197099686412,0.003203835955480683,0.003203835955480683,-0.005079365079365128
2021-06-09,-0.008983464181495093,-0.004940285955802426,-0.003071617813133254,-0.005553321006825485,-0.003641926600909895,-0.0025674263056129076,-0.0025674263056126856,-0.0025674263056125746,-0.0038018816048387416,-0.0025674263056126856,-0.0025674263056125746,-0.00765794511805995
2021-06-10,-0.0060095411622831385,-0.00587133313076571,-0.0003554419187808966,-0.009849901995129695,-0.004322644529382136,-0.007142928463800269,-0.007142928463800158,-0.00714292846380038,-0.0057217800526168094,-0.007142928463800158,-0.007142928463800158,0.017363344051446905
2021-06-11,0.01645904746557414,0.01199006534227176,0.016631711890627177,0.017728979481363538,0.008813701092883486,0.012740881531512427,0.012740881531512427,0.012740881531512427,0.012692890506389443,0.012740881531512427,0.012740881531512205,0.0037926675094817064
2021-06-15,0.011454150167138133,0.01582029824477149,0.01753563858052365,0.014741661529310113,0.011665858694703601,0.01694988554313115,0.01694988554313115,0.01694988554313115,0.015647012434819585,0.01694988554313115,0.016949885543130927,0.005037783375314797
2021-06-16,-0.010386965615678645,-0.011102284530747686,-0.005975017112021752,-0.009710794714795079,-0.008220423483163208,-0.011757581085286462,-0.011757581085286906,-0.011757581085286795,-0.01233923924343494,-0.011757581085286795,-0.011757581085286462,-0.0012531328320801727
2021-06-17,0.023334833814171452,0.02266797944175858,0.01330575232089748,0.022268966354982878,0.015542776027155814,0.028429172136982706,0.019034752558481527,0.028429172136982928,0.029858418242960205,0.026836447421409115,0.031001181345036155,-0.0012547051442911572
2021-06-18,-0.007133000581310167,-0.009958649155666577,-0.0052397292244801275,-0.009958649155666688,-0.006842433835771988,0.0014900068165486502,-0.0060795892234919435,0.0014900068165486502,-0.008191260356350316,-0.009889558710757251,-0.008191260356350538,-0.005025125628140614
2021-06-21,0.008060403417595952,-0.0005947383048496846,0.006315865226393935,-0.0005947383048497956,-0.000407353322976145,0.008258728624475076,-0.0010965418993349463,0.008258728624475076,0.0018274053770930276,-0.0001197084819157812,0.0018274053770930276,-0.02146464646464652
2021-06-22,0.012627725506079601,0.008795712755442997,-0.004992965127905813,0.008795712755442997,0.00602330659154493,0.009445496663830877,0.0062738942356919125,0.009445496663830877,0.0012485586362265266,0.009652671346935593,0.0012485586362265266,-0.001935483870967869
2021-06-23,-0.004054617128391835,-0.005199084483711869,-0.007830307827142002,-0.00519908448371198,-0.0035701461253303535,-0.0019527014883513605,0.0004178777698307101,-0.0019527014883512495,0.001330739578426554,-0.001995121984417536,0.001330739578426554,0.018745959922430444
2021-06-24,0.0071216325908030065,0.00990309046908422,0.023506537876157196,0.009903090469084663,0.006789211048933597,0.010126087116522742,0.010843313365577867,0.010126087116522742,0.008405807365475582,0.00981987459218403,0.008405807365475582,-0.001903553299492322
2021-06-25,0.014607289059758388,-0.0022189437394736222,0.011545917675606088,-0.0022189437394738443,-0.0015259348862936006,-0.004749306152527,0.0012803008296315976,-0.004749306152527111,0.00808807759956709,-0.002072769677985975,0.008088077599567312,0.0031786395422759295
2021-06-28,0.025009471682908346,0.029654506325426988,0.012199647858998297,0.029654506325427654,0.02037881257255747,0.026675331102095523,0.025080722544045475,0.026675331102095523,0.024550151674114895,0.02649433289053249,0.024550151674114673,0.0038022813688212143
2021-06-29,-0.009764171322950044,-0.006996375034082014,-0.013541412982023382,-0.006996375034082458,-0.0048516710815560415,-0.004384799106400328,-0.0029069131404225734,-0.004384799106400328,-0.006916347762175312,-0.0043006698105566565,-0.006916347762175201,0.0012626262626262985
2021-06-30,0.033560745971118466,0.03313563487459659,0.02872424691812725,0.03313563487459725,0.022928549466599613,0.029448528264991447,0.029152750041398168,0.02944852826499167,0.036199629961029656,0.030532004082385322,0.036199629961029434,0.007566204287515976
2021-07-01,0.0008731600986295884,0.002942976130049235,-0.0007268041689842963,0.002942976130049013,0.0020567431808324876,0.0008425140856787028,0.007865192961592937,0.0008425140856787028,0.00048194149181091106,0.0028426024712671083,0.00048194149181091106,-0.003754693366708528
2021-07-02,-0.0007908060682531026,-0.003008646900131029,-0.00020452538823356736,-0.003008646900130918,-0.0021044977898252437,-0.0035412171792557068,-0.0049882219653052395,-0.0035412171792557068,-0.0017398130142541879,-0.0022797028216055004,-0.001739813014254299,-0.0012562814070351536
2021-07-05,0.020865921811172194,0.022219483569249743,0.02888315141608877,0.022219483569249965,0.015528072141885119,0.02317609425106215,0.01802690700523324,0.02317609425106215,0.024330420599116387,0.02302882209793755,0.02433042059911661,0.010062893081761004
2021-07-06,0.001431420384652382,-0.002178739687665354,0.006595289606802002,-0.0021787396876654652,-0.0015326434911548947,-0.006201074128177275,-0.004499726123739389,-0.006201074128177275,-0.0054992470158008455,-0.00403324190395471,-0.0054992470158008455,0.001245330012453305
2021-07-07,-0.01761080709375873,-0.02188643545729041,-0.01323978370655532,-0.02188643545729041,-0.015386141379431395,-0.015211670195155125,-0.02686973907675938,-0.015211670195155014,-0.021451635893375842,-0.022709288489382584,-0.021451635893375842,-0.004975124378109541
2021-07-08,0.019182972398576137,0.018468605490078005,0.011564292709001833,0.018468605490078005,0.012897695658423247,0.01606980698767746,0.011867848709519846,0.016069806987677016,0.015223394525857525,0.015407270219989444,0.015223394525857525,-0.001875000000000071
2021-07-09,-0.024610884764171836,-0.024863876607894353,-0.0314192089604558,-0.024863876607894464,-0.01745938434654326,-0.026719378903646174,-0.025209563573517002,-0.026719378903646174,-0.025810501597568813,-0.02353160540558119,-0.025810501597569036,-0.011271133375078124
2021-07-12,0.002569134701507547,0.0024764188463806125,-0.0010400145212476897,0.0024764188463806125,0.0017258335886274345,-0.003049909487019775,0.0010972062737404364,-0.003049909487019775,-0.0010163488309147262,-0.0007612148348499215,-0.001016348830914171,0.011399620012666034
2021-07-13,-0.023495360534218412,-0.02872953216666585,-0.013844991985749733,-0.028729532166666405,-0.020036813790946795,-0.02427091604315368,-0.02213091209541651,-0.02427091604315379,-0.024441676775963428,-0.02599352116322584,-0.024441676775963872,0.006261740763932266
2021-07-14,-0.01199006566953209,-0.013062568570862299,-0.007564095827040984,-0.013062568570862076,-0.009029404609092961,-0.015275513603048019,-0.023584691225574606,-0.015275513603047908,-0.019259010901632845,-0.01674764412730101,-0.019259010901632956,0.0037336652146859883
2021-07-15,0.019194643457778993,0.018850944459324337,0.01744264925040584,0.018850944459324337,0.012913166915931473,0.014098285657274223,0.016463955654620666,0.014478715175465062,0.014078511308459163,0.012387698757612364,0.018786006537188538,0.007439553626782391
2021-07-16,0.025160865778539376,0.02391939707520696,0.0251608657785396,0.02391939707520696,0.016438318029111,0.0065989378474080596,0.006276601382468883,0.0065989378474080596,0.008176708054444815,0.008176708054444815,0.013205773690138756,-0.0135384615384615
2021-07-19,-0.006943038570661142,0.0008388112860042707,-0.006943038570661142,0.0008388112860042707,0.0005807057905193869,0.006854357875664352,0.009282518917812732,0.005566049626513303,0.001932970854324978,0.0019329708543252,-0.004158481579654039,-0.008109794135995108
2021-07-20,-0.02291855625395467,-0.027413174047021704,-0.02291855625395489,-0.027413174047021704,-0.018982929253827274,-0.02402181739680931,-0.02028752849503368,-0.02447965265162233,-0.026633260825506766,-0.026633260825506988,-0.02003039131681361,-0.009433962264150941
2021-07-21,-0.013114506561566985,-0.018550490846580447,-0.013114506561566874,-0.018550490846580447,-0.01273535716336227,-0.017016015707206344,-0.015796463906912583,-0.02054801767198433,-0.016938987198017452,-0.016938987198017563,-0.016498531074429224,-0.0012698412698411987
2021-07-22,-0.003397096749522155,0.008015971283596324,-0.003397096749522155,0.008015971283596102,0.005470742262547068,-0.00403625959297127,-0.004625541488284313,0.003987367979513712,-0.003039881599376404,-0.003039881599376626,-0.00768849682902506,0.006357279084551859
2021-07-23,0.0059240710970851485,0.00957428591430598,0.0059240710970851485,0.009574285914306202,0.006550801957151631,0.010324748866200162,0.010548746240026885,0.004064584974998953,0.006000747536555551,0.006000747536555551,0.006603877588356788,-0.0012634238787113672
2021-07-26,-0.012670523453138904,-0.026166001659319593,-0.012670523453139015,-0.026166001659319593,-0.017956761871276927,-0.009506726943730781,-0.010667956495935993,-0.0037764753287541364,-0.0021843114710841105,-0.0021843114710839995,-0.002755168874612468,-0.006957621758380772
2021-07-27,-0.022958409664771806,-0.026821145301107352,-0.022958409664771806,-0.026821145301107463,-0.01825249762339387,-0.018224886422787967,-0.017293393225572884,-0.02174483647686165,-0.020510587730161567,-0.020510587730161567,-0.019012923588908603,-0.0019108280254778176
2021-07-28,-0.004976719455503931,-0.004531972476295887,-0.004976719455504042,-0.004531972476295554,-0.003057208822451307,-0.0016489738217316807,-0.0011533720512756362,-0.005290874235941101,-0.005036753143295769,-0.005036753143296102,-0.0023657896948467982,0.0031908104658582293
2021-07-29,0.029326437380313486,0.03224404551924387,0.029326437380313708,0.03224404551924365,0.021719231015352225,0.018250445854163466,0.01791997404259127,0.030691422200958662,0.030810626070422398,0.03081062607042262,0.030159828575833103,0.0012722646310434627
2021-07-30,-0.019354780178697295,-0.016977453105359808,-0.019354780178697295,-0.01697745310535992,-0.011553625259609679,-0.012163895398595526,-0.012527682803383455,-0.01695885327870461,-0.016753619150490784,-0.016753619150490895,-0.017812875004362794,-0.0050825921219822545
2021-08-02,0.011089673379356846,0.01722418569759343,0.011089673379356846,0.01722418569759343,0.011657214901766633,0.010051818179850347,0.010284551857772994,0.009577718569245386,0.011254110003025009,0.01125411000302523,0.01085564377917514,0.01532567049808442
2021-08-03,0.006948631575122821,0.005567163223100913,0.006948631575122821,0.005567163223100913,0.0037885528726411266,-0.0017508702053510294,-0.006003715626804018,0.0022764273889175346,-0.0017793434612038972,-0.0017793434612041192,0.005838974546166442,0.0012578616352201255
2021-08-04,0.0029966673558357027,-0.0009351610828512991,0.0029966673558354806,-0.000935161082851077,-0.0006375212532375718,-0.0005213022899179798,-0.0006779396511561453,-0.003194963150012886,-0.0002313202045506335,-0.0002313202045506335,0.0023407251803728713,0.005025125628140836
2021-08-05,-0.005328364518737305,-0.007163973600007756,-0.005328364518737083,-0.007163973600007645,-0.00488239434669413,-0.009621100255231108,-0.00798673070725009,-0.008248327470773864,-0.009629022881882388,-0.009629022881882499,-0.008098556188560813,-0.0006249999999999867
2021-08-06,0.005195307322010123,0.0035611906057244624,0.005195307322009901,0.0035611906057242404,0.0024214595255598326,0.004892086422242592,0.0006910582676045163,0.0026136795906259724,0.0037205496084276035,0.0037205496084276035,0.005145648862386887,-0.0018761726078799779
2021-08-09,-0.01145043634317433,0.0005128326794943128,-0.01145043634317433,0.0005128326794945348,0.00034910107817509584,-0.0003279951233350342,0.003840959492616536,-0.0012274364081925615,-0.0047783662993915454,-0.0047783662993916565,-0.005092044608131507,-0.001879699248120148
2021-08-10,-0.016453459993464703,-0.017857230178693673,-0.01645345999346448,-0.017857230178693784,-0.012157958922973,-0.00809213451513191,-0.0019741694809206622,-0.011686337295070515,-0.013959626783305756,-0.013959626783305867,-0.015722067184525623,-0.006905210295040987
2021-08-11,-0.0025155295866581273,-0.0005961717453824011,-0.0025155295866582383,-0.0005961717453825122,-0.00040355718434836874,-0.006880459200780953,-0.005676622622735494,-0.009176003079097828,-0.006757918386988249,-0.00675791838698836,-0.007311621322827366,-0.0012642225031604948
2021-08-12,0.011841633105442062,0.011227500853796757,0.004547572202243222,0.010210346497116163,0.008687369119028565,0.00730949387689761,0.006252171987615629,0.013448177821415719,0.006481628905310899,0.013010944227455301,0.005760508043985535,-0.0031645569620253333
2021-08-13,-0.037297275935694985,-0.013238525238247645,-0.014250507676238255,-0.013063084119373958,-0.01305161627965079,-0.017730904858407892,-0.017730904858407892,-0.02467303293367573,-0.0306268606406932,-0.024673032933676398,-0.017719775537807014,-0.008253968253968291
2021-08-16,-0.018265707039823664,-0.016565042172932865,-0.010879698877493071,-0.014409232320066523,-0.016328074766254863,-0.013489250758156102,-0.013489250758155436,-0.010908665230548342,-0.0026143162381215834,-0.010908665230548564,-0.015943350871945094,-0.003841229193341844
2021-08-17,-0.02482143266045156,-0.018820060138638017,-0.015408048167592114,-0.016081999623754673,-0.018546365178539692,-0.02695827294760733,-0.026958272947606998,-0.03140129352962262,-0.030266477828722604,-0.03140129352962351,-0.02163687850427487,-0.007712082262210762
2021-08-18,0.04555771706663703,0.027108491125206413,0.03212267885612663,0.026967219028698697,0.026706810068579,0.03537481283377053,0.035374812833770086,0.03996923328349067,0.03791113502881838,0.03996923328349178,0.029972580527533488,0.006476683937823857
2021-08-19,-0.039240218165433105,-0.0394817878628958,-0.030382790878281996,-0.0308709952825017,-0.03891198270830876,-0.03457282484205937,-0.03457282484205848,-0.037653127705940204,-0.0437068811078426,-0.03765312770594087,-0.03818342022172694,-0.022522522522522515
2021-08-20,0.012243546594437493,0.018201951685525408,0.017050178360195067,0.011244919583889512,0.017928623538190358,0.004254741265464768,0.0042547412654645456,0.009271126411193986,0.0065367757040193375,0.009271126411193986,0.015918759873461363,-0.009874917709019049
2021-08-23,0.030687583792013085,0.03360316371668204,0.02882722099039481,0.03438798388069686,0.03310745193428799,0.029420515974314387,0.0294205159743135,0.027725817588288626,0.03274169470798971,0.027725817588289514,0.030490955146277754,0.024601063829787106
2021-08-24,-0.0024826985030043103,0.00329605078463846,-0.0022950075557531813,-0.0022618259141302666,0.003248985848456565,-0.012969553710172943,-0.012969553710172499,-0.01405996534659082,-0.01569553802281798,-0.014059965346591263,-0.003149827988408016,0.00454250486696961
2021-08-25,0.018411057024058763,0.01035201607660885,0.012291194462196176,0.01228274804991436,0.010204676374330868,0.01087880283651299,0.010878802836512769,0.016186522054521868,0.01598591492327195,0.01618652205452209,0.013126752711426937,0.012273901808785403
2021-08-26,-0.009234028161457464,-0.00013234038159970485,-0.0010453599197502994,0.0018378636053235642,-0.00013047581518099705,-0.007147998449507864,-0.007147998449507642,-0.006688569088070473,-0.005987615461149898,-0.006688569088070251,-0.006560825155625394,0.0051052967453733
2021-08-27,0.007027293033718962,0.013257965033292685,0.014543309797506065,0.01683730051679455,0.013071146906349806,-0.002809552490869449,-0.002809552490869227,0.0007046782537347696,0.009652097068504117,0.0007046782537345475,0.00714512529594713,0.00952380952380949
2021-08-30,0.006384616784487207,0.015462539465493919,0.020370522423069914,0.01620237572317995,0.015247467888845678,0.006114797834489982,0.00611479783448976,0.007065626105734246,0.011746279440357776,0.007065626105734246,0.0154150036226679,0.008176100628930927
2021-08-31,-0.0010535355019419823,0.0004863178719132222,-0.004466016732950329,-0.0014583011825993752,0.00047965516801840025,-0.0007303307660381231,-0.0007303307660380121,0.00033492928691636337,-0.004579601383797094,0.0003349292869161413,-0.00011154303441107682,0.008109794135994886
2021-09-01,0.010957474379952759,-0.009809115286144254,-0.0018566052663974153,-0.007217140049736059,-0.009674791829309526,0.008146352299658544,0.0081463522996581,0.005391826308315917,-0.0009235437171813965,0.005391826308316139,-0.0007013617901048264,0.0012376237623763497
2021-09-02,-0.0007672629324674274,-0.010417666127041203,-0.005673656761991608,-0.006293479454948514,-0.010273615676176573,-0.0002515248071974785,-0.00025152480719736747,-0.001981162489530175,-0.013359232870943316,-0.001981162489530286,-0.006988561709010077,-0.008652657601977753
2021-09-03,0.008841396772974797,0.010634144814706037,0.005787481545562523,0.01033831971804755,0.01048557464841382,0.003877983670920404,0.003877983670920404,0.012611276431926388,0.010879278542716309,0.01261127643192661,0.013093526264929434,0.012468827930174564
2021-09-06,-0.013263600830503486,-0.018875127181445017,-0.008196975259129435,-0.015945715172023145,-0.01861415824970425,-0.018079495140109425,-0.01807949514010898,-0.015141527180326464,-0.0290790647396566,-0.015141527180326686,-0.015603207489674475,0.004926108374384119
2021-09-07,-0.0009104917489218822,0.002041278189813367,-0.004711922725039286,0.007211869657410608,0.002012520014404995,0.012434579156917813,0.01243457915691737,0.005764779395748931,0.0029690992524780135,0.005764779395748931,-5.911971859917653e-05,-0.0042892156862744946
2021-09-08,-0.0288741504808947,-0.015272357043622509,-0.017673675838746683,-0.01732238604847114,-0.015057627375142713,-0.016288392012907105,-0.01628839201290677,-0.02233299785875309,-0.02045328870694152,-0.022332997858753867,-0.021559992577798726,-0.007384615384615323
2021-09-09,0.0001191913872320427,0.007463730281744407,0.0063920086521640496,0.010738164289070928,0.007568165623883072,0.001694245967924335,0.001694245967924557,0.004468693362434939,0.008690764420522745,0.004468693362434495,0.006249399836156799,-0.000619962802231977
2021-09-10,0.008487211288628504,0.013083512135302566,0.008417097943791862,0.008322312030418333,0.013083512135302344,0.005067678015427068,0.005067678015427068,0.007529824845501354,0.013348023927564512,0.007529824845501576,0.012528312475049708,0.00992555831265518
2021-09-13,0.00493288287569893,0.004859533724130394,0.0036012836732302045,0.011488463340117328,0.004859533724130172,-0.0009300520268389345,-0.0009300520268389345,0.002189329192771705,0.007030861543741551,0.002189329192771705,0.0033134196236859204,-0.004299754299754377
2021-09-14,0.004325051739694219,0.0023259696790975948,0.0014750551079121266,0.0009645514895402219,0.002325969679097817,0.0019223475090386355,0.0019223475090384134,0.001251777781179575,0.0016274119573851387,0.001251777781179575,-0.002519491103665561,0.0018507094386182033
2021-09-15,-0.004615917012882109,-0.003940832302655295,-0.005480949858619022,-0.004626537126244057,-0.003940832302655406,-0.00018381315130577836,-0.00018381315130566733,-0.002142579422116153,-0.005451292082112369,-0.002142579422116042,-0.0026730339950183923,-0.007389162561576512
2021-09-16,-0.004559855949890945,-0.0013965038248681116,-0.0006493176040359705,-0.0012058076093840464,-0.0013965038248680006,0.00013285130415341406,0.00013285130415319202,-0.002323452167614204,-0.008583854107115929,-0.002323452167614537,-0.0001988955402598691,-0.001240694789081842
2021-09-17,-0.014887130323343767,-0.01561050700793798,-0.013559406360359905,-0.014619672755402102,-0.01561050700793809,0.005154471099926061,0.005154471099926283,0.0028395536502110463,-0.017516077652778295,0.0028395536502112684,-0.010492210591021012,0.0006211180124222615
2021-09-22,-0.01437869198173436,-0.01887601313981424,-0.019816443692399988,-0.024088234129170716,-0.01887601313981424,-0.010408912868407616,-0.010408912868407727,-0.015305531440836795,-0.016943514780999314,-0.015305531440837017,-0.01864462394460753,-0.021725636250775948
2021-09-23,0.010250095062145359,0.006542957199069166,0.010009439051547497,0.005988137472673127,0.006542957199069166,0.007891328514802787,0.007891328514802565,0.007423003290196739,0.0051889853328519475,0.007423003290196739,0.0025584005227057283,0.0076142131979697325
2021-09-24,0.0023739781422478234,0.004570978726465391,0.003496066354144345,0.003686949897338865,0.004570978726465391,0.006669157987425844,0.0066691579874260665,0.0062029471350733,0.0032155155069426566,0.0062029471350733,0.005053597062635973,0.010075566750629594
2021-09-27,-0.003275399938763468,-0.009332784326354315,-0.007935030293220402,-0.005180118912715637,-0.009332784326354204,-3.556102173751796e-05,-3.556102173751796e-05,-0.00019965014412615112,-0.006064361943947882,-0.00019965014412626214,-0.006780868593553646,0.0024937655860348684
2021-09-28,-0.0043308867839758625,-0.00642152231252513,-0.005017618849008865,-0.003650337574639728,-0.006421522312525241,-0.003004145825323712,-0.003004145825323712,-0.0036747332089723805,-0.006245269786446128,-0.0036747332089723805,-0.0069695352331970994,-0.006218905472636815
2021-09-29,-0.012697087520887829,-0.022662886704382545,-0.018390510981132424,-0.019429692907088514,-0.022662886704382434,-0.009145949571673029,-0.009145949571673029,-0.011007253414888396,-0.017888241367149393,-0.011007253414888396,-0.021278068791604432,-0.016270337922403177
2021-09-30,0.0096142734335678,0.011270116232744432,0.010643573114052396,0.01081905623759516,0.011270116232744432,0.007054425182221324,0.007054425182221324,0.010767803240637752,0.012756558994820866,0.010767803240637974,0.011350482147687524,-0.0006361323155216203
2021-10-01,-0.02036546064670941,-0.018849448434231086,-0.022796907828354196,-0.018918329623854535,-0.018849448434230975,-0.008184425854319777,-0.008184425854319888,-0.009696961537664972,-0.014453638438679528,-0.009696961537664972,-0.013436094777070862,-0.01400381922342453
2021-10-04,-0.006770993244502366,-0.016390549400258414,-0.011490743501131773,-0.015415107261503413,-0.016390549400258747,-0.008436566203936291,-0.008436566203936513,-0.011307324895347581,-0.013725629790267702,-0.011307324895347692,-0.01860785463629211,-0.009683666881859287
2021-10-05,-0.005537534708767722,-0.00289063699487202,-0.004275080032619449,0.0017271610523075243,-0.002890636994871798,0.00621819260173373,0.006218192601733952,0.008286973573750744,-0.004040721517074908,0.008286973573750744,0.0016515761696680453,-0.003911342894393655
2021-10-06,-0.00042265933875407224,-0.006253037797191996,-0.005401886784914156,-0.005999460727319383,-0.006253037797191885,-0.003287901395117032,-0.003287901395117032,-0.0051424103923030096,-0.0048951596502831984,-0.005142410392303121,-0.006616850135277241,-0.0006544502617802372
2021-10-07,0.01618419132285731,0.01851620156166378,0.019566656587858722,0.014178383961103602,0.01851620156166378,0.018812163664011727,0.01881216366401195,0.017119807520172614,0.010775250776313028,0.017119807520172836,0.011485221210963292,0.018336607727570398
2021-10-08,-0.00015765633990083572,-0.004064332470046339,0.0021310114723436246,-0.002944026799189925,-0.004064332470046117,-0.0014875784595689279,-0.0014875784595689279,-0.005786539496273946,-0.012350872847323502,-0.005786539496273946,-0.009248826837054414,-0.006430868167202619
2021-10-12,-0.01181266589639407,-0.012605766314976785,-0.014674792024684913,-0.011593481390067772,-0.012605766314976563,-0.010349761027660387,-0.008406501140694744,-0.009313944213631409,-0.013273128283409874,-0.011255425753194048,-0.016183999595463017,-0.009708737864077666
2021-10-13,-0.009488813385961192,-0.012821583301943384,-0.009974812928186694,-0.007420541375586898,-0.012821583301943384,-0.005751513614747905,-0.004421052631578992,-0.004421052631578992,-0.01116741462412707,-0.005751513614747794,-0.01116741462412707,-0.004575163398692683
2021-10-14,0.0018266106024287243,0.001276315862987154,0.00026066179656769606,-0.0007836810826954421,0.001276315862987154,-0.0004286351549729339,0.0006343835906110762,0.0006343835906110762,0.001636234375615997,-0.00042863515497304494,0.001636234375615997,0.001969796454366346
2021-10-15,0.01276987127289142,0.013377892601720287,0.014169756401410494,0.014047795488792758,0.013377892601720509,0.007222779507825017,0.005071851225697532,0.005071851225697532,0.0065240735279021855,0.007222779507825017,0.0065240735279019635,0.026867627785059023
2021-10-18,0.002471773762367624,0.0047120896140326884,0.0017701563336984805,0.00397482355756984,0.004712089614032466,-0.0009457025418865284,-0.0014718250630781915,-0.0014718250630781915,-0.0002264642262669314,-0.0009457025418867504,-0.00022646422626670937,-0.0038289725590299195
2021-10-19,0.000924818414510753,0.00637306080690303,0.002235595805491375,0.0034994241830368367,0.006373060806902808,0.004118233972449925,0.0025268477574225123,0.0025268477574225123,0.007030991344592286,0.004118233972449925,0.007030991344592286,0.0076873798846894825
2021-10-20,-0.0034529919218238003,-0.0011515211551402782,-0.00468737161171684,-0.00209615708223998,-0.0011515211551401672,-0.0003083317348221426,-0.001890359168241873,-0.001890359168241873,0.0006498467623323734,-0.0003083317348222536,0.0006498467623321513,-0.0012714558169104606
2021-10-21,0.0008059423680308875,0.003858356125503448,0.0010854950263523566,0.001250483723521878,0.003858356125503448,0.00037534127473315415,-0.001473063973064126,-0.001473063973064126,0.00300972609680783,0.0003753412747333762,0.003009726096808052,-0.0025461489497136114
2021-10-22,0.012822010147200968,0.008151162687321856,0.011915504785721787,-0.0012975511285712171,0.008151162687321856,-0.0004243707529699714,0.0006322444678610317,0.0006322444678610317,0.009127152375942194,-0.00042437075297030447,0.009127152375941971,0.0012763241863433805
2021-10-25,0.0038014219381068415,0.006586082192864495,0.003231331864542719,0.004768068045446494,0.006586082192864495,0.003892750815199575,0.0023167649536646184,0.0023167649536648405,0.005739524811511965,0.003892750815199797,0.005739524811512187,-0.0019120458891014325
2021-10-26,0.004616071320812765,0.005895203040936492,0.0058427341702183,0.009042335764913645,0.005895203040936492,0.006615500206154978,0.0008405127127548706,0.0008405127127546486,0.003466944955033968,0.006615500206154978,0.003466944955033524,0.008939974457215838
2021-10-27,0.019207244899869025,0.017408621398881108,0.018950037317236434,0.009877369948265269,0.017408621398880886,0.011932348421591854,0.004408985933235243,0.004408985933235465,0.019542991083606243,0.011932348421592076,0.019542991083606465,0.0
2021-10-28,-0.0061577277551038145,-0.0059272044405819235,-0.008578790864241403,-0.005802741244034237,-0.0059272044405819235,-0.005345222777565772,-0.004389632107023367,-0.004389632107023478,-0.005479298206148897,-0.005345222777565661,-0.005479298206148786,-0.0025316455696202667
2021-10-29,-0.007214752238550282,-0.007716549338251055,-0.009450318818720382,-0.007622059386665825,-0.007716549338251055,-0.00501362222114754,-0.0037791307999162083,-0.003779130799915986,-0.005155575846814253,-0.00501362222114754,-0.005155575846814364,-0.008248730964466877
2021-11-01,0.006940224923399629,0.004371047807426365,0.005851951881856721,0.0018681457400773205,0.004371047807426143,0.0038596276120579365,-0.0008429926238143759,-0.0008429926238144869,0.006347980059833169,0.0038596276120579365,0.006347980059833169,0.0038387715930900956
2021-11-02,-0.004241305141092999,-0.00407626947201456,-0.004317724213570462,-0.0006465500295823601,-0.004076269472014227,3.969545299509214e-05,0.0029529635098080043,0.0029529635098080043,-0.0034252835141916904,3.969545299509214e-05,-0.0034252835141918014,-0.0006373486297004405
2021-11-03,-0.00039835185256931194,6.741014707434267e-05,-0.0005033762617576709,-0.0025091501579393993,6.741014707412063e-05,-0.002960465334377327,0.00042060988433245683,0.00042060988433245683,-0.0003619381245738573,-0.002960465334377216,-0.0003619381245738573,0.0031887755102040227
2021-11-04,-0.003700879132517265,-0.001963831771000235,-0.002581455140481692,-0.0015322729554571035,-0.001963831771000235,-0.002545763812267121,-0.0012612991381123484,-0.0012612991381123484,-0.002960426171009223,-0.002545763812267232,-0.0029604261710091118,-0.0031786395422759295
2021-11-05,0.012142251723389785,0.011020722147547346,0.011657387101158934,0.00770146496157853,0.011020722147547568,0.00609095243337654,0.0037886760681962173,0.0037886760681962173,0.009463910490284055,0.006090952433376762,0.009463910490283833,0.012755102040816313
2021-11-08,-0.000520788970764241,-0.0007591714610267752,0.0015375382495510515,0.0038935705947173993,-0.0007591714610269973,0.0025237310938144297,0.00440343887607475,0.00440343887607475,-0.0021387052238777127,0.0025237310938142077,-0.0021387052238776016,0.008186397984886629
2021-11-09,0.004165145366016754,0.005918601765511067,0.00420142575619642,-0.00471102232238596,0.005918601765511289,-0.00015304624525214194,0.0013152507304277083,0.0013126423346963012,0.007446858152161839,0.007327008555081838,0.005618718083464591,0.008744534665833914
2021-11-10,-0.0034616147014771004,-0.0002493753928052289,0.001387218052070871,-0.0016326133064191728,-0.00024937539280533993,0.0011171880016109803,0.0,0.0011171880016109803,-0.004789295967516094,0.005867105477658896,0.0003214119422534356,-0.003095975232198178
2021-11-11,-0.0007909925769050696,0.0033852155044711285,0.0024673281088998245,0.00011165744330332572,0.0033852155044713506,-0.002507078122886419,-0.0017657445556209517,-0.00250707812288653,0.002338619039196077,-0.0031118747014033943,0.002316130242490333,-0.008074534161490732
2021-11-12,-0.016222008905691587,-0.0023023688458512215,-0.00528114855592543,0.010591192974230612,-0.0023023688458515545,0.0011584925335097473,0.0007861635220127727,0.0011584925335097473,-0.00813863702159523,-0.006675871295244051,-0.0038035640276664617,0.004383218534752764
2021-11-15,-0.003988490899274333,-0.003230769739368977,-0.004951427737812764,-0.001218859013022211,-0.003230769739368977,0.0017555782081775106,0.0015710919088764985,0.0017555782081775106,0.0006259816543845442,-0.0027685491145611474,-0.0017890463528120737,0.008728179551122262
2021-11-16,0.0046507487355345045,0.007092161258843044,0.0054091866931542665,0.005090692326933821,0.007092161258843044,0.00014628463259547253,-0.0007843137254901489,0.00014628463259547253,0.0060652288494875695,-0.0002103471054688555,0.005859757393818166,-0.016687268232385755
2021-11-17,0.012374295459586682,0.02497240924975186,0.021203905419769464,0.025424293365179373,0.02497240924975186,0.0011747676687154929,0.0011773940345367606,0.0011747676687154929,0.004669721659509518,0.003882143202164734,0.023011522800877593,0.0018856065367693908
2021-11-18,0.005722040808186835,0.002348119519364422,0.0012643916204380101,-7.391532469325224e-05,0.002348119519364422,0.0008788778301613842,-0.000980007840062691,0.0008788778301611622,0.0032989893164461215,-0.003004245760354629,-3.913110387165908e-05,0.006273525721455453
2021-11-19,-0.0038716446463350485,-0.0036132977390946897,0.0019052585656336163,-0.005890448351748456,-0.0036132977390945786,0.003722355650409126,0.003923876790268954,0.003722355650408904,0.011011418096938064,0.012110089195053853,0.006394090845385669,0.0031172069825435855
2021-11-22,-0.001970427111988471,-0.0020929622175223095,-0.0008537879783070412,-0.004057142991343854,-0.0020929622175221985,-0.0026268662250703567,-0.0007817080320500214,-0.0026268662250703567,0.0013057299410972334,0.0007514681000400092,-0.0022913191539931654,-0.0018645121193288094
2021-11-23,-0.0069617322516334346,-0.003254443495164794,-0.004023788022398778,-0.007794243029643266,-0.003254443495164794,-0.003113024455162705,-0.0029336984158029322,-0.003113024455162594,-0.009978876660236558,-0.0006040944282809102,-0.005974256827297686,-0.008094645080946372
2021-11-24,-0.0016897489378471242,-0.002366895778589173,-0.002624760771590018,0.0007182817491953042,-0.002366895778589395,0.0007336325357580886,-0.0001961553550412498,0.0007336325357580886,-0.0065394307010497865,-0.002549001207597823,-0.003670894561093929,-0.005021971123666091
2021-11-25,-0.0028454465478182644,0.0037456016260166702,0.0033380394784585654,0.005841994611781365,0.0037456016260166702,0.0003615979484992149,-0.00019619383951330338,0.00036159794849943694,0.0035560483366949835,0.005232134630364094,0.004005765377321779,0.0
2021-11-26,-0.012724488071611972,-0.013668573477071844,-0.012323050005660696,-0.014130455110603624,-0.013668573477071733,-0.003206057282953867,-0.0009811616954474855,-0.003206057282953756,-0.01212600821906884,-0.0034784512164648396,-0.010617733999374601,-0.014511041009463765
2021-11-29,2.647358498419905e-05,0.002583721689195295,0.004001172878846493,0.000742687613110693,0.002583721689195295,-0.00019620552528765156,-0.00019642506383821257,-0.00019620552528776258,0.01041208738493049,0.004984388076925583,0.003959741527648886,-0.003841229193341844
2021-11-30,0.010468475437349412,0.02191215247013978,0.020167756157887018,0.021774345252994376,0.02191215247014,0.0036690624791928528,0.0025540275049116268,0.0036690624791928528,0.018785009002596276,0.014905093429397276,0.022188588918404584,0.0012853470437019787
2021-12-01,0.006638385953997572,0.0003136711614839527,-0.0021936092965377796,0.0064459687375091335,0.0003136711614839527,0.006266744877318597,0.0064667842445620405,0.0062667448773188195,0.009068515512020259,0.003587426734889876,0.0045263214489992265,0.014120667522464547
2021-12-02,-0.003692982647887977,-0.010988680579488541,-0.011206928643919478,-0.007915134603539986,-0.01098868057948843,-0.00021397116015742235,-0.0005841121495325785,-0.00021397116015753337,-0.004358470868526365,-0.01081358605624494,-0.010581782405467699,0.0113924050632912
2021-12-03,0.005823068587922142,0.009289172934993983,0.009859871088457428,0.009819624799841886,0.009289172934993983,0.0027405738546477654,0.00311708552503398,0.0027405738546479874,0.005924796122254161,0.008433985933804289,0.012556645988519577,-0.0006257822277848657
2021-12-06,0.0007935065607087566,0.0008052182777948946,0.0011593122415001211,-0.0032858711241848804,0.0008052182777948946,-0.000282076382131069,-0.0019421246844048001,-0.000282076382131069,0.00045624475107608475,0.0012593961777442875,-0.0025936734472162826,-0.0012523481527864089
2021-12-07,-0.00426861541476109,0.0038088722756086657,-0.0021410760162327014,-8.091297924361918e-05,0.0038088722756086657,0.0018579493448638296,0.0005953784863359513,0.0018579493448638296,-0.008264362616214993,0.00024566277508708545,0.0017780437574466124,0.0025078369905957576
2021-12-08,0.007828020354218923,0.005709934444060094,0.010272362382570677,0.005339599745731283,0.005709934444060094,0.004556197370275017,0.004567924619084174,0.004556197370275239,0.007644253567463233,0.004567924619084174,0.007132638066891905,0.0031269543464664817
2021-12-09,0.0047879256460847675,0.00521307749137323,0.0039660748894934095,-0.002294604402774847,0.00521307749137323,-0.0004612011695827034,-0.005037753451051841,-0.0004612011695827034,-0.0019409768329889943,-0.00503775345105173,-0.003248606183532843,0.0006234413965087171
2021-12-10,-0.0016559372366907743,0.0027187208422878584,0.0019497514686248607,-0.00018738899546955068,0.0027187208422878584,-0.008245688318546551,-0.009224547934133964,-0.008245688318546551,-0.005973825384924414,-0.009224547934134075,-0.0008333201188372996,-0.0031152647975077885
2021-12-13,-0.0008249608194824676,-0.002015326420518715,-0.00014790921034224525,-0.0013597582427169463,-0.002015326420518937,0.00221847596752478,0.0009370198555067599,0.00221847596752478,0.0003820994828060975,0.0009370198555065379,0.0007536864864530202,-0.00374999999999992
2021-12-14,-0.009485678370172446,-0.011155965424662018,-0.012432725164880698,-0.00782531835659539,-0.011155965424662018,-0.01616127809899537,-0.01705607659847652,-0.016161278098995258,-0.014955219610479742,-0.017056076598476855,-0.013809088630504784,-0.008782936010037656
2021-12-15,0.010973034994990583,0.012985088321497473,0.004987222703355387,0.004129094217573126,0.012985088321497473,0.01552301449790705,0.016250215136411006,0.015523014497906829,0.009765102246889645,0.016250215136411228,0.01524401658353125,0.0
2021-12-16,0.023099930006477365,0.019521575495816457,0.022710291306023755,0.019855709486888307,0.019521575495816457,0.016501529296438555,0.017217902707437283,0.016501529296438555,0.02513219668428257,0.017217902707437727,0.026486575216278174,0.012025316455696267
2021-12-17,-0.015712541035068806,-0.01079088756439528,-0.013274485836266892,-0.013204381456132563,-0.01079088756439528,-0.00360920958316846,-0.004919260677205051,-0.003609209583168571,-0.017894681197535012,-0.004919260677205162,-0.014631972995845954,0.0
2021-12-20,-0.013540446870065725,-0.012481553561674241,-0.013824524930588944,-0.010297044570762304,-0.012481553561674241,-0.008788403729223626,-0.009062125050860792,-0.008788403729223848,-0.01161906106385735,-0.009062125050860792,-0.010989094469164074,-0.008755472170106304
2021-12-21,0.00915036761265653,0.008792584845475071,0.014381391900918361,0.012000387526287959,0.008792584845475071,0.008553711502360395,0.009939796763666964,0.008553711502360617,0.014414416536723262,0.009939796763666742,0.010306808330533546,0.007570977917980892
2021-12-22,0.0016763719894248297,0.0006548582222445365,0.002887900068714977,0.0031192858095587805,0.0006548582222447585,-0.0023341504934264456,-0.0008891709683698235,-0.0023341504934264456,0.003021977016310906,-0.0008891709683696014,0.001451270870744814,0.001252348152786631
2021-12-23,0.0075835282113472235,0.00913237487341978,0.009627565241369762,0.008727407676635268,0.00913237487341978,0.0012526289378473887,0.0016291999762605425,0.0012526289378473887,0.007335306334159464,0.0016291999762605425,0.009794059849394632,0.0056285178236397115
2021-12-24,0.008075427765795506,0.006489470716034118,0.004191137521542432,0.0062844544985674045,0.006489470716033896,0.000698090502046167,0.0014358497080191324,0.0006980905020459449,0.005397363997141191,0.0014358497080191324,0.005064824569097404,0.0006218905472636926
2021-12-27,0.0026433332660884545,0.0014830070973081977,-0.0010800550941590936,7.999823135951267e-05,0.0014830070973081977,0.007594272962630821,0.007644276298722996,0.007594272962630821,-0.0001719277547257425,0.007644276298722996,0.0017296439988860879,0.007458048477315016
2021-12-28,0.006003896639549033,0.00911294300842136,0.009206519666958402,0.009491375741635277,0.00911294300842136,0.009560230676533221,0.010348745163463624,0.009560230676533,0.010267629622913388,0.010348745163463846,0.00954837769024719,0.008019740900678585
2021-12-29,0.004379481743514102,0.005286715635073769,0.00583845273729966,0.0037780312794712945,0.005286715635073769,0.00037076792467760633,0.0009118550095998934,0.0003707679246778284,0.0038537710052986007,0.0009118550095998934,0.003263642333152683,0.003671970624234966
2021-12-30,-0.00246021918362882,-0.0031869022589461338,-0.004665299830919567,-0.00331100873311696,-0.0031869022589461338,0.0017545657051558639,0.0017636984963609326,0.0017545657051556418,-0.0042854518644087625,0.0017636984963609326,-0.001262947039512019,-0.0018292682926830395
2022-01-03,-0.009342853970706555,-0.012697625725596073,-0.008798499200482257,-0.013708078948091118,-0.012697625725596073,-0.0105272909831855,-0.013448745777041249,-0.010527290983185722,-0.012811626468239745,-0.01344874577704136,-0.014785015438969595,0.006108735491753281
2022-01-04,0.008327630294081567,0.008259935852556577,0.0065123600624976685,0.0049035405111141905,0.008259935852556577,-3.170697724608207e-05,-0.0007584248307680452,-3.1706977245860024e-05,0.00503559278799548,-0.0007584248307678232,0.005714108131678941,0.021250758955676963
2022-01-05,-0.005079781539116146,-0.00472328364547403,0.0049210191819095694,-0.0037192188262432646,-0.00472328364547403,-0.008759197450446732,-0.009393680004290195,-0.009832953402822642,-0.0015636076710677793,-0.003197101878618991,-0.006608491609945588,0.0047562425683711496
2022-01-06,-0.013699800515681648,-0.018560613659975744,-0.007408415067282403,-0.017063180908728826,-0.018560613659975633,-0.005247194687041823,-0.00661702037956724,-0.004058232662116246,-0.02095874515250129,-0.013027978346767388,-0.018443078434554838,-0.01242603550295851
2022-01-07,-0.015955917934760144,-0.015665023901546116,-0.00918856099554266,-0.012308537495896998,-0.015665023901545894,-0.02174271621394741,-0.023588098445532446,-0.017194953951815695,-0.009185099044984546,-0.023649374377462284,-0.022002798200072005,-0.0089874176153385
2022-01-10,-0.0012841356743429344,-0.004778123631397402,-0.004271023120721806,-0.00589123870547581,-0.004778123631397291,0.003724874769558184,0.003948683903537864,0.002326239662310714,0.0038042958127952886,0.0025664881859051025,-0.0033323054613240144,0.002418379685610761
2022-01-11,-0.0071059104711698184,-0.0006040345288647053,0.009311185691326163,0.003296649407559027,-0.0006040345288648163,-0.001094085246840626,0.002320808230016569,0.004630446327254845,-0.00034441327434697744,-0.005880444351845204,-0.002719545711916238,0.004825090470446325
2022-01-12,-0.0007215608223462011,0.0037457742554825035,0.005832798859382482,0.006752738746472975,0.0037457742554825035,-0.013194501459869667,-0.013235245305612597,-0.012804173292665921,-0.0011557110241890989,-0.01088275527184357,-0.000992459320296124,0.010804321728691502
2022-01-13,-0.006945267533009503,0.0006148290141050339,0.010851135247737398,0.012496897129074647,0.0006148290141050339,-0.002224421466568316,0.0011684310502926287,0.004776623465474916,-0.0053828419620288726,0.0007149372381081154,-0.0005894509733712638,0.004750593824227822
2022-01-14,-0.0030819088639513215,-0.012891789485507177,-0.017861928446537778,-0.009439519242934291,-0.012891789485507066,-0.01937466380635333,-0.01680894729273197,-0.01524790080840388,-0.018699286531553727,-0.020165459830671306,-0.0009611085921900075,0.0
2022-01-17,0.003599047047998072,0.009236209650069771,0.01170306752292083,0.006712862300194189,0.009236209650069771,0.005997580440770145,0.004798131400241656,-0.004460338388379004,0.023633476385958474,0.012323946488924653,0.01036856662546759,0.010047281323877222
2022-01-18,0.0040075461850808125,0.007919247885063596,0.007961755520546898,0.007029987312313635,0.007919247885063818,0.00565509339659398,0.00648526189131049,0.003498730983268805,0.008484492530693277,0.0036783700159823685,0.00621933613400194,-0.011702750146284413
2022-01-19,-0.009270257704563356,-0.01052999504062746,0.000929495279407444,-0.011217353467601887,-0.01052999504062746,-0.0006159912947304447,-0.0013793399089839786,-0.008929783435732586,-0.0003892047448602609,-0.00046895103470645516,-0.009141655909584823,-0.011841326228537619
2022-01-20,0.009026638667159359,0.0016161485368566542,0.002529783406709063,-0.001464221716075964,0.00161614853685621,0.0032252470818698864,0.0028041444345006106,-0.0008304325759295184,0.0017365234815154285,0.00363780726760754,0.007398956638032583,0.0035949670461352667
2022-01-21,-0.034778873577803404,-0.029506131049028217,-0.01874278527798834,-0.024970144279869433,-0.029506131049028106,-0.01591071945219058,-0.018349270676220386,-0.02076674547902735,-0.021411170078195485,-0.017712255872871396,-0.03397572785098302,-0.020895522388059695
2022-01-24,-0.0009314271541045471,-0.0022299283771231027,-0.002384558998992148,0.0007092226126090839,-0.0022299283771229916,-0.011657742544537553,-0.011850934810445857,-0.0056151324298990835,-0.0008377774930143911,-0.008758817301730226,-0.007380743369512555,0.01097560975609757
2022-01-25,-0.020755852547420406,-0.0202802417217256,-0.012855494354566344,-0.019404176337189383,-0.0202802417217256,-0.01529555015483719,-0.018118393961252033,-0.014091044289492927,-0.02613963676017439,-0.01474293142502614,-0.028882116254236534,-0.015078407720144793
2022-01-26,0.0024857527977237837,0.006972841027854226,0.006402166769219564,0.0034678016594194006,0.006972841027854004,0.00033051049543564304,0.0002638585226846235,0.00022818622090925444,0.007336914130176453,-0.0017686620217921556,0.007074727819654125,-0.0030618493570115923
2022-02-07,0.007406970207780805,0.0030896887754385816,0.005496596172896995,0.0017155100471883955,0.0030896887754388036,-0.0015187848810562787,-0.0018732927912492592,-0.000710067369245837,-1.6809037133969085e-05,0.0016587770032263638,0.008789339108610017,0.006756756756756799
2022-02-08,0.0,0.0,0.0,0.0,0.0,0.0,0.0,0.0,0.0,0.0,0.0,0.003050640634533197
2022-02-09,0.011208556968647754,0.01341522009377516,0.011247692985057345,0.009911967986410364,0.01341522009377516,0.004371808354865392,0.0025859479079466396,-0.0006344775186338802,0.015354281584797791,0.0042023823404973015,0.013218600633691846,0.0042579075425790425
2022-02-10,0.0072676929055890405,0.004845495358918317,0.00030993847324212176,0.003988632671848569,0.004845495358918539,0.007181997659238437,0.007026865120615122,0.009275630473809526,-0.0029374166930052903,0.009796895959966356,0.0026614262282360635,0.012719563900666309
2022-02-11,-0.007773557027423439,-0.0064530299656505585,0.002988567266051012,-0.001647182636447475,-0.006453029965651003,-0.003282332634900298,-0.0030822481518092415,-0.0047882753301378145,-0.004997876186066952,-0.00660537994821675,-0.002257950698640876,-0.0017942583732056816
2022-02-14,-0.01874013898764837,-0.014113071799031651,-0.010202007180770023,-0.014113071799031318,-0.014113071799031651,-0.012694728198336724,-0.009135998735654294,-0.012694728198336724,-0.007962765361316904,-0.012397462474396659,-0.017626612302081734,-0.013780707010185855
2022-02-15,-0.0024686586135337363,-0.0010224238542730912,-0.0015406550396368512,-0.0010224238542732023,-0.0010224238542729802,0.0010396707237632086,0.0004223221780426112,0.0010396707237629865,0.0010323566748451363,0.0014192052312305137,0.0022098901184670616,-0.0036452004860266785
2022-02-16,0.0,0.0,0.0,0.0,0.0,0.0,0.0,0.0,0.0,0.0,0.0,0.01585365853658538
2022-02-17,-0.006838820096809917,-0.004175004114899017,0.005306097139900823,-0.004175004114898906,-0.004175004114898795,0.00718645713933741,0.00721514329381856,0.00718645713933741,0.007266829491073823,0.007734477916631954,0.006125211092048222,-0.0006002400960384291
2022-02-18,2.161504645847856e-05,0.0021561437818098383,0.004805788911331321,0.0021561437818096163,0.0021561437818096163,0.007574961960281623,0.009577060617476985,0.007574961960281401,0.005771968138107431,0.005396008489074955,0.009285984826519877,-0.003603603603603567
2022-02-21,-0.008600702810638405,-0.0073639406091052795,-0.006999367764473963,-0.007363940609104835,-0.007363940609105057,-0.003461139378650002,-0.003214416246380858,-0.00346113937864978,-0.005301735660158902,-0.00292303515995207,-0.004938586300081926,-0.001808318264014508
2022-02-22,0.0,0.0,0.0,0.0,0.0,0.0,0.0,0.0,0.0,0.0,0.0,-0.0126811594202898
2022-02-23,0.0,0.0,0.0,0.0,0.0,0.0,0.0,0.0,0.0,0.0,0.0,0.0012232415902140303
2022-02-24,0.0,0.0,0.0,0.0,0.0,0.0,0.0,0.0,0.0,0.0,0.0,-0.023824068417837352
2022-02-25,0.0,0.0,0.0,0.0,0.0,0.0,0.0,0.0,0.0,0.0,0.0,-0.0006257822277848657
2022-03-01,0.0,0.0,0.0,0.0,0.0,0.0,0.0,0.0,0.0,0.0,0.0,0.01189730745147144
2022-03-02,0.0,0.0,0.0,0.0,0.0,0.0,0.0,0.0,0.0,0.0,0.0,-0.00433168316831678
2022-03-03,0.0,0.0,0.0,0.0,0.0,0.0,0.0,0.0,0.0,0.0,0.0,0.0012430080795524656
2022-03-04,0.0,0.0,0.0,0.0,0.0,0.0,0.0,0.0,0.0,0.0,0.0,-0.01055245189323395
2022-03-07,0.0,0.0,0.0,0.0,0.0,0.0,0.0,0.0,0.0,0.0,0.0,-0.015683814303638632
2022-03-08,0.0,0.0,0.0,0.0,0.0,0.0,0.0,0.0,0.0,0.0,0.0,-0.03250478011472269
2022-03-09,0.0,0.0,0.0,0.0,0.0,0.0,0.0,0.0,0.0,0.0,0.0,0.005270092226613787
2022-03-10,0.0,0.0,0.0,0.0,0.0,0.0,0.0,0.0,0.0,0.0,0.0,0.028833551769331667
2022-03-11,0.0,0.0,0.0,0.0,0.0,0.0,0.0,0.0,0.0,0.0,0.0,-0.012101910828025475
2022-03-14,0.0,0.0,0.0,0.0,0.0,0.0,0.0,0.0,0.0,0.0,0.0,-0.003223726627981982
2022-03-15,0.0,0.0,0.0,0.0,0.0,0.0,0.0,0.0,0.0,0.0,0.0,-0.01875808538163004
2022-03-16,0.0,0.0,0.0,0.0,0.0,0.0,0.0,0.0,0.0,0.0,0.0,0.003295978905734964
2022-03-17,0.0,0.0,0.0,0.0,0.0,0.0,0.0,0.0,0.0,0.0,0.0,0.03285151116951379
2022-03-18,0.0,0.0,0.0,0.0,0.0,0.0,0.0,0.0,0.0,0.0,0.0,-0.003816793893129722
2022-03-21,0.0,0.0,0.0,0.0,0.0,0.0,0.0,0.0,0.0,0.0,0.0,0.0063856960408683605
2022-03-22,0.0,0.0,0.0,0.0,0.0,0.0,0.0,0.0,0.0,0.0,0.0,-0.0012690355329948444
2022-03-23,0.0,0.0,0.0,0.0,0.0,0.0,0.0,0.0,0.0,0.0,0.0,0.010800508259212194
2022-03-24,0.0,0.0,0.0,0.0,0.0,0.0,0.0,0.0,0.0,0.0,0.0,-0.0012570710245127792
2022-03-25,0.0,0.0,0.0,0.0,0.0,0.0,0.0,0.0,0.0,0.0,0.0,0.0025173064820642743
2022-03-28,0.009368825205608111,0.012868937731010055,0.008348872232432303,0.008157683205066935,0.012868937731010055,0.003825065651980486,0.003825065651980486,0.003825065651980486,0.01044603733259164,0.003825065651980486,0.00918226506050246,-0.011299435028248705
2022-03-29,-0.0038569791099503092,-0.0027916450874634346,-0.004102158895453734,-0.002565950970690678,-0.0027916450874633236,-0.0004836851115084251,-0.00048368511150831406,-0.0004836851115084251,-0.0007555153296044947,-0.0004836851115084251,-0.0016171464593401907,0.0012698412698410877
2022-03-30,0.004634555339497304,0.0028010558220281645,0.0024416746203816952,0.0045115376584243805,0.0028010558220281645,-0.0003036355614172148,-0.00030363556141743686,-0.00030363556141732584,0.0012025118695202508,-0.00030363556141743686,0.001400878579859377,0.011414077362079889
2022-03-31,0.0024561510645983997,0.004091724469158509,0.0014106790664916158,0.0045631864232478225,0.004091724469158731,-0.0009111833519209744,-0.0009111833519207524,-0.0009111833519209744,0.0004590618843027805,-0.0009111833519209744,0.0011837005775585663,-0.0018808777429467627
2022-04-01,-0.003333916772688572,0.004389091161132175,0.0014073232504741018,0.002048737298968595,0.004389091161131731,0.0024961643145882118,0.0024961643145879897,0.0024961643145879897,0.0018924457375488757,0.0024961643145879897,0.003164838634375,-0.008165829145728498
2022-04-06,-0.009716190002256653,-0.007470241998585481,-0.004998722250092236,-0.004863675274262236,-0.007470241998585148,-0.00505853867712891,-0.005058538677128799,-0.005058538677128688,-0.006851423309801485,-0.005058538677128799,-0.007394996262556686,-0.005066497783407287
2022-04-07,0.0,0.0,0.0,0.0,0.0,0.0,0.0,0.0,0.0,0.0,0.0,-0.015913430935709738
2022-04-08,0.0,0.0,0.0,0.0,0.0,0.0,0.0,0.0,0.0,0.0,0.0,0.0006468305304010435
2022-04-11,0.0,0.0,0.0,0.0,0.0,0.0,0.0,0.0,0.0,0.0,0.0,-0.012928248222365823
2022-04-12,0.0,0.0,0.0,0.0,0.0,0.0,0.0,0.0,0.0,0.0,0.0,-0.0006548788474132206
2022-04-13,0.0,0.0,0.0,0.0,0.0,0.0,0.0,0.0,0.0,0.0,0.0,0.01834862385321112
2022-04-14,0.0,0.0,0.0,0.0,0.0,0.0,0.0,0.0,0.0,0.0,0.0,-0.002574002574002643
2022-04-15,0.0,0.0,0.0,0.0,0.0,0.0,0.0,0.0,0.0,0.0,0.0,-0.0174193548387096
2022-04-18,0.0,0.0,0.0,0.0,0.0,0.0,0.0,0.0,0.0,0.0,0.0,-0.006565988181221227
2022-04-19,0.0,0.0,0.0,0.0,0.0,0.0,0.0,0.0,0.0,0.0,0.0,0.004626569729015095
2022-04-20,0.0,0.0,0.0,0.0,0.0,0.0,0.0,0.0,0.0,0.0,0.0,0.004605263157894557
2022-04-21,0.0,0.0,0.0,0.0,0.0,0.0,0.0,0.0,0.0,0.0,0.0,0.0
2022-04-22,0.0,0.0,0.0,0.0,0.0,0.0,0.0,0.0,0.0,0.0,0.0,-0.0052390307793057644
2022-04-25,0.0,0.0,0.0,0.0,0.0,0.0,0.0,0.0,0.0,0.0,0.0,-0.01974983541803821
2022-04-26,0.0,0.0,0.0,0.0,0.0,0.0,0.0,0.0,0.0,0.0,0.0,-0.000671591672263272
2022-04-27,0.0,0.0,0.0,0.0,0.0,0.0,0.0,0.0,0.0,0.0,0.0,-0.021505376344086113
2022-04-28,0.0,0.0,0.0,0.0,0.0,0.0,0.0,0.0,0.0,0.0,0.0,0.006181318681318659
2022-04-29,0.0,0.0,0.0,0.0,0.0,0.0,0.0,0.0,0.0,0.0,0.0,0.013651877133105783
2022-05-03,0.0,0.0,0.0,0.0,0.0,0.0,0.0,0.0,0.0,0.0,0.0,-0.010101010101010055
2022-05-04,0.0,0.0,0.0,0.0,0.0,0.0,0.0,0.0,0.0,0.0,0.0,0.0020408163265306367
2022-05-05,0.0,0.0,0.0,0.0,0.0,0.0,0.0,0.0,0.0,0.0,0.0,0.010183299389002087
2022-05-06,0.0,0.0,0.0,0.0,0.0,0.0,0.0,0.0,0.0,0.0,0.0,-0.018817204301075363
2022-05-09,0.0,0.0,0.0,0.0,0.0,0.0,0.0,0.0,0.0,0.0,0.0,-0.017808219178082174
2022-05-10,0.0,0.0,0.0,0.0,0.0,0.0,0.0,0.0,0.0,0.0,0.0,-0.002789400278940035
2022-05-11,0.0,0.0,0.0,0.0,0.0,0.0,0.0,0.0,0.0,0.0,0.0,0.0
2022-05-12,0.0,0.0,0.0,0.0,0.0,0.0,0.0,0.0,0.0,0.0,0.0,-0.023776223776223793
2022-05-13,0.0,0.0,0.0,0.0,0.0,0.0,0.0,0.0,0.0,0.0,0.0,0.01002865329512903
2022-05-16,0.0,0.0,0.0,0.0,0.0,0.0,0.0,0.0,0.0,0.0,0.0,0.004255319148936065
2022-05-17,0.0,0.0,0.0,0.0,0.0,0.0,0.0,0.0,0.0,0.0,0.0,0.010593220338983134
2022-05-18,0.0,0.0,0.0,0.0,0.0,0.0,0.0,0.0,0.0,0.0,0.0,0.011180992313067684
2022-05-19,0.0,0.0,0.0,0.0,0.0,0.0,0.0,0.0,0.0,0.0,0.0,-0.01727712508638568
2022-05-20,0.0,0.0,0.0,0.0,0.0,0.0,0.0,0.0,0.0,0.0,0.0,0.010548523206751037
2022-05-23,0.0,0.0,0.0,0.0,0.0,0.0,0.0,0.0,0.0,0.0,0.0,0.0020876826722338038
2022-05-24,0.0,0.0,0.0,0.0,0.0,0.0,0.0,0.0,0.0,0.0,0.0,-0.012500000000000067
2022-05-25,0.0,0.0,0.0,0.0,0.0,0.0,0.0,0.0,0.0,0.0,0.0,0.007032348804500765
2022-05-26,0.0,0.0,0.0,0.0,0.0,0.0,0.0,0.0,0.0,0.0,0.0,-0.011871508379888152
2022-05-27,0.0,0.0,0.0,0.0,0.0,0.0,0.0,0.0,0.0,0.0,0.0,0.021908127208480455
2022-05-30,0.0,0.0,0.0,0.0,0.0,0.0,0.0,0.0,0.0,0.0,0.0,0.022821576763485618
2022-05-31,0.0,0.0,0.0,0.0,0.0,0.0,0.0,0.0,0.0,0.0,0.0,0.007437457741717335
2022-06-01,0.0,0.0,0.0,0.0,0.0,0.0,0.0,0.0,0.0,0.0,0.0,-0.0013422818791946067
2022-06-02,0.0,0.0,0.0,0.0,0.0,0.0,0.0,0.0,0.0,0.0,0.0,-0.009408602150537626
2022-06-06,0.0,0.0,0.0,0.0,0.0,0.0,0.0,0.0,0.0,0.0,0.0,0.006784260515603879
2022-06-07,0.0,0.0,0.0,0.0,0.0,0.0,0.0,0.0,0.0,0.0,0.0,-0.011455525606469119
2022-06-08,0.0,0.0,0.0,0.0,0.0,0.0,0.0,0.0,0.0,0.0,0.0,0.011588275391956504
2022-06-09,0.0,0.0,0.0,0.0,0.0,0.0,0.0,0.0,0.0,0.0,0.0,-0.003369272237196741
2022-06-10,0.0,0.0,0.0,0.0,0.0,0.0,0.0,0.0,0.0,0.0,0.0,-0.00811359026369185
2022-06-13,0.0,0.0,0.0,0.0,0.0,0.0,0.0,0.0,0.0,0.0,0.0,-0.02726653033401505
2022-06-14,0.0,0.0,0.0,0.0,0.0,0.0,0.0,0.0,0.0,0.0,0.0,-0.0014015416958653715
2022-06-15,0.0,0.0,0.0,0.0,0.0,0.0,0.0,0.0,0.0,0.0,0.0,-0.006315789473684275
2022-06-16,0.0,0.0,0.0,0.0,0.0,0.0,0.0,0.0,0.0,0.0,0.0,-0.0028248587570621764
2022-06-17,0.0,0.0,0.0,0.0,0.0,0.0,0.0,0.0,0.0,0.0,0.0,-0.011331444759206777
2022-06-20,0.0,0.0,0.0,0.0,0.0,0.0,0.0,0.0,0.0,0.0,0.0,-0.011461318051575908
2022-06-21,0.0,0.0,0.0,0.0,0.0,0.0,0.0,0.0,0.0,0.0,0.0,0.018115942028985588
2022-06-22,0.0,0.0,0.0,0.0,0.0,0.0,0.0,0.0,0.0,0.0,0.0,-0.020640569395017794
2022-06-23,0.0,0.0,0.0,0.0,0.0,0.0,0.0,0.0,0.0,0.0,0.0,-0.014534883720930258
2022-06-24,0.0,0.0,0.0,0.0,0.0,0.0,0.0,0.0,0.0,0.0,0.0,0.002949852507374784
2022-06-27,0.0,0.0,0.0,0.0,0.0,0.0,0.0,0.0,0.0,0.0,0.0,0.022058823529411686
2022-06-28,0.0,0.0,0.0,0.0,0.0,0.0,0.0,0.0,0.0,0.0,0.0,-0.007194244604316502
2022-06-29,0.0,0.0,0.0,0.0,0.0,0.0,0.0,0.0,0.0,0.0,0.0,-0.010144927536231974
2022-06-30,0.0,0.0,0.0,0.0,0.0,0.0,0.0,0.0,0.0,0.0,0.0,-0.022693997071742245
2022-07-01,0.0,0.0,0.0,0.0,0.0,0.0,0.0,0.0,0.0,0.0,0.0,-0.03445692883895124
2022-07-04,0.0,0.0,0.0,0.0,0.0,0.0,0.0,0.0,0.0,0.0,0.0,-0.01241272304111718
2022-07-05,0.0,0.0,0.0,0.0,0.0,0.0,0.0,0.0,0.0,0.0,0.0,0.00785545954438338
2022-07-06,0.0,0.0,0.0,0.0,0.0,0.0,0.0,0.0,0.0,0.0,0.0,-0.016367887763055422
2022-07-07,0.0,0.0,0.0,0.0,0.0,0.0,0.0,0.0,0.0,0.0,0.0,0.02773375594294758
2022-07-08,0.0,0.0,0.0,0.0,0.0,0.0,0.0,0.0,0.0,0.0,0.0,0.010794140323824308
2022-07-11,0.0,0.0,0.0,0.0,0.0,0.0,0.0,0.0,0.0,0.0,0.0,-0.0076277650648359785
2022-07-12,0.0,0.0,0.0,0.0,0.0,0.0,0.0,0.0,0.0,0.0,0.0,-0.023827824750192073
2022-07-13,0.0,0.0,0.0,0.0,0.0,0.0,0.0,0.0,0.0,0.0,0.0,0.03307086614173227
2022-07-14,0.0,0.0,0.0,0.0,0.0,0.0,0.0,0.0,0.0,0.0,0.0,0.0030487804878049918
2022-07-15,0.0,0.0,0.0,0.0,0.0,0.0,0.0,0.0,0.0,0.0,0.0,0.015197568389057725
2022-07-18,0.0,0.0,0.0,0.0,0.0,0.0,0.0,0.0,0.0,0.0,0.0,-0.01571856287425144
2022-07-19,0.0,0.0,0.0,0.0,0.0,0.0,0.0,0.0,0.0,0.0,0.0,0.0007604562737641984
2022-07-20,0.0,0.0,0.0,0.0,0.0,0.0,0.0,0.0,0.0,0.0,0.0,0.003039513677811634
2022-07-21,0.0,0.0,0.0,0.0,0.0,0.0,0.0,0.0,0.0,0.0,0.0,0.014393939393939403
2022-07-22,0.0,0.0,0.0,0.0,0.0,0.0,0.0,0.0,0.0,0.0,0.0,0.004480955937266495
2022-07-25,0.0,0.0,0.0,0.0,0.0,0.0,0.0,0.0,0.0,0.0,0.0,-0.0007434944237917351
2022-07-26,0.0,0.0,0.0,0.0,0.0,0.0,0.0,0.0,0.0,0.0,0.0,-0.00967261904761918
2022-07-27,0.0,0.0,0.0,0.0,0.0,0.0,0.0,0.0,0.0,0.0,0.0,0.008264462809917328
2022-07-28,0.0,0.0,0.0,0.0,0.0,0.0,0.0,0.0,0.0,0.0,0.0,0.0029806259314455463
2022-07-29,0.0,0.0,0.0,0.0,0.0,0.0,0.0,0.0,0.0,0.0,0.0,0.008915304606240904
2022-08-01,0.0,0.0,0.0,0.0,0.0,0.0,0.0,0.0,0.0,0.0,0.0,-0.002945508100147265
2022-08-02,0.0,0.0,0.0,0.0,0.0,0.0,0.0,0.0,0.0,0.0,0.0,-0.01624815361890708
2022-08-03,0.0,0.0,0.0,0.0,0.0,0.0,0.0,0.0,0.0,0.0,0.0,0.0045045045045046805
2022-08-04,0.0,0.0,0.0,0.0,0.0,0.0,0.0,0.0,0.0,0.0,0.0,0.002989536621823552
2022-08-05,0.0,0.0,0.0,0.0,0.0,0.0,0.0,0.0,0.0,0.0,0.0,0.024590163934426368
2022-08-08,0.0,0.0,0.0,0.0,0.0,0.0,0.0,0.0,0.0,0.0,0.0,-0.0021818181818182847
2022-08-09,0.0,0.0,0.0,0.0,0.0,0.0,0.0,0.0,0.0,0.0,0.0,-0.0021865889212826506
2022-08-10,0.0,0.0,0.0,0.0,0.0,0.0,0.0,0.0,0.0,0.0,0.0,-0.009495982468955555
2022-08-11,0.0,0.0,0.0,0.0,0.0,0.0,0.0,0.0,0.0,0.0,0.0,0.018436578171091345
2022-08-12,0.0,0.0,0.0,0.0,0.0,0.0,0.0,0.0,0.0,0.0,0.0,0.007241129616220032
2022-08-15,0.0,0.0,0.0,0.0,0.0,0.0,0.0,0.0,0.0,0.0,0.0,0.009345794392523477
2022-08-16,0.0,0.0,0.0,0.0,0.0,0.0,0.0,0.0,0.0,0.0,0.0,0.0007122507122505617
2022-08-17,0.0,0.0,0.0,0.0,0.0,0.0,0.0,0.0,0.0,0.0,0.0,0.002135231316725994
2022-08-18,0.0,0.0,0.0,0.0,0.0,0.0,0.0,0.0,0.0,0.0,0.0,-0.008522727272727404
2022-08-19,0.0,0.0,0.0,0.0,0.0,0.0,0.0,0.0,0.0,0.0,0.0,0.0021489971346706493
2022-08-22,0.0,0.0,0.0,0.0,0.0,0.0,0.0,0.0,0.0,0.0,0.0,-0.014295925661186537
2022-08-23,0.0,0.0,0.0,0.0,0.0,0.0,0.0,0.0,0.0,0.0,0.0,-0.012327773749093662
2022-08-24,0.0,0.0,0.0,0.0,0.0,0.0,0.0,0.0,0.0,0.0,0.0,-0.002936857562408024
2022-08-25,0.0,0.0,0.0,0.0,0.0,0.0,0.0,0.0,0.0,0.0,0.0,0.008836524300441795
2022-08-26,0.0,0.0,0.0,0.0,0.0,0.0,0.0,0.0,0.0,0.0,0.0,0.005109489051094762
2022-08-29,0.0,0.0,0.0,0.0,0.0,0.0,0.0,0.0,0.0,0.0,0.0,-0.02323892519970938
2022-08-30,0.0,0.0,0.0,0.0,0.0,0.0,0.0,0.0,0.0,0.0,0.0,0.0
2022-08-31,0.0,0.0,0.0,0.0,0.0,0.0,0.0,0.0,0.0,0.0,0.0,0.006691449814126393
2022-09-01,0.0,0.0,0.0,0.0,0.0,0.0,0.0,0.0,0.0,0.0,0.0,-0.020679468242245314
2022-09-02,0.0,0.0,0.0,0.0,0.0,0.0,0.0,0.0,0.0,0.0,0.0,-0.009049773755656076
2022-09-05,0.0,0.0,0.0,0.0,0.0,0.0,0.0,0.0,0.0,0.0,0.0,0.0
2022-09-06,0.0,0.0,0.0,0.0,0.0,0.0,0.0,0.0,0.0,0.0,0.0,0.006088280060882578
2022-09-07,0.0,0.0,0.0,0.0,0.0,0.0,0.0,0.0,0.0,0.0,0.0,-0.021936459909228323
2022-09-08,0.0,0.0,0.0,0.0,0.0,0.0,0.0,0.0,0.0,0.0,0.0,0.005413766434648082
2022-09-12,0.0,0.0,0.0,0.0,0.0,0.0,0.0,0.0,0.0,0.0,0.0,0.02076923076923065
2022-09-13,0.0,0.0,0.0,0.0,0.0,0.0,0.0,0.0,0.0,0.0,0.0,0.005275056518462717
2022-09-14,0.0,0.0,0.0,0.0,0.0,0.0,0.0,0.0,0.0,0.0,0.0,-0.019490254872563728
2022-09-15,0.0,0.0,0.0,0.0,0.0,0.0,0.0,0.0,0.0,0.0,0.0,0.001529051987767538
2022-09-16,0.0,0.0,0.0,0.0,0.0,0.0,0.0,0.0,0.0,0.0,0.0,-0.009923664122137521
2022-09-19,0.0,0.0,0.0,0.0,0.0,0.0,0.0,0.0,0.0,0.0,0.0,-0.006168080185042224
2022-09-20,0.0,0.0,0.0,0.0,0.0,0.0,0.0,0.0,0.0,0.0,0.0,0.00853374709076804
2022-09-21,0.0,0.0,0.0,0.0,0.0,0.0,0.0,0.0,0.0,0.0,0.0,-0.007692307692307665
2022-09-22,0.0,0.0,0.0,0.0,0.0,0.0,0.0,0.0,0.0,0.0,0.0,-0.012403100775193798
2022-09-23,0.0,0.0,0.0,0.0,0.0,0.0,0.0,0.0,0.0,0.0,0.0,-0.010989010989011061
2022-09-26,0.0,0.0,0.0,0.0,0.0,0.0,0.0,0.0,0.0,0.0,0.0,-0.01904761904761909
2022-09-27,0.0,0.0,0.0,0.0,0.0,0.0,0.0,0.0,0.0,0.0,0.0,-0.0016181229773462036
2022-09-28,0.0,0.0,0.0,0.0,0.0,0.0,0.0,0.0,0.0,0.0,0.0,-0.021069692058346856
2022-09-29,0.0,0.0,0.0,0.0,0.0,0.0,0.0,0.0,0.0,0.0,0.0,-0.0033112582781456013
2022-09-30,0.0,0.0,0.0,0.0,0.0,0.0,0.0,0.0,0.0,0.0,0.0,-0.014119601328903664
2022-10-03,0.0,0.0,0.0,0.0,0.0,0.0,0.0,0.0,0.0,0.0,0.0,-0.010951979780960408
2022-10-04,0.0,0.0,0.0,0.0,0.0,0.0,0.0,0.0,0.0,0.0,0.0,0.022998296422487075
2022-10-05,0.0,0.0,0.0,0.0,0.0,0.0,0.0,0.0,0.0,0.0,0.0,0.02497918401332222
2022-10-06,0.0,0.0,0.0,0.0,0.0,0.0,0.0,0.0,0.0,0.0,0.0,0.007311129163281915
2022-10-07,0.0,0.0,0.0,0.0,0.0,0.0,0.0,0.0,0.0,0.0,0.0,-0.01693548387096766
2022-10-11,0.0,0.0,0.0,0.0,0.0,0.0,0.0,0.0,0.0,0.0,0.0,-0.05004101722723553
2022-10-12,0.0,0.0,0.0,0.0,0.0,0.0,0.0,0.0,0.0,0.0,0.0,-0.006044905008635637
2022-10-13,0.0,0.0,0.0,0.0,0.0,0.0,0.0,0.0,0.0,0.0,0.0,-0.012163336229365718
2022-10-14,0.0,0.0,0.0,0.0,0.0,0.0,0.0,0.0,0.0,0.0,0.0,0.028144239226033374
2022-10-17,0.0,0.0,0.0,0.0,0.0,0.0,0.0,0.0,0.0,0.0,0.0,-0.019674935842600605
2022-10-18,0.0,0.0,0.0,0.0,0.0,0.0,0.0,0.0,0.0,0.0,0.0,0.01221640488656206
2022-10-19,0.0,0.0,0.0,0.0,0.0,0.0,0.0,0.0,0.0,0.0,0.0,-0.012931034482758674
2022-10-20,0.0,0.0,0.0,0.0,0.0,0.0,0.0,0.0,0.0,0.0,0.0,-0.0026200873362445254
2022-10-21,0.0,0.0,0.0,0.0,0.0,0.0,0.0,0.0,0.0,0.0,0.0,-0.0061295971978984065
2022-10-24,0.0,0.0,0.0,0.0,0.0,0.0,0.0,0.0,0.0,0.0,0.0,0.0
2022-10-25,0.0,0.0,0.0,0.0,0.0,0.0,0.0,0.0,0.0,0.0,0.0,-0.022026431718061623
2022-10-26,0.0,0.0,0.0,0.0,0.0,0.0,0.0,0.0,0.0,0.0,0.0,0.011711711711711592
2022-10-27,0.0,0.0,0.0,0.0,0.0,0.0,0.0,0.0,0.0,0.0,0.0,0.013357079252003468
2022-10-28,0.0,0.0,0.0,0.0,0.0,0.0,0.0,0.0,0.0,0.0,0.0,-0.012302284710017486
2022-10-31,0.0,0.0,0.0,0.0,0.0,0.0,0.0,0.0,0.0,0.0,0.0,0.013345195729537407
2022-11-01,0.0,0.0,0.0,0.0,0.0,0.0,0.0,0.0,0.0,0.0,0.0,0.005267778753292207
2022-11-02,0.0,0.0,0.0,0.0,0.0,0.0,0.0,0.0,0.0,0.0,0.0,0.004366812227074135
2022-11-03,0.0,0.0,0.0,0.0,0.0,0.0,0.0,0.0,0.0,0.0,0.0,-0.012173913043478257
2022-11-04,0.0,0.0,0.0,0.0,0.0,0.0,0.0,0.0,0.0,0.0,0.0,0.0017605633802817433
2022-11-07,0.0,0.0,0.0,0.0,0.0,0.0,0.0,0.0,0.0,0.0,0.0,0.016695957820738183
2022-11-08,0.0,0.0,0.0,0.0,0.0,0.0,0.0,0.0,0.0,0.0,0.0,0.011235955056179803
2022-11-09,0.0,0.0,0.0,0.0,0.0,0.0,0.0,0.0,0.0,0.0,0.0,0.02564102564102555
2022-11-10,0.0,0.0,0.0,0.0,0.0,0.0,0.0,0.0,0.0,0.0,0.0,-0.009166666666666656
2022-11-11,0.0,0.0,0.0,0.0,0.0,0.0,0.0,0.0,0.0,0.0,0.0,0.052144659377628244
2022-11-14,0.0,0.0,0.0,0.0,0.0,0.0,0.0,0.0,0.0,0.0,0.0,0.011191047162270262
2022-11-15,0.0,0.0,0.0,0.0,0.0,0.0,0.0,0.0,0.0,0.0,0.0,0.04031620553359683
2022-11-16,0.0,0.0,0.0,0.0,0.0,0.0,0.0,0.0,0.0,0.0,0.0,-0.01671732522796343
2022-11-17,0.0,0.0,0.0,0.0,0.0,0.0,0.0,0.0,0.0,0.0,0.0,0.0
2022-11-18,0.0,0.0,0.0,0.0,0.0,0.0,0.0,0.0,0.0,0.0,0.0,-0.0023183925811438577
2022-11-21,0.0,0.0,0.0,0.0,0.0,0.0,0.0,0.0,0.0,0.0,0.0,-0.004647560030983655
2022-11-22,0.0,0.0,0.0,0.0,0.0,0.0,0.0,0.0,0.0,0.0,0.0,0.009338521400778177
2022-11-23,0.0,0.0,0.0,0.0,0.0,0.0,0.0,0.0,0.0,0.0,0.0,0.006939090208172738
2022-11-24,0.0,0.0,0.0,0.0,0.0,0.0,0.0,0.0,0.0,0.0,0.0,0.009188361408882129
2022-11-25,0.0,0.0,0.0,0.0,0.0,0.0,0.0,0.0,0.0,0.0,0.0,-0.0015174506828529166
2022-11-28,0.0,0.0,0.0,0.0,0.0,0.0,0.0,0.0,0.0,0.0,0.0,-0.01671732522796343
2022-11-29,0.0,0.0,0.0,0.0,0.0,0.0,0.0,0.0,0.0,0.0,0.0,0.0061823802163831765
2022-11-30,0.0,0.0,0.0,0.0,0.0,0.0,0.0,0.0,0.0,0.0,0.0,0.009984639016897168
2022-12-01,0.0,0.0,0.0,0.0,0.0,0.0,0.0,0.0,0.0,0.0,0.0,0.015209125475285079
2022-12-02,0.0,0.0,0.0,0.0,0.0,0.0,0.0,0.0,0.0,0.0,0.0,-0.006741573033707926
2022-12-05,0.0,0.0,0.0,0.0,0.0,0.0,0.0,0.0,0.0,0.0,0.0,-0.0007541478129713397
2022-12-06,0.0,0.0,0.0,0.0,0.0,0.0,0.0,0.0,0.0,0.0,0.0,-0.01584905660377356
2022-12-07,0.0,0.0,0.0,0.0,0.0,0.0,0.0,0.0,0.0,0.0,0.0,-0.006901840490797562
2022-12-08,0.0,0.0,0.0,0.0,0.0,0.0,0.0,0.0,0.0,0.0,0.0,-0.01158301158301156
2022-12-09,0.0,0.0,0.0,0.0,0.0,0.0,0.0,0.0,0.0,0.0,0.0,0.014843750000000044
2022-12-12,0.0,0.0,0.0,0.0,0.0,0.0,0.0,0.0,0.0,0.0,0.0,-0.006928406466512715
2022-12-13,0.0,0.0,0.0,0.0,0.0,0.0,0.0,0.0,0.0,0.0,0.0,-0.005426356589147252
2022-12-14,0.0,0.0,0.0,0.0,0.0,0.0,0.0,0.0,0.0,0.0,0.0,0.013250194855806585
2022-12-15,-0.000617076215430723,0.0006824561963505449,-0.001276639755070641,0.0006824561963503228,0.000564555994393201,-0.0006924378408486032,0.000624342702566727,-0.0006924378408483811,4.570649585389219e-05,-0.0006924378408486032,0.0006824561963505449,0.0007692307692306333
2022-12-16,-0.02361002339323337,-0.011547536569166184,-0.015758360147196226,-0.011547536569166073,-0.009553725514442779,-0.004542074221619452,-0.0065987873962567445,-0.004542074221619563,-0.007369354313447207,-0.004542074221619563,-0.011547536569166295,-0.017678708685626376
2022-12-19,0.0,0.0,0.0,0.0,0.0,0.0,0.0,0.0,0.0,0.0,0.0,-0.0046948356807511304
2022-12-20,0.0,0.0,0.0,0.0,0.0,0.0,0.0,0.0,0.0,0.0,0.0,-0.01729559748427678
2022-12-21,0.0,0.0,0.0,0.0,0.0,0.0,0.0,0.0,0.0,0.0,0.0,0.0023999999999999577
2022-12-22,0.0,0.0,0.0,0.0,0.0,0.0,0.0,0.0,0.0,0.0,0.0,0.016759776536312998
2022-12-23,0.0,0.0,0.0,0.0,0.0,0.0,0.0,0.0,0.0,0.0,0.0,-0.014128728414442793
2022-12-26,0.0,0.0,0.0,0.0,0.0,0.0,0.0,0.0,0.0,0.0,0.0,0.0023885350318473275
2022-12-27,0.0,0.0,0.0,0.0,0.0,0.0,0.0,0.0,0.0,0.0,0.0,0.002382843526608447
2022-12-28,0.0,0.0,0.0,0.0,0.0,0.0,0.0,0.0,0.0,0.0,0.0,-0.015847860538827252
2022-12-29,0.0,0.0,0.0,0.0,0.0,0.0,0.0,0.0,0.0,0.0,0.0,-0.004025764895330131
2022-12-30,0.0,0.0,0.0,0.0,0.0,0.0,0.0,0.0,0.0,0.0,0.0,0.004042037186742009
2023-01-03,0.0,0.0,0.0,0.0,0.0,0.0,0.0,0.0,0.0,0.0,0.0,0.008051529790660261
2023-01-04,0.0,0.0,0.0,0.0,0.0,0.0,0.0,0.0,0.0,0.0,0.0,-0.003993610223642197
2023-01-05,0.0,0.0,0.0,0.0,0.0,0.0,0.0,0.0,0.0,0.0,0.0,0.007217321571772128
2023-01-06,0.0,0.0,0.0,0.0,0.0,0.0,0.0,0.0,0.0,0.0,0.0,0.006369426751592355
2023-01-09,0.0,0.0,0.0,0.0,0.0,0.0,0.0,0.0,0.0,0.0,0.0,0.032436708860759556
2023-01-10,0.0,0.0,0.0,0.0,0.0,0.0,0.0,0.0,0.0,0.0,0.0,0.00766283524904221
2023-01-11,0.0,0.0,0.0,0.0,0.0,0.0,0.0,0.0,0.0,0.0,0.0,-0.0022813688212928174
2023-01-12,0.0,0.0,0.0,0.0,0.0,0.0,0.0,0.0,0.0,0.0,0.0,-0.0007621951219511924
2023-01-13,-0.022738085411009967,-0.020716356960137516,-0.015142609419805164,-0.015511239759386175,-0.018261561635210977,-0.006829639115112807,-0.011219570337965834,-0.006829639115112585,-0.006535868707788217,-0.006829639115112696,-0.009125295471767325,0.011441647597254079
2023-01-16,0.0065709086387932825,0.010415615822844337,0.008975413517480213,0.008609136547961471,0.009158454361529511,0.006877611440569975,0.007479757688963584,0.006877611440569975,0.004624674695537401,0.006877611440569975,0.006224048282239547,0.008295625942684737
2023-01-17,0.008032717515452648,0.006074779139317643,0.006878136707209492,0.007970086176748437,0.005348209516570002,-0.0009304223447039739,0.004875199986530632,-0.0009304223447040849,0.0027530600458656185,-0.0009304223447041959,0.005366795440473915,-0.0014958863126401933
2023-01-30,0.034711630790986936,0.026524627798921507,0.01738139821107043,0.0184497112059252,0.023369045340588146,0.017089225145972442,0.021866098620611618,0.01708922514597222,0.016232568022455984,0.01708922514597222,0.012017274942732747,0.04494382022471921
2023-01-31,-0.0014115934651269813,-0.0051296869161208125,-0.003004732035227886,-0.0015844074967824584,-0.004533353951068575,-0.015277090311296204,-0.005719850049125341,-0.015277090311296204,0.0002035864224363415,-0.015277090311295982,-0.0006717532678447435,-0.016487455197132683
2023-02-01,0.007575816182656014,0.009795964733347873,0.009331764612514393,0.008770536479811852,0.008651984664241885,0.008142457107074286,0.005988554788248113,0.008142457107074064,0.0020684571290254805,0.008142457107074064,0.004066943260575773,0.005102040816326703
2023-02-02,0.023113747048734812,0.022230293704228465,0.015773728827038536,0.018366426953634996,0.019656491915805985,0.0013011267540685711,0.01790742727781902,0.001301126754068349,0.011693402285977816,0.0013011267540685711,0.015587625412763373,0.014503263234227681
2023-02-03,0.0010864342807324068,0.003593488420676083,0.002269143246874439,0.002947201445088865,0.003185458267041197,-5.5728815842037704e-05,0.0013130467448965177,-5.572881584192668e-05,-0.00028217316750211996,-5.572881584225975e-05,0.0008469059821920588,0.0
2023-02-06,-0.026486928882268557,-0.019145353517348362,-0.016269069273531667,-0.016551061073140416,-0.017614847858846483,-0.004378559140064131,-0.01015751952319599,-0.004378559140064464,-0.014856889168213927,-0.0034529678425673227,-0.011650014028018685,-0.013581129378127277
2023-02-07,0.011358656776262022,0.014199649834222283,0.00975640004408862,0.012165260512313703,0.013822839811699295,0.006658244541040359,0.008583864882084402,0.006658244541040581,0.01740196562965024,0.016516703457852833,0.00891962042588057,-0.0021739130434783593
2023-02-08,0.043326170966297095,0.02727135615373477,0.026865386934423974,0.027310277338226108,0.026557534899223745,0.014492107557602774,0.017700623207709265,0.014492107557602774,0.021615693497760713,0.01802408612961348,0.016172817938592265,0.014524328249818419
2023-02-09,-0.009902216641287098,-0.008943416613668265,-0.005352669177689506,-0.009998095821740716,-0.008715380880024437,0.002802607970598725,-0.00013165626624800364,0.002802607970598503,-0.006208216066559746,0.0014842922934903413,-0.0027643835487113355,0.000715819613457569
2023-02-10,-0.00022058722966633582,0.0002133943332636168,0.00010428040606069722,0.0012274648312244896,0.00020790545043669617,-0.0007940091040288255,-0.00036221694080551536,-0.0007940091040284925,-0.00405209607190149,-0.0013987114817203272,0.003230226307509465,0.0014306151645206988
2023-02-13,-0.011061054418946226,-0.004264362398110122,-0.0055394712532921275,-0.005049000517396984,-0.004154698191801365,0.0008065988638104038,0.0025841843608553905,0.0008065988638104038,-0.0012955408867203477,0.0013869954364396087,-0.004726022677307262,-0.002142857142857224
2023-02-14,0.01719837302495164,0.0119618518887592,0.011073078563791361,0.01198853271542677,0.01165295229549268,0.004145482319171556,0.0021447464742168076,0.004145482319171556,0.013019416229229641,0.004936621076792935,0.0040332440451140705,0.005726556907659441
2023-02-15,-0.0037567309162039875,0.0018314289008640738,0.0016449276765639897,0.0018160063793941639,0.0017846793518347948,-0.011360984469972135,-0.0012916566557839015,-0.011360984469972135,-0.0036826955778120896,-0.002041166167661368,0.0014598245047854341,-0.01992882562277587
2023-02-16,0.00683984795347059,0.00464382740195135,0.0032983703226643346,0.006121282056976485,0.004525498987069332,0.007263500609749007,0.01005879299380541,0.007263500609749007,0.014991156203445266,0.011745120974708367,0.00524083920947227,0.01089324618736387
2023-02-17,-0.012606382670090288,-0.00905186443721917,0.0011722613144351524,-0.011254974745130597,-0.008822254831532317,-0.0019420036351623926,-0.0005246476627306373,-0.0019420036351626146,0.0027996444792675046,0.0010386314609942549,-0.0027935001769097134,-0.012931034482758452
2023-02-20,0.01009537687606743,0.009020332836337852,0.006566075426976736,0.00808719187597684,0.008789486475863084,-0.0015488586434694307,0.005045760336067406,-0.0015488586434694307,0.0017260342620948332,0.00178172299993129,0.006826363404690117,0.0021834061135370675
2023-02-21,0.012729244858498134,0.012620690145511704,0.01256066371351472,0.013295598895102678,0.012300518383420833,0.00015720042530276146,0.006585661566698375,0.00015720042530276146,0.012979917622847115,0.005526829283971857,0.008525343235695981,-0.001452432824981753
2023-02-22,-0.011617929188745046,-0.00961048060556391,-0.012133099613701903,-0.01206341920264109,-0.009369636751016097,-0.0034312372183308293,-0.005067383236997625,-0.0034312372183309403,-0.012521825819489685,-0.0022940328228325813,-0.00835923985118836,-0.01018181818181818
2023-02-23,0.02173335864045045,0.01497912471696794,0.016790496505983077,0.01564150174048229,0.014600189242490291,0.011615317274577208,0.01533131626832196,0.011615317274576986,0.019822528146032914,0.01858651615688145,0.016399542320171046,0.014695077149154967
2023-02-24,0.006498463169003266,0.006510598212186469,0.0061235666115624365,0.006666178084291152,0.006348265971602096,-0.0029855594095045124,0.006910261616777547,-0.0029855594095042903,0.0028430893538597957,0.007936464067694882,0.00494754269088582,-0.005068790731354023
2023-03-01,0.006052218869647463,-0.00013136116757617167,0.0028444016580821962,0.0051881400394493404,-0.00012810653036343655,0.013516578168894178,8.506582023604103e-05,0.013516578168894178,0.0037847185177206644,0.0009406518604939684,0.0005182437071269419,0.00509461426491975
2023-03-02,0.002028508175896837,0.0043924246225579555,0.004044331598498596,0.003081610976953808,0.00428358286583741,-0.004869312201332687,0.0024471477749765658,-0.004869312201332687,0.0005516988772094056,0.0010659860593298376,0.00713937660002717,-0.002896451846488124
2023-03-03,-0.016064013459584636,-0.015326753059910936,-0.014956288574032861,-0.016114512258437963,-0.014948584846089963,-0.0002659770539138462,-0.016740337317561527,-0.00026597705391373516,-0.016144865908367834,-0.015454945076047055,-0.015968926915563175,0.002178649237472907
2023-03-06,0.02238574430037743,0.020119712793961186,0.02143299519245323,0.020571174600922282,0.019615750853219094,0.017520150023938363,0.006279463530213247,0.017520150023938363,0.01824278301961546,0.014451915836468654,0.017120748800460328,0.010869565217391353
2023-03-07,0.009009517300493597,0.011301062644758497,0.00914492604455841,0.014686631828798369,0.011023437556664462,0.00314750411463649,0.008318016012609286,0.00314750411463649,0.008163430526833881,0.00279770537496149,0.011202457777634844,0.00501792114695343
2023-03-08,-0.013664962684829973,-0.006823409703142214,-0.008404883691545684,-0.0053108353560097354,-0.00657248591092463,-0.005955478681818005,-0.008473110313566123,-0.005955478681817894,-0.006752172505549048,-0.007489991798788065,-0.005015824956541182,-0.0064194008559199656
2023-03-09,-0.002742725015686287,-0.0034320103392346812,-0.0026784340473517965,-0.0006983697789705312,-0.0034320103392346812,-0.0024376314512197794,-0.0019923162096686653,-0.0024376314512200015,-0.00222490919458862,-0.0043489444196319615,-0.002929459801981338,-0.001435750179468842
2023-03-10,-0.015316400845093447,-0.011652981466741319,-0.013793798152687886,-0.01278237658576431,-0.01165298146674143,-0.011434419260642148,-0.005034714724895251,-0.011434419260642037,-0.009826290347242361,-0.01172711626196421,-0.011834538707678921,-0.014378145219266725
2023-03-13,0.0069754660058383156,0.005781449368527314,0.006207106315849753,0.009826742778594744,0.005781449368527314,0.0029670437866837762,0.0026102720579554983,0.002967043786683554,0.006378592020720886,0.0029102341636926266,0.0034678614409475728,0.0029175784099197966
2023-03-14,-0.011599031915677682,-0.015556051840422636,-0.014487286489238027,-0.011357409908568261,-0.015556051840422525,-0.006242170536185032,-0.0014368305768291956,-0.00624217053618481,-0.01132718155853163,-0.0078507557254901,-0.009563267854204915,-0.010909090909090868
2023-03-15,-0.004341403042483982,0.006975414434874594,0.009204038005232729,-0.0040030666080655974,0.006975414434874594,0.006565156991654053,-0.004820293541537568,0.006565156991653831,0.0005943490753737013,0.0041387021846170935,0.0019823082682515203,0.0
2023-03-16,0.00046266386685878125,0.0030156296997729815,-0.007055825759745171,-0.0032345688687729357,0.0030156296997729815,0.00215600636395874,0.00043410373563901317,0.002156006363958518,-0.00356017788046481,-0.0036189157889290335,-0.0017213567912477412,-0.0051470588235292825
2023-03-17,0.011607064730821959,0.01605591903455328,0.01017290821620409,0.008601203898516596,0.01605591903455328,0.007200875172817867,0.0057868955122934995,0.007200875172817867,0.012698172464621571,0.005195923692641546,0.002934641310907926,0.013303769401330268
2023-03-20,0.0009296066053026131,0.0005326704765062917,0.00036474443332012996,-0.0009258545318876488,0.0005326704765062917,0.0008666937210821679,3.3124404976714317e-06,0.0008666937210821679,-0.003261716499432299,0.001820536953582641,0.003642189254726924,-0.0051057622173594774
2023-03-21,0.0038780043107469186,0.006480367513931551,0.011405735180086252,-3.9999058275452803e-05,0.006480367513931329,0.008537010460182737,0.003024543463516993,0.008537010460182515,0.002721338658283834,0.012080151206742107,0.009418480274173247,0.004398826979472137
2023-03-22,0.008364760387088888,0.01763759527870956,0.020547311161457804,0.006715888617424115,0.01763759527870956,0.01464594135572983,0.0028795582640579465,0.01464594135572983,0.0058917364030222075,0.014347232604870364,0.01415021663974425,0.01897810218978102
2023-03-23,0.010428845741667692,0.008424769587210168,0.010679155215806535,0.005070423259503354,0.008424769587210168,0.0059266933026795865,0.0036835994889925505,0.0059266933026798085,0.003470645013899043,0.005273723052048762,0.00475505855286662,0.006446991404011504
2023-03-24,0.005243601498527317,0.005093594034745186,0.008810062408542318,-0.001185245046664396,0.005093594034745186,0.004562486596040971,0.0007908540506715855,0.004562486596040749,0.0008977745039253637,0.004518178296403441,0.004665587372590485,0.005693950177936058
2023-03-27,-0.003656029114795345,0.0005559953789342487,-0.0014824708568520473,-0.005569822599747587,0.0005559953789340266,0.005257478804708615,4.620409913869139e-05,0.005257478804708615,-0.00400019457501033,0.004258641743902336,0.001993359662554095,-0.006369426751592355
2023-03-28,-0.005425268892486956,-0.011221268737458767,-0.009485909922964941,-0.004739408190925221,-0.011221268737458767,-0.011676949061700914,-0.001710930760083662,-0.011676949061700692,-0.007494352682515748,-0.010690302338993596,-0.009913002179612884,-0.008547008547008628
2023-03-29,-0.005995084060073097,-0.0009230593781557328,0.0012329348679416263,-0.0033783599314404222,-0.0009230593781556218,0.002507791029757067,0.0029196597945873037,0.002507791029756845,-0.0034104542759070267,0.002188804727994542,0.0029754388100735607,0.00287356321839094
2023-03-30,-0.0013502282253575748,0.0012712036443374153,0.002684891292765501,0.0003293176007668208,0.0012712036443371932,0.0015186437343195358,0.0011111945848798488,0.0015186437343195358,0.0034164139118217918,0.001079911968169256,0.0011059636736596712,0.003581661891117527
2023-03-31,0.005924476969735304,0.00447973870727969,0.005461825335655979,0.0021600115054825064,0.00447973870727969,0.0009684079450658079,7.12642798019747e-05,0.0009684079450658079,0.005980647594547639,-0.0018795655752584794,-0.0026626147448529647,0.002855103497501732
2023-04-06,-0.004013740890000506,-0.0012929352303063801,0.00011804887950161991,-0.00030282182102081556,-0.0012929352303064912,-0.005889227822791887,-0.003243371847074128,-0.005889227822791887,-0.005053937151735521,-0.0048339030114831205,0.0011931973358028092,-0.002846975088968029
2023-04-07,-0.0006669668000505169,-0.001609282589749239,-0.0056026477758917,-0.000583678803509069,-0.001609282589749128,-0.0003976201291338022,-0.002906469905391118,-0.00039762012913369116,-0.003469304496477088,-0.0008424695148593342,-0.0005667296213427431,-0.001427551748750866
2023-04-10,0.0011506379519443666,0.0002879324789961668,3.1771548073544764e-05,3.3888485556632375e-05,0.0002879324789961668,0.0011011550827617622,0.0029204188095088846,0.0011011550827615402,0.006296336828152782,0.005057290753659682,0.0017307041951306612,0.0014295925661185205
2023-04-11,0.0052193808425800015,0.002517109242165194,0.004733431262705423,0.005088901143637692,0.002517109242165416,0.008333095644089461,0.00041036656139414873,0.008333095644089461,0.0036314409214941445,0.005042839507270802,0.00599045849969615,-0.001427551748750866
2023-04-12,0.0012943543968888527,-0.000525176923503845,-0.0014795841960778544,0.00048238744193351835,-0.0005251769235040671,0.003571419381933172,0.0018215745434344566,0.003571419381933394,0.004577373984901323,0.003997886372204995,0.0023100364819992336,-0.002144388849178114
2023-04-13,-0.020894244346806645,-0.018882007571753623,-0.017091417478854565,-0.018323352807483984,-0.0188820075717534,-0.0076319020356936385,-0.012190925054275215,-0.007631902035693527,-0.011647991999037433,-0.01094614792917381,-0.012709801629247064,-0.00859598853868182
2023-04-14,0.00898354054049677,0.010159201412848207,0.014479922650690424,0.012383503754943792,0.010159201412848207,-0.014597834754442651,-0.0029908259305778673,-0.014597834754442873,0.014282228388126095,-0.002594192696544151,0.005837325669652005,0.009393063583814865
2023-04-17,0.002145481821421935,0.003912407829172571,0.00013004866170396312,0.0019332226475050618,0.003912407829172571,7.156341604708238e-05,0.001096940291472226,7.156341604708238e-05,0.0017518573087078604,-0.004458156547404779,-0.0015710425728827637,-0.0014316392269146938
2023-04-18,-0.010301423535300391,-0.011700139701363077,-0.00747019652451586,-0.01064290728003603,-0.011700139701363188,-0.008334811739278636,-0.009824287897755024,-0.008334811739278525,-0.01369798093518515,-0.011508871718685754,-0.017683394346973635,-0.0035842293906810374
2023-04-19,-0.002154400178155824,-0.005119074604019391,-0.002975342517972601,-0.005316407474746487,-0.00511907460401928,-0.003577182099167242,-0.0010562140184032787,-0.003577182099167242,-0.002948375299920314,-0.00010396653234989728,-0.008099183522334852,-0.007194244604316502
2023-04-20,-0.011380573522734916,-0.010781884525037144,-0.011032144170209368,-0.012311756595785872,-0.010781884525037144,-0.007843526351746788,-0.00162918051646177,-0.007843526351746899,-0.0045479672301433904,-0.0044717129387490395,-0.004294342903173098,-0.0014492753623187582
2023-04-21,-0.017362873735047968,-0.009507434770415046,-0.008177287806822808,-0.008842293094462605,-0.009507434770414935,-0.003566031268617653,-0.006863379910179379,-0.003566031268617542,-0.00845509716263082,-0.008206336145302195,-0.009459539660520822,-0.002902757619738794
2023-04-24,0.002501209244059943,0.0003317960632811534,0.00019439627315032126,0.0006199195716027894,0.0003317960632811534,0.0035289748517013386,0.004578205241224431,0.0035289748517013386,0.003158556337895524,0.004515020255887903,0.003859052767524407,-0.00363901018922852
2023-04-25,-0.03946176874140783,-0.03182718522564232,-0.02895883593608195,-0.03260724910725188,-0.03182718522564221,-0.014295171332500578,-0.02185871531654926,-0.014295171332500578,-0.024881224268137103,-0.022389292518841697,-0.03137887819049212,-0.012417823228634162
2023-04-26,0.0035167773124047397,0.00945123607228937,0.00850591436649295,0.010191130481192356,0.00945123607228937,0.010369372455551584,0.014316422896001324,0.010369372455551584,0.012813487833421844,0.012151964666595738,0.013671848961350097,-0.008136094674556227
2023-04-27,0.008228533844071517,-0.0006779890970755043,-7.441469384905641e-05,-0.0033392109496661604,-0.0006779890970755043,0.008906834542285136,0.007755802093095676,0.008906834542285358,0.00855171422265788,0.012414698513019129,0.007703969260963284,0.0022371364653244186
2023-04-28,0.006423179654288402,0.011094294039516894,0.011830666183800131,0.012141608965910766,0.011094294039516894,0.0061024102217897,0.017029339851241998,0.006102410221789478,0.011301311880761666,0.009623762497648514,0.010637590478274062,0.01116071428571419
2023-05-02,0.024313020797569695,0.01568012395774021,0.015302751105946921,0.015750052856885244,0.01568012395774021,0.014205367727749385,0.02429720780448741,0.01420536772774983,0.021261970641495154,0.025776980054205367,0.02232016595852926,0.0014716703458423908
2023-05-03,-0.0019935038194367483,-0.0016318758400426514,-0.0032274693932052845,-0.002723114228828427,-0.0016318758400425404,-0.003144272416468419,-0.0038394447447636093,-0.003144272416468308,-0.005836232303895628,-0.00543850076480612,-0.0034980491199698704,-0.0029390154298309934
2023-05-04,0.0060652717975113735,0.0029491453447536564,0.006093869175508582,0.0027750529411356695,0.0029491453447536564,0.00902637160487152,0.015482981489420622,0.009026371604871297,0.01659383908762746,0.013127312552600578,0.010381529955858726,0.0014738393515107973
2023-05-05,0.001209305028512686,0.0011039602103646295,0.0007691008503858399,0.00011586929620510666,0.0011039602103646295,0.005858344767213364,0.012654818223733377,0.005858344767213142,0.0083543973996556,0.010011882430034147,0.010849371056695256,0.003679175864606421
2023-05-08,0.005234217318727863,0.007027486405495553,0.00493047005354863,0.008457849909808246,0.007027486405495553,0.006174599310702744,0.009967172443603456,0.006174599310702744,0.00033404560975625053,0.001334533573602359,0.002788702098127871,0.00586510263929596
2023-05-09,-0.002753053059851407,-0.007223832721000134,-0.00500380206228257,-0.0057567101950305455,-0.007223832721000245,0.0037058152685907064,0.0036104411524273683,0.002242180361526014,-0.000718764055244514,0.007740837585793692,0.0004328145246554893,0.00291545189504383
2023-05-10,-0.002883010194042579,-0.002562790530494241,-0.0015101008135092187,-0.00390958015346432,-0.00256279053049413,-0.0007633997451576002,-0.00053567495989848,-0.002473808223572793,-0.005210191797252461,-0.003213634551443856,-0.006161928098077363,-0.007267441860465129
2023-05-11,-0.004840248472414599,-0.004300538257888453,-0.0029068207047434624,-0.0058240953741656165,-0.004300538257888564,0.0016680497003511707,0.0016688115648693103,0.00011933115325279964,0.00039710312826590766,0.0005242356028880568,-0.002995673031620183,-0.004392386530014614
2023-05-12,0.013578703701300432,0.01277147027157266,0.011655770207626537,0.014144136371750049,0.01277147027157266,-0.005765484151255773,-0.0046281661983093025,-0.0015402757882126972,0.018948142204447738,0.0005895235420139144,-3.932857662691802e-05,-0.002941176470588225
2023-05-15,-0.012842954646520521,-0.012450227047200002,-0.012488386157732623,-0.012102977421316718,-0.012450227047200113,0.002424029917999393,0.0017352158781775984,-0.0013752196307458275,-0.006810960398269339,0.0036736912495096696,-0.00295581138595169,0.0
2023-05-16,0.015398303938241042,0.01687414743525295,0.018417914721799322,0.014808654219930606,0.01687414743525273,0.007212341512228715,0.006526383425980775,0.010450286191067581,0.02383396138812066,0.01162209567089989,0.013155585608210618,0.01179941002949847
2023-05-17,0.0005892895503809559,0.001372319998100613,0.00997885574105184,0.001205513036857564,0.001372319998100613,0.009049798362069872,0.007465775218911563,0.010553166728022756,0.02751891809435536,0.02230374538343205,0.009211501144493539,0.015306122448979664
2023-05-18,0.009785267446636992,0.010431517733919371,0.007121102106134369,0.010777531903424009,0.010431517733919593,-0.000498153561237058,-0.0011757368216418485,0.0007350917481958597,0.010813688133895383,0.008954168854814482,0.0046597118317099895,0.012921751615218913
2023-05-19,0.006700323657543361,0.007103261460702948,0.009268426445898426,0.006278134791722456,0.007103261460702726,0.0028631121689408623,0.0026457626765525877,0.00453994523485135,0.008391449948072838,-0.0006923261135278747,-0.0010100962890917664,0.002126151665485576
2023-05-22,-0.009731755865543867,-0.007406411731293749,-0.0028533743295288128,-0.0072524727902409936,-0.0074064117312938604,-0.0002670045153718714,0.00018246659229581574,-0.0066503292938115965,-0.011535754168519152,-0.0024031922870303424,-0.003760443608917474,-0.0007072135785006761
2023-05-23,0.0026201761725062056,0.0011001912621169119,-0.0019235990803383451,0.0019323430639019978,0.0011001912621169119,-0.0006794313563782683,-0.0013566126677172496,0.003227772519782901,0.0013232673031162712,-0.001277370470437078,-0.0005228333370040916,0.0
2023-05-24,-0.0009874995898675465,-0.00028247800386560495,0.0011159322949165773,4.9016457796868806e-05,-0.0002824780038652719,0.00037130211022229354,0.001048820934240302,0.0014252731110000472,-0.0007202520648311728,0.0008614779459001909,0.0028418871889461794,-0.004953998584571906
2023-05-25,0.025907778995698738,0.024484015531488268,0.020346350698623894,0.02498550329991356,0.024484015531488046,-0.005575829698408419,-0.004464972149115787,0.005443307673942632,0.014458697516807506,-0.008138204324844467,0.007862563416129342,0.010668563300142209
2023-05-26,0.024108823395891266,0.02651223495373789,0.01452246304016458,0.023753609472924264,0.02651223495373789,0.0030422849684947906,0.0030471020136175753,0.00678575573786766,0.0032994328283937335,-0.004813655394925509,0.02233072832237437,0.023223082336382816
2023-05-29,0.013626173595864266,0.014806287838456722,0.0047193095476583125,0.011997127811660846,0.014806287838456722,0.0037348146091482626,0.002613171509205703,0.00031187303100810304,-0.0009887478568035846,-0.0010685393473329752,0.014451550063647733,0.004814305364511551
2023-05-30,-0.006572043068724498,-0.005574022089850472,-0.0017321030672033944,-0.0024799256151196714,-0.005574022089850583,-0.0032075644951220506,-0.003666061813368149,-0.005486125033950295,0.004460049375203834,0.006230525265960241,-0.007833404700201663,0.002053388090349051
2023-05-31,0.0012130869065936078,0.0012378383259119552,0.005706916281390306,-1.1875248940196315e-05,0.0012378383259119552,0.0020105110452062203,0.002016865197574269,0.002366333802690912,0.007071945759439924,0.00013005169702351438,-0.0010667904519203741,-0.005464480874317057
2023-06-01,-0.001994349799552375,-0.0003983142911697657,-0.0027009130311737017,6.99691260444002e-05,-0.00039831429116954364,-0.002695848092259201,-0.0006767122300495032,-0.0002902649962358561,-0.009058191349213263,-0.0016168997266167162,0.0010916527708393353,-0.008241758241758212
2023-06-02,0.005420459241189501,0.007216451062801221,0.011061819548024321,0.005202022913868509,0.007216451062800777,0.00670564147697128,0.006938646036860563,0.00759039927168681,0.015920257692460638,0.008756658517899751,0.003843969293642724,0.012465373961218829
2023-06-05,-0.00046096856767696703,0.0014752798117856347,0.008943488369171027,0.0016381109536554028,0.0014752798117856347,0.002753019455703498,0.0020838081997356372,0.0013037941566471645,0.006755338656237786,0.002316334018231725,0.0015248521804500648,-0.002735978112174964
2023-06-06,0.0021719443298957586,0.005649469605162771,0.003551571010318666,0.005895978113623412,0.005649469605162993,0.0003740615373653,0.0015064099234498585,0.0018377486022815859,-0.00556945129589792,-0.005775372162907022,0.01031970444041419,0.003429355281207025
2023-06-07,0.0136529673019532,0.017307370557507973,0.017930543011145383,0.01956848432275593,0.01730737055750775,0.004470172011511453,0.007243815646157836,0.004470172011511231,0.005664886426624438,0.0033614110062463176,0.016648730068784312,0.010936431989063466
2023-06-08,-0.02378492135414323,-0.02072661098247064,-0.021334640104559544,-0.020700360929277295,-0.02072661098247064,-0.006509456063977792,-0.007463841435944252,-0.006509456063977792,-0.015709999508201844,-0.012902712710975317,-0.021851187824665885,-0.009465855307640325
2023-06-09,0.0272107068363856,0.028891197993343942,0.02885580458186343,0.02758620790138444,0.028891197993344164,0.003576214383673504,0.0036124654269287237,0.003576214383673504,0.01363898445883871,0.006951496817416025,0.023326079658626764,0.00887372013651877
2023-06-12,-0.008536361640742562,-0.0021495148732271208,-0.002428391318793355,-0.0031126691907424897,-0.0021495148732271208,0.00289151886274408,0.0012163579721991002,0.002891518862743858,0.0015965737048595496,0.0047151643603300375,-0.0030459270696299168,0.007442489851150258
2023-06-13,0.029271305031388417,0.023764557886288173,0.02250350363305187,0.024488562499910937,0.023764557886288173,0.009008656146539673,0.008429532399921058,0.009008656146539451,0.019495775570257168,0.013525427592650408,0.027096614789867024,0.02081934184016121
2023-06-14,0.00865876742031535,0.005703474307655831,0.002969842251691057,0.0036019699186340404,0.005703474307655831,0.0017455448866274814,0.001767344120816139,0.0017455448866274814,0.0016260390042446282,0.002742028791499429,0.007954199269764928,-0.0019736842105263497
2023-06-15,0.021808408719780514,0.03023988966850677,0.03202945107775257,0.02872496462111096,0.03023988966850677,0.004135222101963043,0.004641658033293972,0.004135222101962821,0.0145161794974904,0.008171276324727916,0.019747572437700756,0.0039551746868822235
2023-06-16,0.01217438942884952,0.002789410036915907,0.0022715008232492284,0.004009917184357281,0.002789410036916129,-0.009559147182592098,-0.010537484637618277,-0.009559147182591765,0.008275435137546028,-0.00710116423932905,0.00046205605998861365,-0.0032829940906106136
2023-06-19,0.0044879895108951295,0.009357886207680854,0.009079830053562832,0.005122887639249063,0.009357886207680632,0.0003035495962002699,0.0010269020904138948,0.00030354959620004784,-0.0005714457011908314,-0.002818123126247185,0.008963351161361821,-0.0006587615283268899
2023-06-20,-0.009599742602784511,-0.013714329739673348,-0.01584719460507744,-0.013664944950645297,-0.013714329739673459,-0.00045112909860822725,-0.0012208920734464446,-0.00045112909860822725,-0.003859663265051494,0.0015689352163932302,-0.009634825325818497,-0.005932762030322891
2023-06-21,0.007637747845405052,0.008499304993898171,0.007410521002785497,0.005854863371989927,0.008499304993898393,0.000640163460010168,0.0016205798936075322,0.000640163460010168,0.00228961408009809,-0.0008065276223201412,0.003814555414351828,0.0006631299734747298
2023-06-26,-0.01563730704728339,-0.015956425360973636,-0.019643245349756477,-0.014672490458885523,-0.015956425360973636,-0.005060705230892859,-0.0055423929642737235,-0.005060705230892748,-0.0070575559983528935,-0.00910012283775119,-0.012557112517723623,-0.005964214711729698
2023-06-27,-0.015493993217933433,-0.015526708701554037,-0.016407304347970886,-0.015693546832420302,-0.015526708701554037,-0.004117068633626708,-0.005331493771796425,-0.004117068633626597,-0.014685697461976455,-0.006379049422764793,-0.01747128389257302,-0.0033333333333332993
2023-06-28,0.003978507035118817,0.007367726076159986,0.008224239323482818,0.009170793489501117,0.007367726076159764,0.0020205159871227174,0.0010308577701765298,0.0020205159871224954,0.001337680836549282,-0.0009259600851823091,0.008307821543928284,-0.0013377926421404007
2023-06-29,0.007252809174421726,0.008990558876422083,0.008789718423703796,0.01063604877543689,0.008990558876422083,0.003505077695629355,-0.0013444203745639483,0.003505077695629355,0.0010426524289013361,0.004655626479622699,0.011210477420581455,0.0
2023-06-30,0.01850607271427962,0.01879901708778542,0.021992693203536806,0.00879617926185361,0.01879901708778564,0.00020978708329599804,-0.00035621645370631505,0.00020978708329599804,0.01983751740556139,0.0015719780254965787,0.01824403354444626,0.0013395847287340779
2023-07-03,0.02870751590868048,0.03812019703110647,0.04230041315543831,0.033454176992482765,0.03812019703110647,0.00848646844446277,0.009768361759290967,0.008486468444462547,0.022207242971647778,0.01001746419591032,0.02957928442061264,0.011371237458193795
2023-07-04,-0.0035472366919363507,0.0026147298204064473,-0.001245373665754168,0.013716153216481786,0.0026147298204064473,0.0028392800323779888,0.0013827431105346566,0.0028392800323779888,-0.01925362675782949,0.003401217350969876,0.01234126005275682,0.003968253968254176
2023-07-05,-0.01199167605351592,-0.015058902031303889,-0.017053162460192173,-0.016650493664561616,-0.015058902031303667,-0.0017503779226353267,-0.0007825148851705599,-0.0017503779226353267,-0.008468595659573919,-0.002659699252147152,-0.012604546809242723,-0.0039525691699606735
2023-07-06,-0.023033352257884387,-0.020861579795322327,-0.022976837190377686,-0.01515563153864996,-0.020861579795322216,-0.01831373058441732,-0.021328175909373193,-0.01943603091773516,-0.01506838923538889,-0.018466507304342406,-0.026545262841276895,-0.017857142857142794
2023-07-07,-0.015354267815078981,-0.019483740991416032,-0.0178821145767023,-0.012469220734423025,-0.019483740991416365,-0.007653838341168728,-0.00845055655371807,-0.009841275026846619,-0.009799797668880839,-0.006734539668740713,-0.014052831494974716,-0.0033670033670033517
2023-07-10,-0.00041691938114662985,0.004084021994069875,0.002385511314330291,0.005179038853860618,0.004084021994069875,-0.002660469456200909,0.000117119237656782,-0.001480839377264731,-0.0017860934791976701,-0.0031089825672309113,-0.0010922753721204215,-0.002702702702702786
2023-07-11,0.015684683337209515,0.01839444255683631,0.017173873068894396,0.009439683172522528,0.018394442556836532,0.013815173802070868,0.011082462182314456,0.014906104406178011,0.014521868016093453,0.011497540394592054,0.018686577420323314,0.014227642276422703
2023-07-12,0.021920158129331124,0.027441592071403287,0.02807049803079975,0.015032597099215783,0.027441592071403287,0.007738811371617027,0.007162633770517957,0.0067327823053688896,0.01723546371452578,0.007286798169140463,0.029704701338804762,0.0013360053440214514
2023-07-13,0.020207317865646557,0.02306516280025206,0.020212552993411848,0.018422461978966576,0.02306516280025206,0.0074404259288687324,0.0058313820613611345,0.008715641706031452,0.014906516615125653,0.007443764770158401,0.02119834938624443,0.010673782521681163
2023-07-14,0.02760050992497276,0.01753312806788676,0.02094428625794209,0.014110506344346518,0.01753312806788654,0.021640807152091712,0.020047715726653648,0.020472064561136705,0.01835958868447185,0.020536877460727965,0.026365825932888276,0.007260726072607193
2023-07-17,-0.018762933725014586,-0.018069553372959235,-0.01823558130489722,0.004127542528017392,-0.018069553372959124,-0.009552050012921254,-0.008375742659814556,-0.01227857908003993,-0.008250647203475125,-0.010003105988546257,-0.019102155083797423,0.001965923984272644
2023-07-18,0.012374939534981477,-0.00013267893002544273,0.002119592728622166,0.004214241569638233,-0.0001326789300253317,0.0033865000239707843,0.0012207471558822736,0.00420751469508529,0.007664353396473977,0.0031727815431015216,0.016398176671824416,-0.018966644865925475
2023-07-19,0.001060289874226017,-0.003785503971889037,-0.0023696015647687307,-0.014009565784189548,-0.003785503971889148,0.001512030535051112,0.001972185898178269,0.0015336207865646045,0.00190089692398554,0.0021745727259270264,0.000998490248005579,-0.0040000000000000036
2023-07-20,0.003913196968162724,0.007905243386171934,0.009614911690101202,0.00931276314741436,0.007905243386171712,0.00021481293932756884,0.002354030983305888,0.00012309957872647104,0.007300657762500995,-0.00044264660299686565,0.0037455407602999813,0.0
2023-07-21,0.017447196865914227,0.023286830192975838,0.022182389247721757,0.01513304607466548,0.023286830192975838,0.0041996783890629885,0.002783915471822107,0.002338278656723869,0.01567960335634555,0.004647611173363542,0.018406129192395815,-0.014725568942436484
2023-07-24,0.01677305423326758,0.014844282874716841,0.013237852726977417,0.014563394370340266,0.014844282874717063,-0.010739250880580586,-0.008796717205892257,-0.009726736619171339,0.009446546781237464,-0.01010297361876411,0.021078360449919398,0.0013586956521740579
2023-07-25,0.002279164042662707,0.004425332302759211,0.0039117811187479035,0.006207166406263065,0.004425332302758989,0.0017178446201149278,0.00287751713919171,0.0014621995801338272,-0.0019557874634249517,0.00039629608796909466,-0.0011121579367860956,0.01085481682496603
2023-07-26,0.0027665654486821456,-0.00026664987105939897,0.0023373181888148853,0.0011950972123939696,-0.00026664987105939897,0.0006592745828288837,0.004552414661491255,-0.005933920588404917,0.00225566639717778,-0.0008825317378033937,0.003437170216058938,-0.0013422818791946067
2023-07-27,-0.013128812769680587,-0.012412489823517725,-0.01038281730770485,-0.006800648038852719,-0.012412489823517725,0.007514840888431573,0.005020458872464051,0.006777420177876747,-0.00033647289968108396,0.007544691806194104,-0.014382386294210625,0.0047043010752687575
2023-07-28,0.01691740444760259,0.01904048483483267,0.016212860618789682,0.008091865336860016,0.019040484834832894,0.0018235576493241812,-0.0022610129748051877,0.00275948917209079,0.011623773807438953,0.0013926896076346118,0.018029563652584457,0.0006688963210701449
2023-07-31,-0.04049885895357164,-0.03885415945768278,-0.037801862658352836,-0.03523131983701622,-0.03885415945768278,-0.0035936266848033416,-0.005139386550354952,-0.0034652605038598683,-0.0222789857916994,-0.004702967488752763,-0.040944721416708796,-0.004010695187165791
2023-08-01,-0.004822002330006514,-0.0017519592360698555,-0.002949070499838169,-0.012845719379744769,-0.0017519592360699665,-0.004939425380889095,-0.004563093387527362,-0.004345509873417752,-0.006843118612083532,-0.005845592780578612,-0.0036700594645979745,0.004697986577181235
2023-08-02,-0.04346276485434952,-0.048577250723976007,-0.04772934605330581,-0.029259427426775564,-0.04857725072397612,-0.011642944479815398,-0.015558997794213103,-0.01225074307913998,-0.023273231698690333,-0.010170232394942413,-0.04651269758947463,-0.011356045424181671
2023-08-04,0.003848495713177469,0.00878668564555718,0.013994786577568918,0.0066073074862680325,0.008786685645556958,-0.003839572196463248,-0.0033526129548960837,0.0004121552035942777,-0.015399595353155271,-0.006280740481693137,0.009533030886416993,-0.005405405405405461
2023-08-07,0.03513486288580725,0.03193215267422422,0.02917303734330745,0.03307985333508712,0.031932152674224445,0.021898418803476538,0.019832292418461295,0.01874389506639562,0.010069410672255419,0.021447383008050824,0.03471420534787928,0.006793478260869623
2023-08-08,-0.00541661717209041,-0.0018033369834455915,-0.0014642290369298872,-0.0035948709550797098,-0.0018033369834453694,-0.004827095034987794,-0.0036070718546481473,-0.002429492978723413,-0.0020106645022668346,-0.0049364333818930906,-0.0006635545761035644,-0.00944669365721984
2023-08-09,-0.008572229197832959,-0.010817209635926583,-0.004800290415932884,-0.009185426126768759,-0.010817209635926694,-0.011211223740468124,-0.014910912516126418,-0.015025913518987633,0.005941225003820438,-0.00679076068876272,-0.006169822512596124,0.0013623978201633413
2023-08-10,-0.05162689769587825,-0.05052223293649216,-0.04670141652201054,-0.050473331517217,-0.05052223293649216,-0.022812082381903576,-0.01875376629522829,-0.018010084278534122,-0.01447359276441429,-0.024539614815510258,-0.04707951335910043,-0.0054421768707483276
2023-08-11,0.02017822710829109,0.022099764103018282,0.015454112782218532,0.02335018757046603,0.022099764103018282,-0.005271858380822336,-0.0007180329753319059,-0.0034846350039432483,0.0013092889288675025,0.006137761872749392,0.014791135675587208,-0.0020519835841311673
2023-08-14,0.0005912305420985309,0.002233897379621874,0.0006117566337238145,0.001448710258475261,0.002233897379621652,-0.008294201770132625,-0.004547567243839423,-0.005409769582462198,-0.005188500723203426,-0.002463858333274005,-0.0014127374034800244,-0.01233721727210424
2023-08-15,0.024259955596310778,0.02244937186646756,0.017836045164783654,0.02199248247315988,0.02244937186646756,0.001829921665153389,-0.0026597532005240287,-0.0017851137739216538,0.007831864227018315,0.004145287610337389,0.021657681823486152,0.000693962526023606
2023-08-16,0.022441420692487446,0.021942093409083485,0.020939719117842204,0.022540365710767674,0.021942093409083707,0.0061397819968387335,0.004683152479348696,0.004326674513822182,0.004427773901364507,0.00944400162461223,0.016911810691087492,-0.004160887656033285
2023-08-17,0.017723433603649585,0.015837872099430772,0.008116664910832627,0.01557647707649723,0.015837872099430772,0.0018262149250072301,0.0005520586513894088,2.8858342927984282e-05,0.003492558508309651,0.002959606899667566,0.011292082721544583,0.001392757660167332
2023-08-18,-0.021232281763180372,-0.01787581419940587,-0.017305357651114517,-0.016733468554289033,-0.01787581419940587,-0.012309538247133878,-0.008725220674926981,-0.00802384988386895,-0.01019566231625646,-0.014121670620475424,-0.01764477984890145,-0.004867872044506338
2023-08-21,0.009716340030148984,0.01069538288416827,0.009341376160449721,0.010207667641016549,0.01069538288416827,-0.0015295836864511747,-0.0004280263569342857,-7.627656625941448e-05,0.00012031885264551789,-0.003065049321651414,0.0106922777505718,-0.0034940600978337066
2023-08-22,0.02157830853886855,0.020856726737146225,0.01546190472035569,0.018234209963163606,0.020856726737146447,0.005125526143578307,0.0018706249443760647,0.0025701690192287963,0.006697690266301182,0.004668361258678644,0.015543270144767085,0.004908835904628539
2023-08-23,0.011831870649213094,0.01250381801776923,0.003948950670829232,0.012582925121700228,0.012503818017769008,0.0013847028809264028,0.0013640445537095314,0.0006602383318137228,0.009625912339438658,0.0018275356906964912,0.004623913071087005,0.007676203768318235
2023-08-24,0.044601649686639266,0.03877025907781495,0.04091685099328579,0.03697852961713055,0.03877025907781495,0.013054902371011146,0.0035093093114038076,0.004379077265706854,0.016087499347446244,0.01094952083288625,0.043360982198061615,0.016620498614958512
2023-08-25,-0.05292194174349041,-0.04880072657673418,-0.046363247757670534,-0.04581868244041054,-0.048800726576734066,-0.023169613755407936,-0.017620109749633794,-0.01653133725610989,-0.016941856833648905,-0.0219185060519691,-0.047452274400910044,-0.017029972752043543
2023-08-28,-0.0112456123346234,-0.00922970503620646,-0.008534155415878986,-0.008274128753359533,-0.00922970503620646,0.004121510890860769,0.006714618337737122,0.00669081824898754,-0.0030394447645071265,0.0010345482582865273,-0.006435276785864086,0.0034650034650034467
2023-08-29,0.014468373658139466,0.008512070285840556,0.0075533302133172775,0.008010749520579452,0.008512070285840334,0.013617680193495518,0.01011547266737578,0.007791232249188429,0.008235811869240939,0.015329044440736128,0.009169032546752831,0.004834254143646355
2023-08-30,0.0038114092875878303,0.004116303895862705,0.0034224922695418325,0.004608953697410989,0.004116303895862927,0.004174875854614735,0.004900700114110812,0.00419595952809515,0.0015020350372989544,0.003784492615400481,0.004847661899586075,0.004810996563573866
2023-08-31,-0.000948156875611561,-0.00268250859685637,0.0011710089153185166,-0.0055492626063826656,-0.002682508596856259,-0.006625625838949434,-0.01139564127266568,-0.007736595647121369,-0.0070026543742406355,-0.006039376702775212,-0.0019696411755195653,-0.0068399452804377425
2023-09-01,-0.01391381536500036,-0.01372854448626204,-0.013551282449959845,-0.019554528625258527,-0.013728544486261929,-0.0027254419749275227,-0.000935118079501196,0.0006941122228971697,0.001183211856425892,-0.0009842129840826885,-0.009197315268267614,0.0013774104683197397
2023-09-04,0.004476736291372685,0.0014240417296043084,0.0007798670696339549,0.0049073775460548585,0.0014240417296043084,-0.002301004959392894,-0.0015741576490960751,-0.0022932699168798365,0.0019984292472463583,-0.0002850762319661637,-0.0009336166315090377,0.00687757909215958
2023-09-05,0.0008359644650319797,0.0002915259523292857,-0.0019102606246266252,-0.0010514663059860707,0.0002915259523292857,-0.001490660909147068,-0.001761339131067019,-0.0020039953051258497,0.00032449668278400345,-0.0009981649553296723,0.0002660409429247057,-0.001366120218579403
2023-09-06,0.006303137799700487,0.00828473654914319,0.00839164779406687,0.010447115441409194,0.00828473654914319,-0.0014969122266246249,-0.0017155455677875242,-0.00279113046617796,-0.0019065602029696427,-0.0024548447720436073,0.0041675765754942695,-0.0034199726402188713
2023-09-07,-0.004552470931969532,-0.0047208037125143765,-0.002253723277387043,-0.006999441688043784,-0.0047208037125145985,-0.0027217445157319275,-0.0036644768246425485,-0.0008945112344633799,-0.0011036760876798057,-0.002579775957096908,-0.00543025320487156,-0.008922443376801481
2023-09-08,-0.005789074879875344,-0.005149922753209912,-0.0060488841627514,-0.005798614526524637,-0.00514992275320969,-0.001218875303880429,0.0011253655489964487,0.0012615148157482103,0.003750290033118997,-0.0011026759572217992,-0.005020134855974634,-0.0041551246537395725
2023-09-11,-0.02941072095032471,-0.03405918815636377,-0.02857209854241005,-0.03409920476072148,-0.034059188156363995,-0.0014551746532058818,-0.00211646810666688,-1.4833178059281416e-05,0.0005108782840057557,-0.0010299632275633241,-0.018576788766619945,-0.003477051460361591
2023-09-12,-0.011737460536838662,-0.00876760801176113,-0.011202200543429575,-0.0069281035088278875,-0.008767608011760686,-0.0015643489926447929,0.0028219998492613474,-0.0009021099215167361,0.004506371775754303,0.002819390863104676,-0.0022418859330903818,0.007676203768318235
2023-09-13,-0.0021303874989695437,-0.001966136547037256,-0.0010505264107050216,0.00519910305121285,-0.001966136547037478,-0.0009963266193727671,0.007298150358052258,-0.00137926261661947,0.000334397237099493,-0.0037449442878793038,-0.005176662489168926,0.0006925207756232066
2023-09-14,0.02327426221530393,0.020764085847135405,0.020561651655383706,0.0190805509915164,0.020764085847135405,0.008906986049819876,0.002243681118870189,0.0014031011950703665,0.004747559981608029,0.004459078562611962,0.02012068426369007,0.01384083044982698
2023-09-15,0.01533655417111568,0.0053475460304144296,0.005119274086143433,0.005464873219765742,0.005347546030414652,0.003864318832162761,-0.0006164771400990476,-0.0014777413004752882,0.0023046162228101963,0.0015594352110579468,0.007323759532082752,0.0034129692832765013
2023-09-18,-0.026933192049228616,-0.02683553329745425,-0.02513909785059798,-0.02672132094777413,-0.026835533297454472,-0.004797381237394038,-0.003490273742563277,-0.002343399824174308,-0.003277569718019624,-0.006381009592701381,-0.023565846299820503,-0.009523809523809601
2023-09-19,-0.006019278136797812,-0.005023295854802101,-0.0029353553774229546,-0.0063556106630956455,-0.00502329585480199,0.001269514760869228,-0.00180965437161007,-0.0012118405006177335,0.005501207694760479,0.0014997804879812726,-0.0028213618294371523,-0.004120879120879106
2023-09-20,-0.0023682120070414037,-0.0046403018737940505,-0.006157690337617483,-0.010531483379692341,-0.0046403018737940505,-0.007927997606434922,-0.008318840636762692,0.000148748154745304,-0.004841406654816693,-0.003237955593153874,-0.010576895912246642,-0.006206896551724128
2023-09-21,-0.015630560904426827,-0.014209295842013914,-0.015440675706529072,-0.015796724213427482,-0.014209295842013803,-0.011184932513878532,-0.007047754363897707,-0.006308664014015308,-0.006994224635950119,-0.0083600261686263,-0.015122176617943794,-0.013185287994448291
2023-09-22,0.01572186485922833,0.01811837925983628,0.017708564955580597,0.023355928187886343,0.018118379259835837,0.0051833164876482485,0.004713674271614954,0.0025079941885126633,0.001636413517343005,0.002860920082015772,0.013705797829069333,-0.002812939521800173
2023-09-25,0.01384505371083744,0.011604648929129935,0.012606956744989795,0.010349402190209522,0.011604648929130157,0.009193021103852006,0.002740483939428051,0.004414713373361412,-0.0015174068178392952,0.002723117946294984,0.0075621083270625,0.007757404795486478
2023-09-26,0.0028990105989121773,0.0023773801697317687,0.002472947129438463,0.005728131989913399,0.0023773801697315466,-0.0011858566689693095,-0.002927621271987202,-0.002493834034900666,-0.002389426292165653,-0.004210975798812133,0.003428081513313863,-0.011896431070678948
2023-09-27,0.005280708969038095,0.005246044896540125,0.005513330885988044,0.0025175718137462333,0.005246044896540347,0.001544476922725746,-0.0034704793165428738,0.0015458950611821898,-0.00177774136147546,-0.00015374837638293393,0.002750500374954834,0.0
2023-09-28,0.013264271481039813,0.013972813965122066,0.01285293420997169,0.013855476349325935,0.013972813965121844,0.002664796126178093,0.0004946255145394929,0.0009646429339513762,0.0001574967155726359,0.0009732256252750204,0.011903786265725858,0.003541076487252104
2023-10-02,0.007025790526102194,0.012232683731435046,0.008497859601187097,0.0180609625027921,0.01223268373143549,0.005892068117897997,0.006746459380729597,0.005499821160939167,0.0009716505143533283,0.006848399093503987,0.009600620378548363,0.013408609738885024
2023-10-03,-0.006812367518118423,-0.009232458924298914,-0.008112421799877811,-0.013349319144531302,-0.009232458924298803,-0.004438312151432533,-0.004438312151432533,-0.004438312151432644,-0.006366349883978439,-0.00894865428148195,-0.012449463218063617,-0.004874651810584885
2023-10-04,-0.0014056086629148368,-0.00023328275290346312,0.0005585797167944051,-0.00624757222562311,-0.0002332827529033521,-0.0009237204920388153,-0.0009237204920388153,-0.0009237204920388153,0.00023264212588847144,0.0019095490623510791,0.0012709447308190125,-0.01259622113365999
2023-10-05,0.018906800131786694,0.01551573609000223,0.01643825019780709,0.01740017453668452,0.015515736090002008,0.0019174934280901113,0.0019174934280901113,0.0019174934280901113,0.010270347366043708,0.007328144105761769,0.012088657518717794,0.012048192771084487
2023-10-06,0.007002569976170214,0.003766930918993161,0.007176075230027834,0.0023941224269703465,0.003766930918992939,0.002918602214698529,0.002918602214698529,0.002918602214698529,-0.0007737555307684163,0.005432166117826487,0.006498083299159685,0.004901960784313708
2023-10-11,0.011711934208875618,0.0071051845073775155,0.010930924853220336,-0.007415669499097555,0.0071051845073777375,-0.004819449851745983,-0.004819449851745983,-0.004819449851746094,0.009364340328836374,-0.0009600929794688629,0.0014827428581387636,0.015331010452961591
2023-10-12,0.001976681554628046,0.0031720450396370836,0.0007156207568246309,-0.003936841202389907,0.0031720450396370836,0.0022728630292454532,0.0022728630292454532,0.0022728630292454532,0.00034530918354835904,-0.0009426200536671869,0.00013078836806879046,0.008236101578586341
2023-10-13,-0.009065760443218496,-0.01220460093638398,-0.0075176688948109804,-0.019074793071611085,-0.012204600936384091,-0.007801551087068814,-0.007801551087068925,-0.007801551087068814,-0.0003309752801154975,-0.004678797983032279,-0.009799030344259885,-0.002042205582028722
2023-10-16,-0.004941109369817509,-0.007583338235277903,-0.004473431784585924,-0.010355889695509823,-0.007583338235277681,-0.004846402764970503,-0.004846402764970392,-0.004846402764970392,-0.0034682214544599077,-0.00448810281050771,-0.00466472903956916,-0.005457025920873049
2023-10-17,-0.011266108367580241,-0.013305563174699664,-0.010324020601061745,-0.010745785501083294,-0.013305563174699997,0.0010233264600671976,0.0010233264600669756,0.0010233264600669756,-0.0031195169441636805,-0.0027161082129638636,-0.0048063880557821514,0.0
2023-10-18,-0.019256908135153683,-0.02397585693644,-0.01910767406077607,-0.026809753603227682,-0.02397585693644,-0.004500996942622404,-0.004500996942622293,-0.004500996942622182,-0.01148176564121517,-0.015770645838934394,-0.01794972656152094,-0.010973936899863035
2023-10-19,-0.0008063843753207678,0.0021785824777327267,-0.0003122684339217363,-0.001775299587569057,0.0021785824777329488,-0.0015899046855388788,-0.0015899046855387677,-0.0015899046855387677,0.0007601031166961647,0.0011351881479189085,-0.0032275131343388885,0.0020804438280166426
2023-10-20,-0.007517034322119587,-0.004435413473186434,-0.006527695962310065,-0.001776470995531687,-0.004435413473186212,-0.004950441931503624,-0.004950441931503624,-0.004950441931503624,0.0007875817453182332,-0.00039532360138716527,-0.004789695804658267,0.0013840830449827202
2023-10-23,-0.010431056748955725,-0.009947128680198758,-0.009424830203613732,-0.00828199686668496,-0.009947128680198869,-0.00449778848345217,-0.004497788483452059,-0.00449778848345217,-0.006068530016386742,-0.00558377874505811,-0.008501718213540954,-0.011057360055286791
2023-10-24,0.011786988160789713,0.012622365336769192,0.009417556704702568,0.018179876274310836,0.012622365336769192,0.0045911643631126875,0.0045911643631126875,0.0045911643631124655,0.0020635572825693504,0.007421330040337404,0.010261777402243766,0.0006988120195667857
2023-10-25,0.0012490093589812012,0.0017592231544338865,0.0008044072546480319,0.0016408108639680563,0.0017592231544338865,0.0002730484170350156,0.0002730484170350156,0.0002730484170350156,-0.00031653597882419504,-0.0004357748981792531,0.0009808278756773259,0.0013966480446927498
2023-10-26,-0.0016301431288486823,-0.0010217152951229602,-0.001912906914427026,-0.000948538890378825,-0.0010217152951231823,-0.00018436849173519843,-0.00018436849173530945,-0.0001843684917350874,-0.0029044623679123083,-0.0014130221763216655,-0.0010465780638289068,-0.016039051603905286
2023-10-27,0.004950102692788505,0.0050660323651801065,0.004183013568417104,0.006269707455674567,0.0050660323651803285,0.0009711986355840363,0.0009711986355842583,0.0009711986355840363,0.001009201157609274,0.002454881101453088,0.003437515400098512,0.0014174344436570507
2023-10-30,0.0,0.0,0.0,0.0,0.0,0.0,0.0,0.0,0.0,0.0,0.0,-0.0014154281670206714
2023-10-31,0.0,0.0,0.0,0.0,0.0,0.0,0.0,0.0,0.0,0.0,0.0,-0.006378454996456506
2023-11-01,0.0,0.0,0.0,0.0,0.0,0.0,0.0,0.0,0.0,0.0,0.0,0.0028530670470756636
2023-11-02,0.0,0.0,0.0,0.0,0.0,0.0,0.0,0.0,0.0,0.0,0.0,0.024182076813655806
2023-11-03,0.0,0.0,0.0,0.0,0.0,0.0,0.0,0.0,0.0,0.0,0.0,0.005555555555555536
2023-11-06,-0.0024707241938205504,-0.0007217929099373466,0.0013888966494339794,-0.0009346244704099282,-0.0007217929099373466,-0.0007134858303475822,-0.0007134858303472491,-0.0007134858303475822,-0.0005670581201208114,0.0,-0.0011001306964817381,0.008977900552486151
2023-11-07,0.005489774898242095,0.004339741638345274,0.005901513844282169,0.005145777751607072,0.004339741638345496,-0.0010166045408336322,-0.0010166045408336322,-0.0010166045408336322,0.0007029497293333797,0.0,0.0030700738759867896,-0.000684462696783017
2023-11-08,0.007814404402154862,0.009954566849956326,0.00442765557218161,0.009944979332452863,0.009954566849956548,-0.00033921302578021617,-0.00033921302578021617,-0.00033921302578021617,0.002692728110384568,0.0,0.0061511423550089095,0.004794520547945158
2023-11-09,0.001874798718738635,0.001761359619413927,0.0031597206696807323,0.0017596799101267102,0.0017613596194137049,0.001017984390905946,0.001017984390905946,0.001017984390905946,-0.00012819470521774345,0.0,0.0035970690548441375,0.0013633265167007913
2023-11-10,-0.0014496128181747947,-0.004588841017403644,-0.00449074294125551,-0.004108488377282837,-0.004588841017403644,0.0027118644067796183,0.0027118644067796183,0.0027118644067796183,-0.0029749597799780814,0.0,-0.0016593409835099493,-0.004084411164057111
2023-11-13,0.00712239607234455,0.005092720769211079,0.005978148518596349,0.0044481548022319295,0.005092720769211079,0.0,0.0,0.0,0.004938582744703046,0.0,-0.0003545811141234534,0.015037593984962294
2023-11-14,-0.0013906528240860139,0.00017315158196495872,0.0030885120635362195,0.0027107810925375286,0.00017315158196518077,-0.0016903313049357882,-0.0016903313049357882,-0.0016903313049357882,0.0056825856621340876,0.0,0.0007315829533784957,0.0033670033670034627
2023-11-15,0.0030642406870691197,0.0008341903628574787,0.002250786735229715,0.0016223274925499798,0.0008341903628574787,0.0010159160176093085,0.0010159160176093085,0.0010159160176093085,0.00502726476113291,0.0,-0.002495901699871572,0.010738255033557076
2023-11-16,-0.004581146881231679,-0.005930940614440661,-0.007531714499023678,-0.005906587810306618,-0.005930940614440439,0.002029769959404515,0.002029769959404515,0.002029769959404515,-0.0022079516649120556,0.0,-0.0020653815403749443,-0.009296148738379806
2023-11-17,0.012715256410420928,0.009726664977385058,0.0134917662367664,0.010957399533230383,0.009726664977385058,0.0013504388926401933,0.0013504388926401933,0.0013504388926401933,0.0010893443981092599,0.0,0.006416675939319605,0.00201072386058998
2023-11-20,0.003489126320797231,0.002273035285042857,0.0018510883905333841,0.002732316557582548,0.002273035285042635,0.001685772083614312,0.001685772083614312,0.001685772083614312,-0.0024906791051713117,0.0,0.0036633006560036208,-0.0013377926421404007
2023-11-21,0.010298876405912205,0.00627300934926045,0.007728598294641342,0.007490345558549549,0.00627300934926045,0.0013463480309658937,0.0013463480309661158,0.0013463480309661158,0.002648539585686338,0.0,0.003121167390043089,0.0120562625586067
2023-11-22,0.004968982266503774,0.006448097469027969,0.006603437097807419,0.005003025439632269,0.006448097469027747,0.0,0.0,0.0,0.0008306110114641996,0.0,0.004011947991097831,-0.007279947054930513
2023-11-23,-0.010173216223593462,-0.010998727406129949,-0.011484651980704252,-0.010782669634469166,-0.010998727406129727,0.001680672268907557,0.001680672268907557,0.001680672268907557,-0.0011267901052139928,0.0,-0.01002625054688655,-0.0013333333333332975
2023-11-24,0.0015400020839000383,-0.003915129203927892,-0.0033553173135282277,-0.004361848232958487,-0.003915129203928003,-0.0006711409395973034,-0.0006711409395973034,-0.0006711409395973034,0.0023962514434030524,0.0,-0.005236990387802454,-0.0006675567423232165
2023-11-27,-0.008108923974239124,-0.006383092839691518,-0.005577142531994039,-0.006348988035610237,-0.006383092839691407,-0.001007387508395019,-0.001007387508394797,-0.001007387508394908,0.0006723340314165327,0.0,-0.006582552164319466,-0.00868403473613888
2023-11-28,0.012859088958536713,0.008483652559707844,0.008622314263948327,0.008912487486712362,0.008483652559707622,-0.0010084033613445564,-0.0010084033613445564,-0.0010084033613445564,0.0037495105406792906,0.0,0.005359072783512886,0.008760107816711438
2023-11-29,-0.0009279531442411004,-0.0027359417695408395,0.0020445024040685045,-0.003265983038555298,-0.0027359417695409505,4.2595801015510304e-05,-0.001292902010072483,4.2595801015510304e-05,-0.0019681122844339427,-0.0012357721585473103,0.0012299083606277517,-0.0006680026720106147
2023-11-30,0.0021453484319455818,0.003253040777133842,-0.004285404960068351,0.003253040777133842,0.003253040777134064,0.0009615408061303121,0.0022451413737458736,0.0009615408061305342,0.001159454037655827,0.0022451413737458736,0.0008293168627573344,0.0020053475935830622
2023-12-01,-0.0034909356175912842,-0.007592046018156218,-0.0039088764410880605,-0.007592046018156107,-0.007592046018156218,-0.0015651875129322201,-0.0022045878413324838,-0.0015651875129324422,-0.004422743332088697,-0.0022045878413322617,-0.0017537627414089263,0.0013342228152100066
2023-12-04,-0.008917134438198304,-0.01051810932218289,-0.006118266151820095,-0.010518109322182667,-0.010518109322182778,-0.003669271728084178,-0.003349790834411004,-0.003669271728084289,0.0008988363386519538,-0.003349790834411226,-0.005836249218635237,-0.0019986675549632515
2023-12-05,-0.002124928797019754,-0.0010533411728378406,-0.0036320266385810873,-0.0010533411728377295,-0.0010533411728379516,0.0017045121164114274,0.002669717772692648,0.0017045121164114274,-0.0026426042280429662,0.002669717772692648,0.001323180288614001,-0.006675567423230944
2023-12-06,0.011251122247448508,0.011618433081707735,0.007601681248976755,0.011618433081707069,0.011618433081707735,0.003510095032895233,0.004148473217251647,0.003510095032895011,0.0066256565377400545,0.004148473217251647,0.007790272768995132,0.0026881720430105283
2023-12-07,-0.0017354886698760508,-0.001069816486477082,-0.005896008708416445,-0.00106981648647686,-0.001069816486476971,-0.0033781017861380658,0.002379247948942176,-0.0033781017861377327,-0.004369001861237787,0.002379247948942176,0.000489513382880169,-0.005361930294906059
2023-12-08,0.019264895660930925,0.020754020772039583,0.005855054595355735,0.02075402077203914,0.020754020772039583,0.014620987711698508,0.01387619382738925,0.014620987711698064,0.019056028162349525,0.01387619382738925,0.014559728280514106,0.006064690026954311
2023-12-11,-0.0017085592956995743,-0.002599567265153202,0.004969386517551744,-0.002599567265153424,-0.002599567265153424,-0.005276449830656116,-0.005556040435570453,-0.005276449830656116,-0.0017767399934845995,-0.005556040435570564,-0.0048375570827607905,0.002009377093101117
2023-12-12,0.0011706705795846428,0.0020175292292430314,0.006646712316906278,0.0020175292292430314,0.0020175292292432534,-0.004691593754261425,-0.004661925235729392,-0.004691593754261425,0.00687039407336143,-0.004661925235729281,-0.005281257841951992,0.0020053475935830622
2023-12-13,4.295017766486886e-05,8.002996574552057e-06,-0.0001751451889889788,8.002996574996146e-06,8.002996574774102e-06,0.0024512248213717225,0.0011649752222322451,0.0024512248213717225,0.0019180454393572521,0.0011649752222322451,0.0035188334742646266,0.0013342228152100066
2023-12-14,0.010157992337389121,0.011199807349579816,0.017042476645021454,0.011199807349578927,0.011199807349579816,0.0006498697344450299,0.0006465704823994667,0.0006498697344450299,0.011295965922200946,0.0006465704823996887,-0.00029045337100275237,0.009993337774816702
2023-12-15,-0.00677767445840205,-0.006806549486604085,-0.006020023161856458,-0.006806549486604085,-0.0068065494866045295,-0.0032700234998863653,-0.001985055647830136,-0.0032700234998863653,0.005569866857062511,-0.001985055647830136,-0.007744186556422172,0.0032981530343008103
2023-12-18,0.002692287061099252,-0.0006394400602376393,-0.0006911666400511995,-0.0006394400602376393,-0.0006394400602374173,0.00022451018970714998,-0.002636441830713654,0.00022451018970714998,0.0024064114402460035,-0.002636441830713654,0.00019769088873999863,0.0006574621959236637
2023-12-19,-0.005637060550835571,-0.005556539455496168,-0.0042573546699132825,-0.005556539455495946,-0.005556539455496057,-0.0036358857209174422,-0.003941709717890651,-0.0036358857209174422,-9.745477603284591e-05,-0.00394170971789054,-0.006639241485726921,-0.001971090670170761
2023-12-20,-0.0066602369631409974,-0.007132336213786616,-0.006623837101505603,-0.007132336213786616,-0.0071323362137867274,-0.0001902269053478678,-0.0008292696682608014,-0.00019022690534797881,-0.00145070913142753,-0.0008292696682608014,-0.00356541512050379,0.0019749835418036987
2023-12-21,-0.004571540233393012,-0.0070253343245665345,-0.010274622885691698,-0.00702533432456609,-0.0070253343245663125,-0.0012123891603788017,7.107952021323527e-05,-0.0012123891603786907,-0.0019031385501709908,7.107952021323527e-05,-0.006564599691670114,-0.007884362680683266
2023-12-22,-0.0017100635843650958,7.24166098953205e-05,-0.0005868947498512966,7.24166098953205e-05,7.241660989509846e-05,0.0002968226944937147,-0.000984590428150578,0.0002968226944939367,0.001127785462756048,-0.000984590428150689,0.0021354934077486565,0.001986754966887494
2023-12-25,-0.0017850335766810277,0.00024029935960556692,0.002013149923328905,0.00024029935960534488,0.00024029935960578896,0.00045197646023709126,-0.0008307168542404098,0.00045197646023709126,-0.010548450206979254,-0.0008307168542406318,0.0006558593253054301,0.004626569729015095
2023-12-26,0.00949457852611979,0.008919601482168416,0.009278414189513917,0.008919601482168416,0.00891960148216886,0.004662143685550957,0.0036942137596895908,0.004662143685550957,0.015446234658301972,0.003694213759689813,0.008052491492473557,0.0052631578947368585
2023-12-27,0.0020977271539406317,0.004987807667733435,0.002533250330055248,0.007044273202659879,0.004987807667733213,0.0003700698930966251,0.0007430274599806719,0.003332745114366542,0.0026474262678441995,0.0005539020143656703,-0.0001984722585598453,0.009162303664921323
2023-12-28,-0.0036910703932605538,-0.0032666936685679104,-0.0053005580644232,-0.0012898750916219281,-0.0032666936685675774,-0.005007220085026076,-0.005007220085026076,-0.0057050052861008504,-0.0038265637078306325,-0.0058557590140913,-0.006503100739417067,0.0012970168612194133
2023-12-29,0.001156626741034339,0.0007228985717959713,0.0011977265878211352,-0.0005242102403076876,0.0007228985717957492,0.0049436774636875125,0.0049436774636875125,0.004560467033546178,0.004152199740817597,0.005234252513308446,0.006273102904818861,-0.0006476683937823857
2024-01-02,-0.018372724434648546,-0.024464553396078892,-0.013822192105542364,-0.01977299968604418,-0.02446455339607856,-0.009676325902812422,-0.009676325902812422,-0.010831134268761589,-0.013113749614365955,-0.009687244252299165,-0.014354275466957667,-0.003240440699935232
2024-01-03,-0.016888941250702172,-0.022163508643697094,-0.012555238866509555,-0.015807164208038516,-0.022163508643697205,-0.006147620313548208,-0.006147620313548097,-0.009423101429607561,-0.015437984535455973,-0.004160684445417506,-0.011059612323652268,-0.016905071521456594
2024-01-04,-0.0021561292014179445,-0.005369919022024994,-0.005803745553695339,-0.003628195893304542,-0.005369919022024883,0.0030407174317537145,0.0030407174317539365,0.00012249088071314418,-0.004244746323089799,0.0030381081427113266,0.0011842421641234946,-0.000661375661375585
2024-01-05,-0.0016835520251077263,-0.003307623310003893,-0.0005514281809492205,-0.0020165930987914304,-0.003307623310003893,-0.00029204127781390365,-0.0002920412778141257,-0.0005806468384886854,-0.0023784708987375502,-0.000576963797301433,-0.002041652146356876,-0.002647253474520217
2024-01-08,0.0008366226361800067,0.0025639015216549765,0.00046377871369363,0.004050495180402791,0.0025639015216549765,0.0016644111191790323,0.0016644111191792543,0.0006795410542042024,0.0005241081065567865,0.0008074502983159704,0.000685492840053481,0.007299270072992803
2024-01-09,0.0007088815026226047,0.007573052815058601,0.0035166103895984957,0.005382851255168575,0.007573052815058823,-0.0026786364694481035,-0.0026786364694481035,-0.0008631075513130249,0.0011506055475436483,-0.0012538662401270217,-0.0006054335157230639,-0.0006587615283268899
2024-01-10,0.004934810661072486,0.005457762780946673,0.00955368901192144,0.0023331411610976183,0.005457762780946673,-0.0001325525535313954,-0.00013255255353161743,0.0014638813780614157,0.007440181274880997,-0.00013240119722113253,0.0026705642350191017,-0.0039551746868820015
2024-01-11,0.003633871225989127,0.004980998176322249,0.0030646364410851223,0.00775589855780745,0.004980998176322249,0.010808972100716074,0.010808972100716296,0.009985034846727414,0.004117928413731153,0.00994012058318372,0.008601961206852193,0.0046326935804104075
2024-01-12,-0.00472668063818138,-0.007940077382377342,-0.007073188861351443,-0.00493455766802553,-0.007940077382377342,0.002026051355309866,0.0020260513553096438,-0.0006871126659566684,-0.005082100758786234,0.002590863651809272,-0.0016115501313419545,-0.0026350461133070047
2024-01-15,0.0010755789125393989,0.002077257507865582,-0.0023911230389710436,0.0007813220108019436,0.002077257507865582,-0.0014350994662721828,-0.0014350994662721828,-0.0009875870492470629,-0.0033744598937214265,-0.0005879995419052486,0.001105725802810209,0.0033025099075296716
2024-01-16,-0.011309248296197727,-0.010965946188461029,-0.007522972161598029,-0.009430197519334604,-0.01096594618846114,-0.00963474915345286,-0.009634749153453082,-0.009135016091766701,-0.010152355887332432,-0.007361416652715169,-0.0097284888681749,-0.009874917709019049
2024-01-17,-0.014830872795607908,-0.013118644627196918,-0.0103465268728411,-0.01044929064208866,-0.013118644627196918,-0.012135993613652363,-0.012135993613652252,-0.010310905329864783,-0.015434585696671776,-0.009813942282586585,-0.014238780757338643,-0.0066489361702127825
2024-01-18,0.010823096595218962,0.008082793943306799,0.007691301743150802,0.007270968196037009,0.00808279394330702,0.007223924933475567,0.007223924933475345,0.008576366420857129,0.004521287184618972,0.00689127005479051,0.009083621672231423,0.004016064257028162
2024-01-19,0.010580216554097133,0.01586246964000737,0.00686281757680729,0.008246044224523352,0.015862469640006926,-0.0023147141385368997,-0.0023147141385368997,-0.00023102558621068692,0.0037969557627466344,-0.0028710022558818826,0.004564125515025053,0.03333333333333344
2024-01-22,0.003978693879843398,0.010190780205847627,0.0021011605339404937,0.0124889587750181,0.010190780205848071,0.006335303922307967,0.006335303922307967,0.007251507585422479,0.0012501793300561115,0.006014997305616054,0.005045223456583647,0.005161290322580614
2024-01-23,-0.0027423102551831224,-0.007794908715070492,-0.0035991575936108466,-0.006680743246191723,-0.007794908715070603,-0.0032746940799111,-0.0032746940799111,-0.004639041319100312,-0.00034381103032365967,-0.003826311075143196,-0.005340689651157415,0.003209242618742003
2024-01-24,-0.0021268815729696966,-0.00207042655715739,-7.288966446117318e-05,-0.0024892718669285996,-0.002070426557157501,-0.0011542810714184615,-0.0011542810714183505,-0.0018413356221133048,-0.0014103302271448737,-0.0014342880528558366,-0.0014610432355141034,0.000639795265515053
2024-01-25,0.0011937820604679406,0.003351002450603824,0.0017786387132545656,-0.0008481714072028357,0.003351002450603824,-0.009038132096328644,-0.010078863376926206,-0.010052355672513724,-0.0002739437396463984,-0.008350595511388281,-0.005843156689998352,0.011508951406649537
2024-01-26,-0.0036983031996689064,-0.0068523110535846365,-0.005710753860020623,-0.005682667786404583,-0.0068523110535845255,-0.016576463404138098,-0.010460646886971903,-0.017757605415504973,-0.00587910510078693,-0.013828034925256638,-0.015730287813403243,0.0
2024-01-29,0.0011178402908675888,0.0020478039294495876,0.004708707667626433,0.004221011803754227,0.0020478039294495876,0.012902065935694873,0.011290378933077827,0.014330666216455956,0.0026765031030950848,0.011987752317124789,0.011996516125499124,0.006321112515802696
2024-01-30,-0.00305889311204377,3.9898128458837334e-05,0.0068026322128575956,0.0019489951430209373,3.9898128458837334e-05,0.014084809534084197,0.013804936392073586,0.015211695394554248,0.012395252456298689,0.016266091850761777,0.013388253363361136,-0.0018844221105526193
2024-01-31,-0.0018053571857994388,-2.3660570423467142e-05,-0.003484374640711496,0.00261416838248274,-2.3660570423578164e-05,-0.005977578743448286,-0.005450414742655285,-0.003657156229287639,0.0033988127031052695,-0.0036391213576063564,-0.002939238752931672,-0.012586532410320928
2024-02-01,-0.00012973158005580299,-7.618683830812323e-06,0.01490915879114385,0.0021463847446157036,-7.618683830923345e-06,0.01724657758563719,0.015480418984607391,0.01871759971056486,0.010179415823346138,0.018075025012147528,0.019079989421552312,0.0
2024-02-02,-0.006736851705846814,-0.007557556202194227,-0.0010979719492816287,-0.002737121176609736,-0.007557556202194338,0.01129276004672164,0.010772330191596069,0.016973034347812277,0.0029408495629821285,0.014198836972333817,0.014225400872188043,0.006373486297004405
2024-02-05,0.0006132893344288348,-0.001423493910223339,0.00341457052770755,-0.002610388237203387,-0.001423493910223117,0.0016614445407223677,0.002443257084213446,-1.7971207074030104e-05,0.00034850463010704935,-0.001615765718589346,-0.0036939325206789553,0.007599746675110763
2024-02-15,0.005808589549410659,0.011835439631419309,0.03182849935025844,0.009553574935066145,0.011835439631419309,0.019504201547284605,0.0180008086562351,0.017102977404967135,0.01870789616274604,0.021904204742487554,0.021990383103048572,0.04274041483343827
2024-02-16,0.00449890989260604,0.005778026842011785,-0.0034714784583197433,0.008349025514136743,0.005778026842011785,-0.009291291971399107,-0.012651001343956358,-0.005512312851087886,-0.005349635213279913,-0.007052519103345922,-0.005268057812925053,-0.005424954792043413
2024-02-19,0.0036689572879649024,0.00895797764940287,0.002571198512516082,0.0018297056398592915,0.00895797764940287,-0.002278871399005067,-0.0021384134551140077,-0.0028331144753437343,-0.00014310834782471638,-0.0017726920294990345,0.006419100295933955,-0.001212121212121109
2024-02-20,0.0037195820407072144,0.015823121655837546,0.015384196863032606,0.008275600409502148,0.015823121655837546,0.0009711850213942608,0.0014956272588591002,0.0011364204376211884,0.018165976442342746,0.0016583086208497022,0.010017532012134067,0.00364077669902918
2024-02-21,-0.0009411419457011627,-0.003933137342878923,-0.003371655165788523,-0.004896022036754988,-0.003933137342879034,-0.002023728961750737,-0.0015631201800367922,-0.0076349890274791665,0.00410402745339522,-0.00496983620859115,-0.0089297965742966,-0.0036275695284159193
2024-02-22,0.00792185681388724,0.016264523627403493,0.021804944166957885,0.010028855606688092,0.01626452362740327,0.020082031702747694,0.019844718080373358,0.016688169056950475,0.028913948292747627,0.013922556207345504,0.017167431023332957,0.011529126213592145
2024-02-23,0.0002392221645581838,0.009822639771984942,-0.007419931986578643,0.010157549609322247,0.009822639771985164,-0.010326009345319243,-0.011299535992881027,-0.010059175357977956,0.0047228744316965,-0.010011992079982046,-0.010764949241590438,0.006598680263947276
2024-02-26,-0.0016096318548975974,0.0031250433167415714,0.0009625045499956908,-0.0005120007994725562,0.0031250433167415714,0.002864100821842186,0.00445128273020301,0.0010897177196580454,0.0044923647362136165,0.0026638906536531337,0.0035280975363662925,0.0029797377830751426
2024-02-27,-0.010339888303977807,-0.0032724952674336727,-0.00040631680108271784,-0.012258986454830145,-0.0032724952674337837,-0.016237100101973434,-0.0127452236746749,-0.021387861078346226,0.010476675259118995,-0.021778152249102845,-0.01678132684338629,-0.0035650623885918886
2024-02-29,0.00939430667705965,0.009596373198654362,0.012975326111192453,0.014701198016600303,0.009596373198654362,0.018306489375584434,0.015981755249972807,0.01866027411761184,0.013872600029008142,0.01640315895693223,0.015186587421864406,0.0011926058437687903
2024-03-01,-0.004943051642520291,-0.007032242449782622,-0.001363683123951076,-0.010141880044691187,-0.007032242449782511,0.004014664536623247,0.005271204578809696,0.0033340972293200988,-0.0038947916793015125,0.0001533304163690019,-0.0002977547713430839,-0.0029779630732579276
2024-03-04,0.010897596991269465,0.01318992639823291,0.018308581294651738,0.01601374258727839,0.01318992639823291,0.013965504316733268,0.01445426005080197,0.015199287314281662,0.015101872689943674,0.013607283938126269,0.011805475007444555,0.025686977299880454
2024-03-05,0.004251157314305143,0.008925425525672548,0.009253254857708892,0.01069806221233982,0.008925425525672326,0.009031486749606854,0.017180456837059932,0.009102550543596877,0.019020464158604033,0.009271951381051746,0.007049177253279915,0.009318578916715392
2024-03-06,0.009122167646960389,0.016724650805964414,0.01799851160348087,0.019875810370788782,0.016724650805964414,0.007031443662751435,0.010981338116693662,0.0070314436627516574,0.01800176644042706,0.007031443662751213,0.009925259501660122,0.0057703404500866196
2024-03-07,-0.004198899718934168,0.0016950124891454976,0.009883609816714545,0.017114295768860144,0.0016950124891454976,-0.0103012888724483,-0.004292699373739106,-0.010301288872448633,0.0024786443237914124,-0.0103012888724483,-0.0021238004433558055,0.0206540447504302
2024-03-08,-0.0037750313456256235,-0.00040052779148469497,-0.0014411677366586995,-0.004252469724501329,-0.00040052779148469497,-0.0020784938475121306,-0.007551725126805353,-0.0020784938475119086,-0.018270210419628174,-0.0020784938475121306,0.00040496236406584174,0.012928611579539062
2024-03-11,0.01402542689954811,0.0014482706390197553,0.0009006174434151859,-0.007194876176615184,0.0014482706390197553,0.009798214654925141,0.008951548650483643,0.009798214654925141,0.005512767467507507,0.009798214654925141,0.007626148996962012,-0.008879023307436174
2024-03-12,0.026193971436456964,0.019844912336760334,0.021060446246326192,0.02019820673780859,0.019844912336760334,0.02582747251386386,0.0232875218202635,0.025827472513864302,0.017606854282603113,0.02582747251386408,0.02523958738043297,0.010078387458006821
2024-03-13,-0.010653049150716964,0.0007960282336387792,-0.0003013123767937609,0.0035875933158375783,0.0007960282336387792,-0.009607047454541329,-0.010988452659929315,-0.00960704745454144,-0.010183288868093165,-0.009607047454541329,-0.0017837067480670488,0.006651884700665134
2024-03-14,-0.021338859785366537,-0.02755490293999574,-0.022618207431044812,-0.02761738204677111,-0.027554902939995518,-0.02386223938929688,-0.027534592591356044,-0.023862239389297324,-0.02485187204300965,-0.023862239389297102,-0.019383252629654013,-0.002753303964757703
2024-03-15,-0.004561963550523518,-0.004577228702315916,-0.006249591385481201,-0.01242925736836853,-0.004577228702316027,0.0004934829273837149,0.00023289156171424352,0.0004934829273834929,-0.0017335809175111905,0.0004934829273837149,-0.005700986886133075,-0.008282716731087825
2024-03-18,0.004721027118015808,0.0015925577003086389,0.009437375707725293,0.007190171970769654,0.0015925577003086389,0.013109567315252146,0.01431238743794827,0.013109567315252368,0.012151541583742542,0.013109567315252146,0.013678701580620123,0.0055679287305121505
2024-03-19,0.00179577620858562,-0.0035820285366034987,-0.008489500146532603,-0.00285014843972331,-0.0035820285366034987,0.003956620233140029,0.007824955974892411,0.003956620233140029,-0.005020799800029674,0.003956620233139807,0.000344422816394907,0.0
2024-03-20,-0.00031923975999303966,-0.008419391113794639,-0.007002967682063765,-0.007315726816324086,-0.008419391113794417,0.009580906821273993,0.002021808253369839,0.009580906821274437,-0.00040358001163454116,0.009580906821274215,-0.0007278677483285589,-0.00442967884828338
2024-03-21,0.018434794204695626,0.01617623290259984,0.015091005963499438,0.016265017860961795,0.01617623290259962,0.004791403795317617,0.015677533113191533,0.004791403795317617,0.005486153044431452,0.004791403795317617,0.01143292875750257,0.023359288097886566
2024-03-22,0.000805801284149199,-0.0023947127311267913,-0.004551237796700414,-0.0047353706107226,-0.0023947127311266803,-0.005168639195491154,-0.006606312653034019,-0.005168639195491265,-0.007030394484282554,-0.005168639195491265,-0.003057748141691241,0.0005434782608695343
2024-03-25,-0.0015505436153184782,-0.0017608906326151974,-0.0008907995620269782,-0.0017745380213233242,-0.0017608906326153084,-0.0036162941369469737,-0.005502670308775048,-0.0036162941369471957,-0.0023683161548710974,-0.0036162941369471957,-0.0025753402942636505,0.0005431830526887449
2024-03-26,-0.01852096132464387,-0.011070523576252489,-0.010197909222831814,-0.010923481197983587,-0.011070523576252267,-0.016020418737532682,-0.01712608017404249,-0.016020418737532904,-0.019828362928832277,-0.016020418737532904,-0.01666769749295194,0.0010857763300760048
2024-03-27,0.005759108560276394,0.01183544831173422,0.007870993051660724,0.007360286161288476,0.01183544831173422,-0.004321776184903814,-0.0027890815482237707,-0.004321776184903925,0.006866054107252273,-0.004321776184903925,0.007209456233768119,0.0005422993492407713
2024-03-28,0.011274370142207557,0.010251616574997069,-0.004753143353212974,-0.0003298711438153301,0.010251616574997069,0.005382121753766844,0.003828264402033099,0.005382121753767066,-0.003765145573765727,0.005382121753767288,0.00971979354805308,-0.004878048780487809
2024-03-29,0.0063888951219388534,0.014472250616281768,0.00939591085543734,0.012917027806280457,0.014472250616281546,0.0009035091231559544,0.0014140001844384908,0.0009035091231557324,0.003840027357760345,0.0009035091231557324,0.010495718492758987,0.004901960784313708
2024-04-01,-0.007935544403895878,-0.019424549076706765,-0.012113287941511675,-0.023476340065447854,-0.019424549076706876,-0.004905652540253547,-0.006785565011189543,-0.004905652540253547,-0.002929170012079041,-0.004905652540253547,-0.010865302847520741,-0.0043360433604336945
2024-04-02,0.012003874919774837,0.007806958853674217,0.003011782283335096,0.007954369193671207,0.007806958853674439,0.004909474663171043,0.0010435704756528441,0.004909474663171265,-0.001164056330111074,0.004985012872106953,0.0076486506740247595,0.01469787697332614
2024-04-03,-0.0005199052771389656,0.0005071492032271419,-0.0051130749749753734,0.0005071492032273639,0.0005071492032271419,-0.003152641675605916,-0.004544995599193524,-0.003152641675606027,-0.005352724088438898,-0.004408077598099802,-0.004421647498732528,-0.0042918454935623185
2024-04-08,0.003713489789743507,0.0063910382607961225,0.00958518577435008,0.0063910382607961225,0.0063910382607961225,0.00978227091114281,0.013401749265272933,0.00978227091114281,0.008175451874431472,0.011039559242349783,0.009484047848789201,0.003232758620689724
2024-04-09,0.009420060476548198,0.013569917800110742,0.012032272134743671,0.013569917800110964,0.013569917800110742,-0.003403398364014598,-0.0011601894846846594,-0.003403398364014487,0.008497864843938219,-0.002668556178377246,0.010706358047363862,0.025241675617615478
2024-04-10,-0.005540329482100259,-0.004517158407119637,-0.009946442653448129,-0.004517158407119637,-0.004517158407119637,-0.009655444432598359,-0.01230106281114196,-0.009655444432598248,-0.012079045278936995,-0.015563728608417038,-0.006128879673566567,-0.0010476689366161196
2024-04-11,0.006081935640145142,0.008327315667684188,0.009493860145015631,0.008327315667683965,0.008327315667683965,0.006139961717186226,0.009829107220814093,0.006139961717186004,0.010041620605303336,0.005452723153913874,0.012524896336433722,-0.004195070791819577
2024-04-12,0.00931594706865102,0.009515181434689657,0.0005696695913304239,0.009515181434689879,0.009515181434689879,0.007540053307893313,0.003971535038799434,0.007540053307893535,0.0020654372391928355,0.003915762461192518,0.008780083193573374,-0.0015797788309637184
2024-04-15,-0.017373518465624627,-0.015486176893679704,-0.0071895324097291935,-0.015486176893680148,-0.015486176893679926,-0.019333986152220373,-0.016833590421225342,-0.019333986152220595,-0.009955672436945173,-0.018688097036036577,-0.01233547423320347,-0.010548523206751037
2024-04-16,-0.02891729326537351,-0.031975878577044314,-0.024905221226104723,-0.031975878577044314,-0.03197587857704409,-0.0230371742114317,-0.02519915343485646,-0.023037174211431588,-0.02431785544138687,-0.02745519133033225,-0.026488350852257203,-0.026652452025586304
2024-04-17,0.02422591623744874,0.022834273201081112,0.020043833955411428,0.022834273201081556,0.022834273201081334,0.01296687328248769,0.01415990019937352,0.01296687328248769,0.015406780749218418,0.015307614470102093,0.01914396668935403,0.01150054764512598
2024-04-18,0.004697217076699678,0.006217817338557419,0.011937981395679254,0.006217817338556975,0.006217817338557197,0.008359593921086983,0.009886354594089264,0.008359593921086761,0.008430756633883485,0.010717733938560903,0.008632168426219167,0.007579859231185759
2024-04-19,-0.03718236309869605,-0.03775752700107582,-0.03865272417773047,-0.03775752700107571,-0.03775752700107571,-0.023076003786601684,-0.02380233759658179,-0.023076003786601573,-0.02670041249884947,-0.023003942605069216,-0.03516981148728093,-0.04889844169801183
2024-04-22,-0.035255570950045056,-0.028268975819504938,-0.025977552591744946,-0.02826897581950516,-0.028268975819504938,-0.02118828767831682,-0.01658957870784261,-0.02118828767831682,-0.014322935347476418,-0.017427644370859086,-0.024369077187360144,-0.005649717514124242
2024-04-23,0.0128706174599158,0.008176138807691968,0.009050076367621562,0.008176138807691968,0.008176138807691968,0.016642999891101073,0.007020824381427149,0.016642999891101296,0.007908290890707992,0.012836035622398656,0.0122987403054855,0.008522727272727293
2024-04-24,0.05587266330086216,0.04635398222811937,0.032451733270330685,0.04635398222811937,0.04635398222811937,0.046231679580631235,0.04251441468663675,0.046231679580631235,0.03410729705601745,0.04684963653765939,0.04147752343135558,0.02985915492957747
2024-04-25,-0.016689339242400902,-0.01942601220512996,-0.01614466547872606,-0.01942601220512996,-0.019426012205130072,-0.008617292504493612,-0.007655207145282228,-0.008617292504493612,-0.00727423777265479,-0.007934712232252505,-0.012012666165088337,-0.015864332603938713
2024-04-26,0.018067717156049268,0.01548319168508483,0.008489294774982836,0.01548319168508483,0.01548319168508483,0.015287500492746853,0.013061355372961492,0.01528750049274663,0.015910192106111776,0.013810211959481622,0.020407609871682775,0.015564202334630295
2024-04-29,0.01388330992431741,0.023357349448637432,0.02487907098364217,0.023357349448637654,0.023357349448637432,0.006619543934346828,0.009317887903872668,0.006619543934346606,0.009732730073696239,0.0067007610290146236,0.026525597669773582,0.01532567049808442
2024-04-30,0.002705412116880801,-0.0022927118881496122,0.001395474263720109,-0.0022927118881495012,-0.00229271188814939,0.003888828737217853,0.003921754652784992,0.0038888287372182972,0.0008304350572738706,0.0010440458283003107,0.002165169015751367,-0.0005390835579514031
2024-05-02,-0.020464491523676576,-0.01337027528890311,-0.0029898615009239515,-0.01337027528890311,-0.013370275288903,-0.01601308245888966,-0.008673559269103848,-0.016013082458889882,-0.009254740818068763,-0.013427745737713659,-0.014546261631649737,-0.012944983818770295
2024-05-03,0.00994148516623583,0.012703606375566778,0.0025012435635130004,0.012698830198440758,0.012703606375566778,0.0011770883203190419,0.004705797230529329,0.0011770883203190419,0.004848121403246974,0.0029073632707437014,-0.003022978567663759,0.005464480874316946
2024-05-06,0.014882360191349031,0.010057751500228251,0.026500780877996233,0.01479781396158697,0.010057751500228251,0.008903021676994305,0.012230036911817788,0.008903021676994527,0.018624030915787015,0.018109135817718336,0.02572337260318469,0.014130434782608559
2024-05-07,0.009306658270158197,0.012388963032092581,0.00533384517449953,0.010987378698330108,0.01238896303209236,0.003960201518153683,0.005264328892925718,0.003960201518153683,0.007645087271020312,0.005499859968180365,0.010084558877578642,0.004823151125401992
2024-05-08,-0.00042990185276603476,-0.006116506893206752,-0.004355547790970138,0.0021985383172180573,-0.00611650689320653,0.003080991670998179,0.0038697485566709933,0.003080991670998179,0.003132991394887874,0.003052113485728869,0.013721940230686291,0.0037333333333333663
2024-05-09,-0.008140528631715327,-0.0021629385915813426,-0.003158897217578005,-0.0006581032296992806,-0.0021629385915812316,-0.0004000748187373837,-0.0014191373550973552,-0.0004000748187372727,-0.000495414768359459,0.00038237166842525205,-0.00010794591242413443,-0.0010626992561104665
2024-05-10,-0.006496383660346883,0.006680169162213145,0.01883699446565612,0.012184240009589953,0.006680169162213145,-0.007131997162864612,-0.0011154383687234093,-0.007131997162864612,-0.0004307172283656291,-0.0078382364453915,-0.0027786368655453586,0.007978723404255428
2024-05-13,0.005878197029510979,0.010135307028546592,0.005082868688294662,0.006811545436811173,0.01013530702854637,-0.004756541146922366,-0.0039505633879326485,-0.004756541146922255,-0.005982424520885488,-0.004711759648780567,-0.0017611057953182963,0.0068601583113456766
2024-05-14,0.012826403690255894,0.019492952521698026,0.007502257104374133,0.018410763495237292,0.01949295252169847,0.009557538251216968,0.007316345343488795,0.009557538251216968,0.002422555844489027,0.011437815915301908,0.012750211155778235,0.007861635220125729
2024-05-15,-0.002474585638692739,-0.007013003777348814,-0.0023029125120312965,-0.003250155720318282,-0.007013003777348814,-0.002033044460984179,-0.0006616240478546365,-0.002033044460984401,0.0013423640384853108,-0.00317910944280253,0.0007018250122128311,0.014040561622464809
2024-05-16,0.01695763716699661,0.020469542950489084,0.019250803198152866,0.019907389167457712,0.020469542950489084,-0.0006491259076590872,-0.0026483958295789867,-0.0006491259076590872,0.011791801752353281,0.0001393172712484958,0.010490254602201654,0.006153846153846176
2024-05-17,0.0010539272073599726,-0.00784413616358448,0.0013394511688247235,-0.007921972947952716,-0.007844136163584259,0.007438018275704783,0.006914005414294655,0.007438018275704783,-0.0019012858767574192,0.006184009444934135,0.0003695281725610844,-0.003058103975535187
2024-05-20,0.00023596232452960386,0.000725473298512247,0.0008614490467724334,0.0005564186936051208,0.0007254732985120249,-0.007909568222137509,-0.010142545875297837,-0.007909568222137509,-0.008703397609497676,-0.0097750832752036,-0.006037864042720775,-0.0015337423312882237
2024-05-21,-0.0011926210143825555,-0.002718979528269383,-0.009340332296034481,-0.0042680739928537825,-0.002718979528269161,0.00894673311077554,0.001655909816003831,0.00894673311077554,-0.0012670037761941533,0.00769963457880718,-0.004108609468581159,-0.0005120327700973704
2024-05-22,0.016160914555843897,0.01388659496259148,0.015024537975241392,0.0126882858663242,0.013886594962591259,0.0048818793853002695,0.007557754642844472,0.0048818793853000475,0.008515923809156334,0.00718539003945895,0.014495176501265306,0.01946721311475419
2024-05-23,0.023170632118007406,0.022429106551911993,0.012143547931965148,0.020603189044926307,0.022429106551911993,0.018063986527302456,0.014123845516260669,0.018063986527302456,0.018141949495249943,0.020995603480143954,0.018562149310716647,0.007035175879396949
2024-05-24,-0.005382836729384555,-0.0003828451416968415,0.0026619547577340086,-0.000966022551753265,-0.0003828451416969525,-0.0017116172097927373,-0.0016207522085426307,-0.0017116172097927373,-0.005777980446072917,0.0005799350404791515,-0.007508841922869047,-0.0029940119760478723
2024-05-27,0.028934987609361418,0.029515556658759046,0.01981339170021945,0.03138048247371761,0.029515556658759046,0.030614089662004185,0.01857703663239585,0.030614089662004185,0.023247810826313664,0.036995960445808995,0.030612445614060402,0.012012012012011963
2024-05-28,0.013862826656017457,0.010845505604738515,-2.7112656344474573e-06,0.005315989614417704,0.010845505604738737,0.00857975969027236,0.006125071814310212,0.00857975969027236,0.008594762064927375,0.00877244693123247,0.008811442462286267,0.0004945598417409602
2024-05-29,-0.0005871015672834767,-0.0010735245518229686,-0.009855682636589647,-0.0011875352889867408,-0.0010735245518231906,0.004898789806038861,-0.0008728489576753651,0.004898789806038861,-0.0005887877108414763,0.0011826990258605452,-0.004313916998243905,-0.010874938210578389
2024-05-30,-0.011887824951173909,-0.012660544565774923,-0.015489012097842259,-0.013902222723336743,-0.012660544565774812,-0.018720778782799763,-0.01576962272505633,-0.018720778782799763,-0.014756492327662518,-0.021299754637893464,-0.014364537622124751,-0.017491254372813625
2024-05-31,-0.01367174788240455,-0.012981365895214259,-0.01519587010543344,-0.022199290816958483,-0.012981365895214259,-0.0164038465512909,-0.02027024278431233,-0.018497391599200164,-0.018172932455384094,-0.01877958988255446,-0.021260328686133145,-0.008138351983723258
2024-06-03,0.008007481881228351,0.016249854186722423,0.018349961028744532,0.015182303467222935,0.016249854186722645,0.004945464720027992,0.013089898741649009,0.008468837549900465,0.0030304824909663797,0.009578779677068772,0.010873944739031804,0.01692307692307704
2024-06-04,-0.021082143610888004,-0.014451391325420393,-0.014961068538707267,-0.017436329377301774,-0.014451391325420282,-0.014660258315773,-0.017236750092891384,-0.01870073935455907,-0.015091786604949808,-0.014822978197199022,-0.024194955618395797,-0.013615733736762614
2024-06-05,0.006251051384832174,0.004062641100252451,0.0018418931463968224,0.0008899458905846647,0.004062641100252229,-0.003128008300063434,0.0023869362323933885,-0.0031354145560016367,-0.006037818326155464,0.000554736585057336,0.0009391563051226459,0.009713701431492971
2024-06-06,0.00866226362306688,0.010528280587633665,0.010685059452133716,0.01611970186541667,0.010528280587633887,0.004353504527779606,0.00174248702137203,0.0037700524051198503,0.002320860271405323,0.003943056003557821,0.01094645056768484,0.030886075949366987
2024-06-07,-0.013576070476303936,-0.012158496712072808,-0.014151260078433592,-0.015751278342859387,-0.01215849671207292,-0.013917708600818757,-0.015299219221083016,-0.013367312339083837,-0.008830052848790682,-0.013847987188447819,-0.013284816726158222,-0.007367387033398787
2024-06-11,-0.0028007745046321197,0.0006286978859255665,-0.00010400632717222358,-0.001211093026839638,0.0006286978859255665,-0.007577589718106736,-0.01287194712028883,-0.011193224790388867,-0.005103837693249957,-0.009297520899861245,-0.0035352671843146277,0.002474022761009387
2024-06-12,0.010359201382685423,0.007975408178848342,0.011834852877737667,0.014321070721845741,0.007975408178848342,0.004423892515021288,0.006884794286345031,0.005057081528288654,0.004426442754649651,0.005789559534056243,0.011450465860216585,0.018262586377097767
2024-06-13,0.014714938046352932,0.01855868290477103,0.019323430092984983,0.022890269320697154,0.01855868290477103,0.014948715959713255,0.018153771336956837,0.018046450331473007,0.004603744587188707,0.018603867897245552,0.022878778575582626,0.013572467280659195
2024-06-14,0.016736474153390413,0.014340756830669044,0.01568246187543898,0.017936641071727877,0.014340756830669266,0.015021882068343206,0.01576347228229391,0.015650109499837583,0.008033946841105921,0.014897539929571657,0.018857526104000266,0.006695361071257899
2024-06-17,-0.004145976066840973,-0.001902200171547519,0.0003802471889484682,-0.002178385992230303,-0.00190220017154763,-0.006186177677310001,-0.007043570505663399,-0.005613519515964227,0.01088869440933049,-0.006704739982194563,-0.00462976824709993,-0.00047505938242276
2024-06-18,0.004461980846930391,0.004196420755143704,0.004203520519521886,0.006563060395037734,0.004196420755143926,-0.00016989969079928002,-0.0048440289878686205,-0.00310400270772071,0.01018864982446277,-0.0016962206376142097,0.006691465787085127,0.016634980988593062
2024-06-19,0.01908669070366642,0.01900098739656153,0.02481194176612611,0.03234621437717755,0.019000987396561753,0.012117546078310282,0.020012424222844105,0.012756081216328985,0.0026455171031880553,0.019311893940170632,0.02717873283432226,0.030855539971949453
2024-06-20,0.03313662294968922,0.029554292090580025,0.026244218449740897,0.023599257238476445,0.029554292090579803,0.023401708674966493,0.022592751602978467,0.02348331427211514,0.012331964795026185,0.02403257510459489,0.03341589258246258,0.0054421768707482165
2024-06-21,-0.011844843464868138,-0.012099394933413166,-0.014564750613734079,-0.01435155400916166,-0.012099394933413277,-0.0060509772546138985,-0.002588063403637486,-0.007207311461310817,-0.0007450153542698512,-0.00102009420547855,-0.013642052500846824,-0.007668019846639562
2024-06-24,-0.021062697540542463,-0.020515602177047954,-0.022340948583100317,-0.027221745358738003,-0.020515602177047843,-0.01999963531849558,-0.021907671380687166,-0.02180709439434403,-0.014618501283757412,-0.022010100995063286,-0.025322861155385734,-0.021818181818181848
2024-06-25,0.008745290890291413,0.0023687593388677097,-0.0006853131017120484,-0.0018218972433527991,0.0023687593388674877,0.0022041490475246395,0.008780488257074559,0.003972523962224583,-0.0006037845290891575,0.006106205761089667,0.0030146978000991087,-0.0013940520446096283
2024-06-26,0.004297409734694169,0.004328982332711284,0.00909711193224405,0.012712176773282069,0.004328982332711506,0.006386060085142642,0.006807735430821582,0.008163071662176558,0.007052498552909903,0.005509398132746535,0.006637287644398082,0.009306654257794422
2024-06-27,-0.007475561267891284,-0.018239860416935705,-0.017718569337641488,-0.0050508222386698165,-0.018239860416935816,-0.009141351498999195,-0.006297744630210267,-0.007434647246603476,-0.010627639771671027,-0.008405484086563386,-0.008758424445501345,-0.0018441678192715472
2024-06-28,0.00946606562038621,0.010604038823690543,0.008134520737560047,0.006227662141998325,0.010604038823690543,0.011411896616360329,0.010849128915998651,0.009097059747837699,0.004515531694379238,0.011553269886266593,0.00639835552951129,0.00877598152424941
2024-07-01,-0.009927929842154293,-0.00515270002428625,-0.003931767260557439,-0.00906179195095802,-0.00515270002428625,-0.010610051191257241,-0.005566633178562874,-0.006559652416126993,-0.010252841023489112,-0.008408240856620064,-0.018008269139792588,0.001831501831501825
2024-07-02,-0.010380759284030705,-0.007083039731444862,-0.0023851091463535923,-0.00708303973144464,-0.007083039731444751,-0.0019986562655757156,-0.0025787143034671223,-0.0013727684151332298,-0.01964165152644981,-0.0009203143303053718,-0.0004853543627086898,-0.007312614259597949
2024-07-03,0.012551843370116611,0.009253901754411764,0.014967298564067866,0.009253901754411986,0.009253901754411986,0.006274705365671318,0.0038932621042415683,0.00967225074391398,0.006479015892823403,0.007862072966956068,0.0021544736290290967,0.011510128913443829
2024-07-04,0.01811816920731424,0.011173116430903685,0.012710704213896973,0.011173116430903685,0.011173116430903463,0.008083667633701719,0.012186823782649236,0.006147172094415065,0.022764922615469807,0.012480561827769465,0.01568850554389578,0.025489303595812585
2024-07-05,-0.003065490406809923,-0.004387099479043144,0.005006473905230457,-0.004387099479043366,-0.004387099479043033,-0.0021507787724917016,-0.007363577688933032,-0.00164760125911656,0.0019860208318021044,-0.004761169172197821,-0.00541078142179352,-0.002219263204616073
2024-07-08,0.01368051595986386,0.013758637655445716,0.012869905886053745,0.013758637655445938,0.013758637655445716,-0.006336787748592365,-0.005752033570294635,-0.006580868827424258,0.015494610444361623,-0.005234622858534599,0.002788780219614928,0.028469750889679624
2024-07-09,0.00584144228655048,-0.00040959230423420756,-0.004111067263419921,-0.0004095923042338745,-0.0004095923042339855,0.012785172345983753,0.012189515747988544,0.011801976052758123,0.019983489070947824,0.012680972001701596,0.004508033417290225,0.001297577854671328
2024-07-10,0.0029937489597824385,0.003765632500153382,0.009021811087683851,0.00376563250015316,0.003765632500153382,0.005513366291072241,0.00783758385647082,0.0015958182216484484,-0.0006716444217219619,0.00336950683405135,0.007708338834474748,0.004319654427645814
2024-07-11,0.01166950892649199,0.0037997992648131085,0.011209437121770804,0.0037997992648128864,0.0037997992648131085,-0.0009109185045156343,-0.0003322820520956782,0.0021010644340677676,0.022560644099582694,0.00275624704929478,-0.002723976460744404,0.022795698924731322
2024-07-12,-0.023125222881015928,-0.01600349686661995,-0.008778049644633579,-0.01600349686661995,-0.01600349686662017,-0.008826409677783031,-0.009377684897396099,-0.00793163672552788,-0.033947555338254,-0.009437556030642003,-0.010004285822292402,-0.02775441547518931
2024-07-15,-0.010328351628369203,-0.012256574775765583,-0.01098967048255417,-0.012256574775765694,-0.012256574775765472,-0.011966670581048167,-0.011938803223450756,-0.0047073605224007276,0.0005234480042655143,-0.011157345203989588,-0.018354131700925147,-0.0017301038062282892
2024-07-16,0.004732133864782995,-0.0036094094606228255,-0.0021526481361915373,-0.0036094094606228255,-0.0036094094606230476,-0.0008152778463249577,0.0015435298551316201,-0.00302474663536767,-0.0015287967698212057,-0.002582597036124401,-0.0013025313544338113,-0.0017331022530329143
2024-07-17,-0.01468432033728706,-0.006250630388853207,-0.006909541866179092,-0.006250630388852985,-0.006250630388853096,-0.012380418271419225,-0.015852030537226725,-0.008901407485556567,-0.007625999188280552,-0.012993208531498657,-0.01125441644757652,-0.01302083333333337
2024-07-18,-0.025876726712702136,-0.016891765427506478,-0.013519656169798,-0.01689176542750659,-0.016891765427506367,-0.0190219538274089,-0.01720584263404068,-0.013522900513477931,-0.020846825757017018,-0.01888131389198744,-0.01767714157835909,-0.020228671943711474
2024-07-19,-0.011309816821037377,-0.016166874665399233,-0.016606539357584937,-0.016166874665399122,-0.01616687466539901,-0.006779649956765055,-0.006759031170419427,-0.010182377578754731,-0.02034894000615528,-0.006103412319555468,-0.0071011682075439175,-0.021543985637342944
2024-07-22,-0.03617419813239586,-0.03744401403652131,-0.033398123867144025,-0.037444014036521645,-0.03744401403652131,-0.02479642562269413,-0.029007260339417473,-0.022275459707254308,-0.031740517481645525,-0.024802481548246713,-0.027557207504461556,-0.031192660550458773
2024-07-23,0.02788283239322853,0.0325997580014441,0.02769381473086807,0.0325997580014441,0.03259975800144388,0.018226278202844837,0.01824926842702279,0.019350705517050315,0.027023671532863336,0.019796688224050785,0.02257486108554807,0.028882575757575912
2024-07-26,-0.03855804571531707,-0.02828512011452866,-0.026665848874356524,-0.02828512011452855,-0.028285120114528328,-0.028987524599151993,-0.03397851836064314,-0.028182947713088158,-0.03894399833005735,-0.028705411075647835,-0.029285639636668526,-0.03543488265071337
2024-07-29,-0.01199486729655519,3.042592884483497e-05,0.007657478061701806,3.042592884439088e-05,3.0425928844168837e-05,-0.017175311417640615,-0.020106589995136703,-0.014520496027816798,-0.00836358610067034,-0.016135011301509072,-0.006601201607497442,0.008110687022900853
2024-07-30,0.003076147440245869,0.007541632190106506,0.004284584564133276,0.0075416321901069505,0.0075416321901069505,0.003306443818867022,0.003337598199930625,0.00222704806680607,0.005556919022595697,0.0034904636513304332,0.008081615631759353,0.0009465215333648302
2024-07-31,-0.0033417313142125593,0.0027505237369660485,0.008345364357552398,-0.003763470103299249,0.0027505237369656044,-0.004196639446395811,-0.006498797325669603,-0.004660904437261415,-0.008306463949170784,-0.004738034306882022,-0.002535579168047697,-0.0009456264775413725
2024-08-01,0.004943671409054939,-0.0013384953463523308,0.009668274287109035,0.0010585298367231655,-0.0013384953463519977,0.010886781912025523,0.007966144069510461,0.0108671051111362,0.006610972201191112,0.007966144069510683,0.0045124738966262345,0.017983909133932663
2024-08-02,-0.03876295167562582,-0.031178935916829187,-0.02802262989842408,-0.027152180528145498,-0.031178935916829298,-0.008993885329884432,-0.007910990049912359,-0.009066431920780826,-0.014693856391421511,-0.007910990049912359,-0.012241174423597068,-0.0478847047884704
2024-08-05,-0.06745923461605585,-0.058604224656257586,-0.07138641143458468,-0.05608093953600768,-0.058604224656257475,-0.03541424395185744,-0.027621730364838726,-0.031341831462389225,-0.03095750871944969,-0.027621730364838837,-0.04413860184906204,-0.0849609375
2024-08-06,0.025664666953727266,0.01411444449441479,0.016223362426839083,0.01512112434518964,0.014114444494415013,0.010518093278103713,0.007680168152741418,0.008687439862372637,0.012208691490445567,0.007680168152741418,0.007993972899707824,0.041088580576307265
2024-08-07,0.003533888272193808,0.0006149987177255234,-0.0013552048139177097,0.0005755469043156047,0.0006149987177255234,-0.003989308439458661,-0.0031479947469639225,-0.0030102116288385217,0.004362958102123393,-0.0031479947469641445,-0.0026637880931861257,0.040492055356227574
2024-08-08,0.0,0.0,0.0,0.0,0.0,0.0,0.0,0.0,0.0,0.0,0.0,-0.017733990147783207
2024-08-09,0.0,0.0,0.0,0.0,0.0,0.0,0.0,0.0,0.0,0.0,0.0,0.030090270812437314
2024-08-12,-0.001074489237574805,0.0021899375949296918,-0.00453771004751391,0.0009369068267592873,0.0021899375949296918,0.0007629733567715569,0.0009099918861537049,5.07730193533007e-05,0.000930682976062025,0.0009099918861537049,0.0007366832304231963,0.01314508276533588
2024-08-13,0.006223653252896533,0.004437832191827917,0.012803013079039305,0.0035931197948220195,0.004437832191827917,-0.008483684055226925,0.0024410429923618082,-0.009887791219401976,-7.887275665052762e-05,0.0024410429923622523,0.00031305947376858434,0.0033637674195099443
2024-08-14,0.014189949243916367,0.010882863587182934,0.013115823838787843,0.010610528373639516,0.010882863587182934,0.0046073120056300265,0.0034227163642919223,0.004599448088816294,0.003139858368966353,0.0034227163642917002,0.004715456247692762,0.011973180076628287
2024-08-15,-0.012924395830385182,-0.00743926945268103,-0.014380584480446545,-0.008338488907563946,-0.007439269452681141,-0.006224878444387016,-0.005260471716217796,-0.0061985886775548504,-0.008049211019805935,-0.005260471716217907,-0.0036435548260931316,-0.005679129200189426
2024-08-16,0.022977070607560712,0.019661034327822957,0.023099578450720637,0.01932527135011819,0.01966103432782318,0.013052167826989702,0.010868013635839224,0.012337153050182792,0.0102763549528464,0.010868013635839446,0.013550828754558486,0.02189433603046176
2024-08-19,0.00204163340366903,0.00046439682032151097,-0.0015861475511448342,0.0004176035308787185,0.00046439682032128893,-0.0009073820808018773,-0.0008998260895469734,0.0007404132100181648,0.0051561482446400575,-0.0008998260895470844,-0.0039030234716099788,0.0009315323707499434
2024-08-20,-0.0010502975640860335,-0.0011469142885448536,0.007075711605787571,-0.0037327433588408843,-0.0011469142885449646,0.008596597903788306,0.0064975775478464115,0.008109242862884392,0.005712298695718099,0.0064975775478466335,0.0009657025324021351,0.0004653327128896212
2024-08-21,-0.004868230167546894,-0.006522568139304075,-0.005500682669327794,-0.00892118370979289,-0.006522568139303964,-0.004328089654157541,-0.003181921471458682,-0.0027037128102763708,-0.0007154701251433915,-0.003181921471458682,-0.001181110293751897,-0.011627906976744207
2024-08-22,-0.0030221516469092213,-0.0030979554774462903,-0.013144231483269708,-0.005214603574363652,-0.0030979554774460683,-0.011496212314249243,-0.012309127796234387,-0.001190335465476755,-0.0027821825641820563,-0.012309127796234387,-0.015070917095479808,-0.004235294117647115
2024-08-23,0.0034633410213047444,0.002673266328723445,0.0022183416671122114,4.434290336208235e-05,0.002673266328723223,-0.0056833041221751035,-0.004509229641689094,-0.006080943625120572,-0.0011580801974808708,-0.004509229641689094,-1.5023381770506994e-05,0.0014177693761814325
2024-08-26,0.006582596611043323,0.010560062268276882,0.010752916218522923,0.009464879361350764,0.010560062268276882,0.0010015566680321442,0.0005370779489228816,0.0030853778600055115,0.0048181900938149,0.0005370779489228816,0.009579449470541013,-0.00047192071731949614
2024-08-27,-0.0016875832072441588,-0.003143102844687884,-0.0006424763942864953,-0.003843502444909719,-0.003143102844687773,0.002125874201048372,0.0032514920959600957,0.000714743607592716,-8.43581218084033e-05,0.0032514920959600957,-0.00044777287467867577,-0.0037771482530689626
2024-08-28,-0.006349379633090235,0.0015979660358111936,-0.0023284278222105437,0.0012241453523225143,0.0007264281116081683,-0.005175209486782184,-0.004583083738466387,-0.00570082737476596,-0.004161906081572853,-0.0051488077873300675,-0.0056970585359363834,0.013744075829383862
2024-08-29,0.004706707163523172,-0.006198421504529317,0.0031507141020286067,-0.0056395030087408315,-0.004335531718526298,-0.004194468209079205,-0.004194468209079205,-0.0027166550946303714,-0.006811737153773589,-0.005611777531899453,-0.0059630862779516125,-0.011220196353436185
2024-08-30,0.0008266116748860686,0.0036345446216687893,-0.0013026737103096764,0.0025083248963493343,0.002537452612340063,0.0029434837196988806,0.0029434837196991026,0.0015929975509130223,0.0031557382214950636,0.0009674419274785517,0.0058331608420711945,0.0
2024-09-02,0.001907705386427816,0.004161598482147477,0.004080123729124807,0.003042567770984661,0.0029085940207040917,0.004411989756884616,0.004411989756884616,0.0015544069053938792,0.010638787229362512,0.009253375357949345,0.006810818563039556,-0.0009456264775413725
2024-09-03,-0.009439519283811926,-0.007423784420199975,-0.010461059032303544,-0.006318271122100927,-0.005195059649669376,-0.003493815252977761,-0.003493815252977872,-0.003625048084989091,-0.010392103803252728,-0.003811528137957154,-0.009480184126902103,-0.002839564600094713
2024-09-04,-0.03224635655435104,-0.0319429260839631,-0.039060752866013404,-0.03196089511500555,-0.02230312990955674,-0.012926331187285478,-0.012926331187285256,-0.013635727259564523,-0.029251190334434907,-0.015128909059777373,-0.03006386669710237,-0.04793545325106785
2024-09-05,0.009931212384218568,0.007831409997445693,0.016070771735954947,0.006673744341454846,0.0054141192430794405,0.006819937101268714,0.006819937101268492,0.01026492584913452,0.004685926996451428,0.002784669195309508,0.013311997502736928,0.004486540378863424
2024-09-06,-0.000729211236414562,0.01044885743827595,0.0014533321945733313,0.008157929154247068,0.007241017029917085,0.0024127467709154082,0.0024127467709154082,0.004266672535410132,0.005894423376289426,0.0024060059121526756,0.005657709696440083,0.013895781637717208
2024-09-09,-0.02712215410622243,-0.027229246962219178,-0.02615324324124102,-0.025230699986523386,-0.01892985687013582,-0.01651010201175973,-0.016510102011759287,-0.010976873698828937,-0.021672066298727533,-0.015058700791807822,-0.025887112179912686,-0.016152716593245242
2024-09-10,0.0,0.0,0.0,0.0,0.0,0.0,0.0,0.0,0.0,0.0,0.0,0.0004975124378108209
2024-09-11,0.0,0.0,0.0,0.0,0.0,0.0,0.0,0.0,0.0,0.0,0.0,-0.0024863252113376255
2024-09-12,0.0,0.0,0.0,0.0,0.0,0.0,0.0,0.0,0.0,0.0,0.0,0.03688933200398803
2024-09-13,-0.009977637295440545,-0.009133127715212908,-0.008078031545841302,-0.009304580834537224,-0.006388429342595203,0.003317596677480994,0.003317596677480994,0.002911107134814017,0.004639922546319619,0.005725049850867192,-0.0020379376012663597,0.0038461538461538325
2024-09-16,0.0015443645234096692,0.007230534269464517,-0.0013337652564996416,0.0066873440969572595,0.0050436346820941225,-0.0005518199077186869,-0.000551819907718909,-0.001480450303498304,0.0015016161121175209,-0.001158152539123103,0.0027779411540556076,0.003831417624520883
2024-09-18,-0.007366307159293317,-0.006679871332079146,-0.007663653062767062,-0.007230644191472235,-0.004669660385455243,-0.005702327257042672,-0.00570232725704245,-0.005879930215336837,-0.0064151516275137155,-0.003989978930647897,-0.005510227644398236,-0.00858778625954193
2024-09-19,0.017912172616877386,0.013370290915063032,0.016410058919288373,0.013939720670144151,0.009327817700794716,0.006770908215728566,0.006770908215728344,0.003068024350934895,0.016943820167248047,0.010679194527593694,0.015555244823076242,0.013955726660250134
2024-09-20,0.00010235716506734605,0.006128100683969295,0.0036600293406616746,0.005594774758250987,0.004292408142801074,0.003170668246265551,0.003170668246265329,0.0010214503641567951,0.0068749022631333645,0.007705222366723108,0.002884673822233008,0.01186521120075934
2024-09-23,0.009482996807878008,0.00875123039477499,0.00680600082421301,0.006617568930170625,0.006140975076939004,-0.0023142849266731824,-0.0023142849266730714,-0.004442755000955589,0.0035213684591737238,-0.0012530573001645617,0.0024209193816340235,0.0037523452157599557
2024-09-24,0.0040311070065723875,0.008330511657930417,0.005433241824980728,0.008361616685209627,0.005860911114808465,0.010019885787173832,0.010019885787173832,0.009101157725587283,0.013719246804762664,0.009706883800249422,0.012212175348468524,0.00981308411214954
2024-09-25,0.005422493012661178,0.011854142092334818,0.012275258738355443,0.014013982737998365,0.008360429035868533,-0.00089470046597806,-0.000894700465978171,-0.0011254348332351283,0.0022474525933824374,-0.004828044395795428,0.0035835178877841045,0.016196205460434987
2024-09-26,0.002262409606989424,0.005224207252230828,0.0017648227481072976,0.007156146549687659,0.00377496118714582,-0.002532634292760405,0.00025811619403870445,-0.00041778578147388945,-0.0027118093032716395,-0.002050207306700136,0.0030519365995949066,0.006830601092896238
2024-09-27,-0.010421263549963977,-0.006296963695987867,-0.008072443716744315,-0.011403961482662095,-0.004085864349097301,-0.0023544132668155138,-0.0011056337353769763,-7.52348833641392e-05,-0.005637329502981792,0.0001657068664602246,-0.0091886481484319,-0.0022614201718679228
2024-09-30,-0.006987194309381439,-0.006511917812143442,-0.010642926358645943,-0.014989904682560673,-0.004215959063653685,-0.0032918458825640373,-0.0005456181001514127,-0.0014151278800982325,-0.02260792336685613,-0.007400816067935745,-0.013368029277970206,-0.025385312783318237
2024-10-01,0.009544474926296065,0.008596325429442553,0.01243047335128944,0.008878818881378425,0.005552618334728532,0.004425974160892077,0.0038877680292204175,0.00598030254688009,0.00732108313588431,0.003198645085283447,0.009857433492491241,0.0
2024-10-04,-0.015456462120800984,-0.018949311380647704,-0.02205183566412483,-0.014663952640917688,-0.01227696414116164,-0.010140880936255314,-0.012561399718257316,-0.014356873127917669,-0.02667113396212828,-0.013416216947704007,-0.018136498102045984,0.0
2024-10-07,0.009394131765488423,0.019206443240075366,0.01498215292978844,0.015367525767087997,0.012359496150032845,0.010296297909309748,0.009625667779528113,0.00841475656783608,0.03094288579390514,0.012300790639118375,0.024358618474241922,0.022790697674418547
2024-10-08,0.0019289987406496678,0.0016873449621539471,0.006074559732702989,-0.000744663929732492,0.0010931634387718603,0.003388988794769565,0.00456181298027003,0.004304281397514265,0.007176304719796578,0.0062929899291261915,0.0021233423977253807,-0.004547521600727578
2024-10-09,-0.0020729743885252727,-0.003935454573506192,-0.0024328988651253214,-0.0006513311520657261,-0.0025511371920544645,-0.0021867913578085263,-0.003878955704194831,-0.0022654411443370215,0.000912722813084299,-0.002896313056500177,-0.0028658089648777585,0.01187756966651432
2024-10-11,-0.00029823505993109567,-0.0006319560286656145,-0.0064886409566375924,-4.7445280932922884e-05,-0.00040909353282503336,-0.0032298517363950063,-0.004669548547579838,-0.006323994372831598,0.002868209231439822,-0.00218398576299339,-0.000815845530972803,0.017155756207674955
2024-10-14,0.002212936402079091,0.007446695843214002,0.010307117303883118,0.0038187588036957543,0.004819506052862854,0.008390361615115749,0.00826363898089566,0.010494381179021683,0.014993928908793919,0.008831838864764352,0.009994120383315375,0.0013315579227695107
2024-10-15,0.011628217235743588,0.009399700512012332,0.00518449870251847,0.010097896282985186,0.006099397684973251,0.0018904306999456555,-0.0006052684574174849,-0.0017822474192275006,0.01501033067751889,0.004679745894906384,0.009295511580370341,0.019060283687943214
2024-10-16,-0.009000344409346273,-0.0023760411305451257,-0.001373439425420342,-0.008280152206681546,-0.0015468534518335852,0.0010838784575841753,0.002676456296362817,0.004538320516817684,-0.009818657748447368,-0.0016384384778806993,-0.004702129710840719,-0.01565898216615913
2024-10-17,0.012896391104934901,0.01171697286825868,0.011623041046177729,0.005005700978275351,0.007621664393024474,0.0054777150901512695,0.004211993258480318,0.004401329457711434,0.0029182676119459128,0.004494970521922825,0.005148492632454982,0.00044189129474148103
2024-10-18,0.008473633794002566,0.006081591714019785,0.005232035177207717,0.012296409461374225,0.003972036193250261,0.0021161115746313186,0.0022832549457645346,0.00016295818211031765,0.020418912681709145,0.005254893916520453,0.01156462819184556,0.023851590106007015
2024-10-21,-0.016357529542987526,-0.012916142929289554,-0.009482578331833857,-0.008239143821132111,-0.008453574125228513,-0.0029787662679026106,-0.0035247625675359773,-0.0007578011305284793,-0.004479343709140937,-0.0033207279966388503,-0.006731944200660478,0.0025884383088869978
2024-10-22,0.0076775493231096,0.011443278800879586,0.010583481101098968,0.005170237270278211,0.007455881518154017,0.005854047342075841,0.006990054953820879,0.002840644653865132,0.011087101232616137,0.008198634805912652,0.008173472248484304,-0.005163511187607606
2024-10-23,-0.010141834391552251,-0.006327049939239271,-0.009043677681687234,-0.007034986311718172,-0.004138712678139478,-0.00417332195988751,-0.0035497327881645058,-0.002927541264750144,-0.014549360349017104,-0.0050683892197078695,-0.008527300960908812,-0.006055363321799234
2024-10-24,-0.0017727398485625212,-0.006906496250112082,-0.0024636364540217004,-0.0045475092583068255,-0.0045078184094167195,-0.0012101374482710314,-0.002881523671332875,0.0004990756014005004,-0.007943376124762258,-0.005076370216056669,-0.006933444191751348,-0.006092254134029584
2024-10-25,0.008525397579195904,0.00811765207441284,0.007390743107076991,0.008638943264268395,0.005285564213004523,0.0007862034711407784,0.004797063071832364,0.0023661164241250976,0.015022852619556604,0.0046838547165306554,0.009328902884250478,0.007005253940455258
2024-10-28,-0.0034057035845406203,-0.004233625716368761,-0.003518216739727742,-0.003126510317516429,-0.0027643635229980257,-0.0018072992219315687,-0.0038436664490549832,-0.002221775177130958,-0.00797246045615252,-0.002084263451088253,-0.004644910139508851,-0.0013043478260870156
2024-10-29,-0.007172838897755218,-0.009790035372955086,-0.009714593833519136,-0.005764137836875682,-0.006476731947561931,-0.017206986000701696,-0.012766435793219899,-0.016801053584381886,-0.012446232182113048,-0.013930266076273567,-0.01976374996568242,-0.018284719198955135
2024-10-30,-0.003114081019210291,-0.0028656689277727354,-0.0012977338794458726,-0.012088688019248561,-0.0019115276629337874,0.0020033297775989833,0.005812085835504632,0.0022365252008462733,0.014613043752872645,0.0023281539123436445,0.006644429933696072,-0.004878048780487809
2024-11-01,0.003549512186298065,0.0005620386433735636,0.005152513905354539,-6.129035507695946e-05,0.0003745461860034105,-0.00031749258945268366,0.0024153790070495784,-0.006483801959079161,-0.0020277606253036318,-0.00454330917951451,0.004810564334259082,-0.004901960784313708
2024-11-04,0.009210041503988853,0.018281444063851904,0.016151347728172283,0.01506684596839869,0.012185155870771736,0.008893755579537643,0.01494789071514524,0.0106349598541291,0.023271978027274765,0.009838383689896535,0.01732760520957255,0.01343484102104786
2024-11-05,0.012653709117314005,0.003709481047653007,0.008353679190878038,0.0043006212744913785,0.0024873769954583125,0.0059871871871570725,0.0062294066760841815,0.0038358279631636183,0.004939294171432351,0.007553524775335996,0.008537927394457245,0.002651347768448886
2024-11-06,-0.007683227466700915,-0.005412845822805767,-0.005389325720404403,-0.006566347216226731,-0.0036339858137584002,0.004294405458218131,-0.0014450714412447274,0.0030817101214994924,-0.00046120026190799024,0.003513457358208294,-0.002451308297069632,0.008373732921992172
2024-11-07,0.006856069304471024,0.0031309245723576407,0.0066464725767301225,0.006573339852611104,0.002093276840390068,0.00220174046611743,-0.00142351748149383,0.0013113641337205717,0.014260645039538389,0.003308180247676873,0.0017795995279603627,0.00874125874125875
2024-11-08,-0.003497998304034744,0.00035281170762346825,0.004717821268932054,0.0008540622212851456,0.000236127474600778,0.0015310655732605483,-0.0014203316129346444,-0.001792952907311629,0.0029925227247245,0.004174453385519028,6.76747380348175e-05,0.009098786828422911
2024-11-11,-0.0006493443974605606,-0.0021390853365258478,-0.0020624053540678755,-0.0009736466320358073,-0.0014317998254463893,-0.000838845091740037,0.004084743186262063,-0.002735769663050891,-0.000271727611593775,-0.0019246830789944047,0.0036312486132836774,0.0
2024-11-12,-0.013744934376688,-0.016679241311549298,-0.013762323936878484,-0.014164922378438805,-0.011156366344891921,-0.017434426845448048,-0.016106894750084533,-0.018963182058357453,-0.022521712805916527,-0.015821649728063325,-0.019746000312986567,-0.02361528553027048
2024-11-13,-0.005438370103532875,-0.005811334930638012,-0.005396209670866514,-0.0026012912912621866,-0.003865360167361942,0.006751855242656646,-0.005619638946809058,0.008708430043989912,0.00712773091925234,0.006575986146995172,-0.0026025917503222917,-0.006596306068601621
2024-11-14,-0.008891412943283994,-0.009571111916031327,-0.007274383134477813,-0.01034320090520835,-0.006353707531420838,0.00033683389061267555,-0.0019813010469742487,-0.0012518675070710694,-0.017580000392421247,0.0008201444725297602,-0.009315824708046816,-0.007968127490039945
2024-11-15,-0.0025234312357270694,-0.00012052968932341201,0.0002576199128145884,-0.00036424378872246255,-7.97536090527684e-05,-0.0006103959099718059,-0.003301572990346613,0.00023736226855275433,0.0027070721227409056,-0.00016178870009042612,-0.0013173476163914621,0.002231146809460016
2024-11-18,0.0,0.0,0.0,0.0,0.0,0.0,0.0,0.0,0.0,0.0,0.0,-0.016918967052537814
2024-11-19,0.0,0.0,0.0,0.0,0.0,0.0,0.0,0.0,0.0,0.0,0.0,0.009510869565217295
2024-11-20,0.0,0.0,0.0,0.0,0.0,0.0,0.0,0.0,0.0,0.0,0.0,-0.0022431583669807464
2024-11-21,0.0,0.0,0.0,0.0,0.0,0.0,0.0,0.0,0.0,0.0,0.0,-0.011690647482014316
2024-11-22,0.0,0.0,0.0,0.0,0.0,0.0,0.0,0.0,0.0,0.0,0.0,0.015923566878981
2024-11-25,0.0,0.0,0.0,0.0,0.0,0.0,0.0,0.0,0.0,0.0,0.0,-0.0017913121361397
2024-11-26,0.0,0.0,0.0,0.0,0.0,0.0,0.0,0.0,0.0,0.0,0.0,-0.013907581875280406
2024-11-27,0.0,0.0,0.0,0.0,0.0,0.0,0.0,0.0,0.0,0.0,0.0,-0.012283894449499622
2024-11-28,0.0,0.0,0.0,0.0,0.0,0.0,0.0,0.0,0.0,0.0,0.0,-0.002303086135421517
2024-11-29,0.0,0.0,0.0,0.0,0.0,0.0,0.0,0.0,0.0,0.0,0.0,-0.0004616805170821747
2024-12-02,0.0,0.0,0.0,0.0,0.0,0.0,0.0,0.0,0.0,0.0,0.0,0.026789838337182514
2024-12-03,0.0,0.0,0.0,0.0,0.0,0.0,0.0,0.0,0.0,0.0,0.0,0.011695906432748426
2024-12-04,0.01007000015154591,0.00828256572579078,0.014366712403528936,0.007802463411346716,0.00828256572579078,0.0077777990814120734,0.007653990222805662,0.008155149730094458,0.012116594173007034,0.007653990222805662,0.00573352217324441,0.008003557136505135
2024-12-05,-0.00011209097200437501,4.3124775896963286e-06,-0.003488753590962679,-0.0028638451984502877,4.312477590140418e-06,0.0010605555950293777,0.002543878450893544,0.0010741918837529063,-0.0028905286308518185,0.002543878450893322,-0.00034142880447374235,0.004411116012351224
2024-12-06,-0.005602880717207603,-0.00500776283643356,-0.008225434939021836,-0.001999296812901452,-0.005007762836433671,-0.004337906195787,-0.003242586888124732,-0.003242586888124732,-0.004660721761810094,-0.003242586888124732,-0.006164021802464892,-0.0030742204655247463
2024-12-09,0.0007152634985514439,-0.001026391340724464,-0.0008514543129428676,-0.0010859086207123392,-0.001026391340724353,-0.0015350284660883284,0.000757400779289874,-0.0011604339178465928,5.2373937938998694e-05,0.000757400779289652,0.0002301786647764814,0.0008810572687223406
2024-12-10,-0.013713924092223162,-0.010407637889851773,-0.01092794588171564,-0.0066493033080511355,-0.010407637889851662,-0.0032266549675933343,-0.004761708521816788,-0.0024905969571985542,-0.010275469602708975,-0.004761708521816788,-0.010359291768865742,-0.004401408450704247
2024-12-11,-0.009072758311088558,-0.009297518775348346,-0.007120890669539914,-0.005133720250648066,-0.009297518775348568,-0.005673106804103378,-0.005809269619232449,-0.004752797412710286,-0.0032216963781228625,-0.005809269619232449,-0.004465957886425231,-0.010610079575596676
2024-12-12,0.0,0.0,0.0,0.0,0.0,0.0,0.0,0.0,0.0,0.0,0.0,0.011170688114387817
2024-12-13,0.0,0.0,0.0,0.0,0.0,0.0,0.0,0.0,0.0,0.0,0.0,0.002651347768448886
2024-12-16,0.0,0.0,0.0,0.0,0.0,0.0,0.0,0.0,0.0,0.0,0.0,0.002644336712207984
2024-12-17,0.0032491270457535304,-0.002870539266422445,-0.0007791567182754422,-0.004072551670227242,-0.002870539266422334,0.005837792971226996,0.010833233400181053,0.00800770428810993,0.003015263228136611,0.010833233400181053,0.0022544997648010767,0.003956043956043986
2024-12-18,-0.004103799084310911,0.0007471321687637644,-0.0009671730059734873,-5.666171821017141e-05,0.0007471321687637644,-0.008725049674697338,-0.009314885786570803,-0.009065335662446938,-0.003038879323202459,-0.009314885786570914,-0.005217333195308926,0.0017513134851139256
2024-12-19,-0.0025533727182547317,-0.008500166085495309,-0.003238793366919679,-0.0022955573968811427,-0.008500166085495087,-0.005848350215093667,-0.002484835390203166,-0.0038651026956760814,0.002182455675610484,-0.002484835390203277,-0.0006099866806795751,-0.011363636363636465
2024-12-20,-0.003464851293542126,-0.005381169051573265,-0.0036926982528274754,-0.004237696402265789,-0.005381169051573265,-0.005226497346651149,-0.0028480187359947173,-0.003944118874078528,-0.0011372125129912591,-0.0028480187359943843,-0.0030250895696000146,-0.010610079575596676
2024-12-23,0.0,0.0,0.0,0.0,0.0,0.0,0.0,0.0,0.0,0.0,0.0,0.02144772117962468
2024-12-24,0.0,0.0,0.0,0.0,0.0,0.0,0.0,0.0,0.0,0.0,0.0,0.0021872265966753623
2024-12-25,-0.007548137378317277,-0.0037497338249414813,-0.005526809088102658,-0.003900965572692816,-0.0037497338249414813,-0.010019141785558516,-0.010019141785558405,-0.007825610255623672,-0.0035027212533054186,-0.007825610255623783,-0.0056213770232727,0.0030554343081623525
2024-12-26,0.001173643480395059,-0.0031948018580565396,-0.004377860303080405,-0.004372349439451972,-0.0031948018580564286,0.002543225495231116,0.002543225495230894,0.00037631590678732785,-0.003827483157805678,0.0003763159067875499,-0.0004975427642582853,0.0008703220191470518
2024-12-27,0.002828149496495014,-0.0008533544790939596,0.00286945188585519,0.0014208741374199807,-0.0008533544790939596,0.00798665942633936,0.007986659426339582,0.0073307937582376415,0.00023841662595791568,0.0073307937582378635,0.0055312637980058366,0.002608695652173809
2024-12-30,-0.013531152479486774,-0.006480384940349415,-0.005245176177789301,-0.0048853973025244635,-0.006480384940349415,-0.014251132114144749,-0.01425113211414486,-0.007592899625191607,-0.006657790697015109,-0.007592899625191385,-0.008422395200041288,-0.0030355594102341454
2024-12-31,-0.0010418718993774334,-0.0012187441591521297,-0.004789750649989766,-0.002070163685144455,-0.0012187441591521297,-0.000741071626977452,-0.000741071626977341,-0.005524581879835733,-0.0017468120519171793,-0.005524581879835733,-0.006081330673410323,-0.007394519356241913
2025-01-02,-0.0034085707533211274,-0.003034784927383405,-0.002864026221918503,-0.0023041115865271022,-0.003034784927383516,-0.0022651776574913463,-0.0022651776574915683,-0.0041680362329014065,-0.0018235222922127203,-0.0041680362329014065,-0.0028177068257200233,-0.011393514460999121
2025-01-03,0.0,0.0,0.0,0.0,0.0,0.0,0.0,0.0,0.0,0.0,0.0,0.006205673758865382
2025-01-06,0.0,0.0,0.0,0.0,0.0,0.0,0.0,0.0,0.0,0.0,0.0,0.03083700440528636
2025-01-07,-0.010822920090256094,-0.003682887188065531,-0.0039022488448803294,-0.003878913499501091,-0.003682887188065309,-0.008226588615248942,-0.008226588615249053,-0.003948233075238505,-0.0028928191647890067,-0.003948233075238505,-0.003916403635101484,0.010683760683760646
2025-01-08,-0.00961041037455479,-0.006940115942981384,-0.0038553030569701274,-0.0031554882080491176,-0.006940115942981939,-0.010900236607397806,-0.010900236607397695,-0.008578764820531881,-0.00716051405680751,-0.00857876482053177,-0.008369188143492523,-0.012262156448202943
2025-01-09,-0.02798497562800506,-0.022636107018321527,-0.017661402316815233,-0.015369186491497766,-0.022636107018321416,-0.024180632230077825,-0.024180632230077936,-0.021523918197463354,-0.023055607662405775,-0.021523918197463132,-0.01952722117675676,-0.011130136986301387
2025-01-10,-0.013411455068510936,-0.0031012653628685882,-0.0059405042796228935,-0.003960086167394294,-0.003101265362868477,-0.020272910022613555,-0.020272910022613555,-0.018735897501306997,-0.00776347469596661,-0.018735897501306997,-0.01610060904220001,-0.003030303030302939
2025-01-13,-0.03959550886263907,-0.037848294182012854,-0.033903948942553885,-0.032490784899641745,-0.03784829418201274,-0.03390486673081072,-0.03390486673081061,-0.02702580372282637,-0.03888956956727907,-0.02702580372282648,-0.026863033556341342,-0.020408163265306145
2025-01-14,0.0002803725109443711,0.0013871013508521823,0.0010591767394905194,0.0010617799974519393,0.0013871013508524044,-0.0009391161046967689,-0.0009391161046971019,-0.0010049296236055438,0.001313731671044538,-0.0010049296236055438,0.0015236362651258606,0.003989361702127603
2025-01-15,0.0,0.0,0.0,0.0,0.0,0.0,0.0,0.0,0.0,0.0,0.0,-0.004415011037527616
2025-01-16,0.0,0.0,0.0,0.0,0.0,0.0,0.0,0.0,0.0,0.0,0.0,0.018181818181818077
2025-01-17,-0.005887668707925453,-0.004667169209737088,-0.007806859308642555,-0.006183667558366968,-0.004667169209737199,-0.007069801831827038,-0.00706980183182726,-0.003979283005263623,-0.005076157881748089,-0.003979283005263623,-0.005025732268229999,0.00435540069686402
2025-01-20,0.020478865451008854,0.007124097718228306,-0.0028785112465730123,-0.001974967398455374,0.007124097718228528,0.01928805905619857,0.019288059056198348,0.012212469610673127,0.007486960723273484,0.012212469610673127,0.01168831037400353,0.010841283607979202
2025-01-21,0.0014201832905194056,-0.0017604611652439761,0.004307616937575531,0.002855577999013592,-0.0017604611652440871,0.001189259413419519,0.001189259413419741,-0.0002650148948586395,-0.0012026646484166736,-0.00026501489485886154,-0.0026509706375920095,0.0012870012870014325
2025-01-22,0.012301966385092067,0.017508987062818226,0.012724074250275885,0.012894747876091905,0.01750898706281845,0.010013425548833998,0.010013425548833998,0.01478060234820644,0.018884874767714166,0.014780602348206218,0.015721544981289748,0.014567266495287168
2025-02-03,-0.038797675017476996,-0.03568317811032151,-0.024119049037140905,-0.0326182519844328,-0.035683178110321734,-0.05027614769891953,-0.04708448656031905,-0.0471578331080732,-0.04702478621154327,-0.04269498325573273,-0.035951555921821754,-0.04434121621621623
2025-02-04,0.007336138667824343,-0.0044997404039877065,0.011437815408365859,-0.001302193325318779,-0.0044997404039875954,-0.0034102998276682728,-0.005783182267874776,-0.0034102998276680507,-0.004349937719746677,0.0001312733938629851,-0.005159068425840574,0.0035351303579318483
2025-02-05,0.01113078115016819,0.006077976793618989,0.007626496179179654,0.005015179174793216,0.006077976793618767,0.002921714094940464,0.004568940078449879,0.00292171409494002,0.0044194600021001396,0.005009060116275332,0.00419859246761356,0.016732716864817254
2025-02-06,0.0,0.0,0.0,0.0,0.0,0.0,0.0,0.0,0.0,0.0,0.0,0.0038977912516240387
2025-02-07,0.0,0.0,0.0,0.0,0.0,0.0,0.0,0.0,0.0,0.0,0.0,0.00560828300258831
2025-02-10,0.0,0.0,0.0,0.0,0.0,0.0,0.0,0.0,0.0,0.0,0.0,-0.009438009438009431
2025-02-11,0.0,0.0,0.0,0.0,0.0,0.0,0.0,0.0,0.0,0.0,0.0,0.004330879168471302
2025-02-12,0.0,0.0,0.0,0.0,0.0,0.0,0.0,0.0,0.0,0.0,0.0,-0.0004312203536006587
2025-02-13,0.0,0.0,0.0,0.0,0.0,0.0,0.0,0.0,0.0,0.0,0.0,-0.00474547023295957
2025-02-14,0.0,0.0,0.0,0.0,0.0,0.0,0.0,0.0,0.0,0.0,0.0,-0.011703511053315907
2025-02-17,0.008372982390998374,0.013829164792126925,0.011361768590359755,0.010293154870389287,0.013829164792126925,-0.0003640179178252545,0.005142706119947826,-0.0003640179178251435,0.008645406070722839,0.004788445244703787,0.004612140718246671,0.01403508771929829
2025-02-18,0.0049678307940408395,0.0004414644687409375,0.00021525208506378846,0.00033166579976584565,0.00044146446874071543,0.0003108086677281463,0.005281237192935384,0.00031080866772836835,-0.005126283206358329,0.003517681335293732,0.00041789240705369934,0.004757785467128128
2025-02-19,-0.009554624210094564,-0.0023449502304774272,-0.010954237962782498,-0.0056525106130490554,-0.002344950230477316,-0.001978440069425935,5.6359037105657706e-05,-0.001978440069425935,-0.0031318286830918085,-0.004701843108410153,-0.005814999457625647,-0.0055962117950926205
2025-02-20,0.0011245328428859391,-0.008346797757741387,-0.005003230771635114,-0.004685562505956198,-0.008346797757741276,-0.0008762227673572154,-0.0005154889708826049,-0.0008762227673573264,-0.0047826152047730774,-0.0013299151766280604,-0.0015156154944078182,0.0
2025-02-21,0.009249523425460593,0.012501137076618374,0.013511408365854516,0.0069585148519537565,0.012501137076618152,0.00236626241887139,0.0012465117606290654,0.00236626241887139,0.006796218238429352,0.0014341518547711374,0.006443416447888151,0.005627705627705648
2025-02-24,-0.0038818910821304398,-0.009154399788503298,-0.005600697558473033,-0.0031997044270516417,-0.009154399788503187,-0.005306975577568318,-0.0037534483430549104,-0.005306975577568207,-0.0013437144525311195,-0.0043648773772621,-0.007996658615337049,-0.00817907877744295
2025-02-25,-0.009967813552793414,-0.010018823428773471,-0.00911499731801757,-0.00757158148004311,-0.01001882342877336,-0.001247244213937515,-0.0028876398996995345,-0.001247244213937737,-0.006811049820130366,-0.0017012308523186581,-0.007268544301088697,-0.01302083333333337
2025-02-26,-0.004330658274563359,-0.007044607310672024,-0.0051846660480732165,-0.0034922584972824078,-0.007044607310672135,-0.0019366295457153848,-0.0023424646214403877,-0.0019366295457152738,-0.0024103814650495714,-0.0023173675058255627,-0.003333908509802752,0.0021987686895339476
2025-02-27,0.0,0.0,0.0,0.0,0.0,0.0,0.0,0.0,0.0,0.0,0.0,-0.007020623080298383
2025-03-03,0.0,0.0,0.0,0.0,0.0,0.0,0.0,0.0,0.0,0.0,0.0,-0.023862129916040642
2025-03-04,0.0,0.0,0.0,0.0,0.0,0.0,0.0,0.0,0.0,0.0,0.0,-0.006790402897238534
2025-03-05,0.0,0.0,0.0,0.0,0.0,0.0,0.0,0.0,0.0,0.0,0.0,0.012762078395624377
2025-03-06,0.0,0.0,0.0,0.0,0.0,0.0,0.0,0.0,0.0,0.0,0.0,-0.007200720072007227
2025-03-07,0.0,0.0,0.0,0.0,0.0,0.0,0.0,0.0,0.0,0.0,0.0,-0.00906618313689933
2025-03-10,0.0,0.0,0.0,0.0,0.0,0.0,0.0,0.0,0.0,0.0,0.0,-0.005032021957913968
2025-03-11,0.0,0.0,0.0,0.0,0.0,0.0,0.0,0.0,0.0,0.0,0.0,-0.019770114942528783
2025-03-12,0.0,0.0,0.0,0.0,0.0,0.0,0.0,0.0,0.0,0.0,0.0,0.004221388367729784
2025-03-13,0.0,0.0,0.0,0.0,0.0,0.0,0.0,0.0,0.0,0.0,0.0,-0.006539000467071454
2025-03-14,0.0,0.0,0.0,0.0,0.0,0.0,0.0,0.0,0.0,0.0,0.0,-0.004231311706628937
2025-03-17,0.0,0.0,0.0,0.0,0.0,0.0,0.0,0.0,0.0,0.0,0.0,0.009915014164305846
2025-03-18,0.0,0.0,0.0,0.0,0.0,0.0,0.0,0.0,0.0,0.0,0.0,0.003740065451145247
2025-03-19,0.0,0.0,0.0,0.0,0.0,0.0,0.0,0.0,0.0,0.0,0.0,-0.012109920819748488
2025-03-20,0.0,0.0,0.0,0.0,0.0,0.0,0.0,0.0,0.0,0.0,0.0,0.021216407355021172
2025-03-21,0.0,0.0,0.0,0.0,0.0,0.0,0.0,0.0,0.0,0.0,0.0,-0.006925207756232732
2025-03-24,0.0,0.0,0.0,0.0,0.0,0.0,0.0,0.0,0.0,0.0,0.0,-0.003719200371919973
2025-03-25,0.0,0.0,0.0,0.0,0.0,0.0,0.0,0.0,0.0,0.0,0.0,0.013999066728884735
2025-03-26,0.0,0.0,0.0,0.0,0.0,0.0,0.0,0.0,0.0,0.0,0.0,-0.0023009664058905033
2025-03-27,0.0,0.0,0.0,0.0,0.0,0.0,0.0,0.0,0.0,0.0,0.0,-0.019833948339483487
2025-03-28,0.0,0.0,0.0,0.0,0.0,0.0,0.0,0.0,0.0,0.0,0.0,-0.010352941176470565
2025-03-31,0.0,0.0,0.0,0.0,0.0,0.0,0.0,0.0,0.0,0.0,0.0,-0.03471231573941991
2025-04-01,0.0,0.0,0.0,0.0,0.0,0.0,0.0,0.0,0.0,0.0,0.0,0.022167487684729092
2025-04-02,0.0,0.0,0.0,0.0,0.0,0.0,0.0,0.0,0.0,0.0,0.0,-0.00048192771084332175
2025-04-07,0.0,0.0,0.0,0.0,0.0,0.0,0.0,0.0,0.0,0.0,0.0,-0.09980713596914181
2025-04-08,0.0,0.0,0.0,0.0,0.0,0.0,0.0,0.0,0.0,0.0,0.0,-0.036957686127477074
2025-04-09,0.0,0.0,0.0,0.0,0.0,0.0,0.0,0.0,0.0,0.0,0.0,-0.04449388209121241
2025-04-10,0.0,0.0,0.0,0.0,0.0,0.0,0.0,0.0,0.0,0.0,0.0,0.09953434225844005
2025-04-11,0.0,0.0,0.0,0.0,0.0,0.0,0.0,0.0,0.0,0.0,0.0,0.024880889359449432
2025-04-14,0.0,0.0,0.0,0.0,0.0,0.0,0.0,0.0,0.0,0.0,0.0,-0.008780991735537147
2025-04-15,0.0,0.0,0.0,0.0,0.0,0.0,0.0,0.0,0.0,0.0,0.0,0.010943199583116181
2025-04-16,0.0,0.0,0.0,0.0,0.0,0.0,0.0,0.0,0.0,0.0,0.0,-0.019587628865979423
2025-04-17,0.0,0.0,0.0,0.0,0.0,0.0,0.0,0.0,0.0,0.0,0.0,-0.006834910620399537
2025-04-18,0.0,0.0,0.0,0.0,0.0,0.0,0.0,0.0,0.0,0.0,0.0,0.001058761249338236
2025-04-21,0.0,0.0,0.0,0.0,0.0,0.0,0.0,0.0,0.0,0.0,0.0,-0.014278159703860371
2025-04-22,0.0,0.0,0.0,0.0,0.0,0.0,0.0,0.0,0.0,0.0,0.0,-0.016630901287553623
2025-04-23,0.0,0.0,0.0,0.0,0.0,0.0,0.0,0.0,0.0,0.0,0.0,0.04364429896344779
2025-04-24,0.0,0.0,0.0,0.0,0.0,0.0,0.0,0.0,0.0,0.0,0.0,-0.005750130684788357
2025-04-25,0.0,0.0,0.0,0.0,0.0,0.0,0.0,0.0,0.0,0.0,0.0,0.025236593059936974
2025-04-28,0.0,0.0,0.0,0.0,0.0,0.0,0.0,0.0,0.0,0.0,0.0,0.006153846153846176
2025-04-29,0.0,0.0,0.0,0.0,0.0,0.0,0.0,0.0,0.0,0.0,0.0,0.006116207951070374
2025-04-30,0.0,0.0,0.0,0.0,0.0,0.0,0.0,0.0,0.0,0.0,0.0,0.0020263424518744966
2025-05-02,0.0,0.0,0.0,0.0,0.0,0.0,0.0,0.0,0.0,0.0,0.0,0.03134479271991908
2025-05-05,0.0,0.0,0.0,0.0,0.0,0.0,0.0,0.0,0.0,0.0,0.0,-0.012745098039215641
2025-05-06,0.0,0.0,0.0,0.0,0.0,0.0,0.0,0.0,0.0,0.0,0.0,-0.005461767626613656
2025-05-07,0.0,0.0,0.0,0.0,0.0,0.0,0.0,0.0,0.0,0.0,0.0,-0.0009985022466301174
2025-05-08,0.0,0.0,0.0,0.0,0.0,0.0,0.0,0.0,0.0,0.0,0.0,0.01449275362318847
2025-05-09,0.0,0.0,0.0,0.0,0.0,0.0,0.0,0.0,0.0,0.0,0.0,0.009359605911330116
2025-05-12,0.0,0.0,0.0,0.0,0.0,0.0,0.0,0.0,0.0,0.0,0.0,0.010736944851146735
2025-05-13,0.0,0.0,0.0,0.0,0.0,0.0,0.0,0.0,0.0,0.0,0.0,0.014968614196040564
2025-05-14,0.0,0.0,0.0,0.0,0.0,0.0,0.0,0.0,0.0,0.0,0.0,0.021883920076118057
2025-05-15,-0.004257953350973898,-0.004391158607238932,-0.0066878577300220066,-0.0003959255814541818,-0.0018686483530171438,0.00046516169881671843,0.00046516169881671843,0.00046516169881671843,-0.0006288292296893205,0.00046516169881671843,-0.00016360620154554084,-0.0009310986964619072
2025-05-16,0.0070592179363619945,0.00802183536591583,0.009503137215607804,0.005942648481905621,0.0034050480954148643,0.0006297229219143219,0.0006297229219143219,0.0006297229219143219,0.007623888182973326,0.0006297229219143219,0.00824736812681981,0.0009319664492080104
2025-05-19,-0.004430115934762058,-0.00487849544627883,-0.010410714236080643,-0.002447407539889035,-0.0020803148442848363,0.0,0.0,0.0,-0.0030264817150063017,0.0,-0.0030220699994369937,-0.013500931098696434
2025-05-20,0.006027348943995925,0.002551453667953618,0.0017385442704096477,0.005811664628735613,0.0010849541171182864,0.0,0.0,0.0,0.0015178345560333817,0.0,0.0015156152952329194,0.0018876828692779846
2025-05-21,0.00275285512905854,0.0017448241808595277,0.003367290430581038,-0.0032185009445125923,0.0007430381185595802,0.0002097755401722079,0.0002097755401722079,0.00020977554017198585,-0.0005051780752716173,0.00020977554017198585,-0.00029588194225727005,0.013188883655204764
2025-05-22,-0.0011396644583652193,0.0026088253708074216,0.0002659377673492891,-0.00103761990910467,0.00111208750630154,-0.000419463087248384,-0.000419463087248384,-0.00041946308724827297,0.0017690169320192517,-0.000419463087248384,0.0013488238179981682,-0.01115760111576014
2025-05-23,-0.005385860557410416,-0.001374772411363967,-0.0009063643880491412,-0.000716212250631787,-0.0005869127965802967,-0.0003783046579940441,-0.00037830465799415514,-0.0003783046579940441,0.00010948536831478783,-0.00037830465799415514,-0.00026628730840805304,-0.002350728725905027
2025-05-26,0.0,0.0,0.0,0.0,0.0,0.0,0.0,0.0,0.0,0.0,0.0,-0.0023562676720075837
2025-05-27,0.0,0.0,0.0,0.0,0.0,0.0,0.0,0.0,0.0,0.0,0.0,-0.010392064241851573
2025-05-28,0.0,0.0,0.0,0.0,0.0,0.0,0.0,0.0,0.0,0.0,0.0,0.006205250596658773
2025-05-29,0.0,0.0,0.0,0.0,0.0,0.0,0.0,0.0,0.0,0.0,0.0,0.0004743833017077925
2025-06-02,0.0,0.0,0.0,0.0,0.0,0.0,0.0,0.0,0.0,0.0,0.0,-0.020862968231389334
2025-06-03,0.0,0.0,0.0,0.0,0.0,0.0,0.0,0.0,0.0,0.0,0.0,0.006295399515738653
2025-06-04,0.0,0.0,0.0,0.0,0.0,0.0,0.0,0.0,0.0,0.0,0.0,0.02550529355149167
2025-06-05,-0.010366031876317128,-0.009988006543603656,-0.009988006543603656,-0.007693057566190209,-0.00424443128944596,1.25175271186162e-05,-0.003136561953128947,-0.0003617853490611722,-0.007236606133908308,-0.003136561953129058,-0.009356516004910609,0.0037541060534960202
2025-06-06,-0.003933968465377746,0.00015016799969669314,0.0001501679996969152,0.0009207343757602349,6.34462264668123e-05,0.003104864072276614,0.0028088757243061035,0.004028023972431516,-0.0029414785210557515,0.0028088757243061035,9.259683296125587e-05,0.0014025245441795509
2025-06-09,0.002431812485891749,0.0037102465563843,0.003710246556384078,0.0036988159616826444,0.001567721197912375,-0.0011376510138261242,0.001147283709383995,-0.0009527137318041667,0.0014100113232426992,0.0011472837093837729,0.0025639170480427076,0.00933706816059754
2025-06-10,0.02106844519209705,0.010222876521273738,0.010222876521273738,0.010669575343340343,0.004328796934365053,0.00021789054024590193,-2.5709416117125627e-05,0.003714915765997473,0.010353015694882117,-2.5709416116903583e-05,0.009658004166132717,0.023589269195189777
2025-06-11,0.011348274296486105,0.004071220699129796,0.004071220699130018,0.005234395375713463,0.0017340436589632358,-0.0007107678664922679,-0.0017461346289344704,0.0035103540987115878,0.005106559223174267,-0.0017461346289348034,0.003982886777427419,0.009489380930863156
2025-06-12,0.0034025391937864136,-0.014274936847421427,-0.014274936847421538,-0.014131637717006762,-0.006094269606920499,-0.011746041091939774,-0.010163768257616557,-0.005246972912417935,-0.0040642851553328585,-0.010163768257616446,-0.01350823626238129,-0.0026857654431512445
2025-06-13,0.0021461670671207855,-0.0016694120280990044,-0.0016694120280991154,-0.0006842546538111671,-0.0007068408012036453,-0.002528560333791896,-0.002126099951611393,-0.0017551743801380582,0.0004186395441361235,-0.002126099951611393,-0.0012688665886496642,-0.013464991023339312
2025-06-16,-0.0007713165160349034,-0.000372864264531203,-0.000372864264531092,0.0005292082199821468,-0.00015772128180080447,-0.0005336858786108012,-0.0013099018881844726,-0.0029175413900665026,-1.1753322104457453e-06,-0.0013099018881842506,-0.001515593252334746,0.0031847133757960666
2025-06-17,-0.007275958893147805,-0.0062711889408072485,-0.0062711889408073596,-0.0055183424076067356,-0.0026521370395178323,-0.0014346956889896845,-0.0019308141863865202,-0.0001231155310433829,-0.006248303832306457,-0.0019308141863866313,-0.00696314342642379,0.004081632653061273
2025-06-18,-0.006007481029076223,-0.003923682191744549,-0.0039236821917443265,-0.001024659960058627,-0.0016533359866328645,-0.003435101673661123,-0.0017428690116201295,-0.008367724145926347,-0.0031437953044017863,-0.0017428690116202405,-0.00428098591532966,0.0072267389340558985
2025-06-19,-0.007212356012367804,-0.007179533378274039,-0.00717953337827415,-0.0054618432431976505,-0.003018385861130901,-0.006175636796310058,-0.005697116091250565,-0.004065912679130479,-0.005341949064524343,-0.005697116091250565,-0.008323928607629316,-0.009417040358744355
2025-06-20,-0.00888397813537789,-0.009338498128165229,-0.009338498128165118,-0.0055953111351574325,-0.003909661404880582,-0.005971599073690492,-0.005335982309183751,-0.007207416609573025,-0.006905557355708636,-0.00533598230918364,-0.008690647848611954,-0.00045269352648258376
2025-06-23,-0.005731245358256309,-0.005006927923854598,-0.00500692792385482,-0.004340062211747209,-0.002084778929681952,-0.004662591900276958,-0.003474650985074712,-0.0055530115245864264,-0.0030207743876828896,-0.003474650985074712,-0.004827073983726504,-0.009057971014492794
2025-06-24,0.009536251074633073,0.012520046774721072,0.012520046774721072,0.003891074497526903,0.0051978175455968945,0.007645952433955827,0.00849096501520541,0.009083776576959801,0.007821749030146208,0.00849096501520541,0.012589820568962518,0.01873857404021928
2025-06-25,0.0002695642332593007,0.0037023714488038095,0.0037023714488038095,0.006556182901283014,0.0015482716481423076,0.00044957650901134016,0.0018835483839492184,0.001945339879747321,0.0024821502848022536,0.0018835483839494405,0.003327441182858326,0.013458950201884257
2025-06-26,-0.0013984117938395935,0.005950230874858686,0.005950230874858464,0.0021450151344313273,0.0024936417149841184,0.006207607307791241,0.005823017100144545,0.004816658661677575,0.0012004541116172884,0.005823017100144545,0.0055471644364393224,-0.0004426737494466204
2025-06-27,0.00037915786369646653,0.0018286331314047999,0.001828633131405022,0.0027796443080334576,0.0007689917654198908,0.0009939340269249364,0.0015912741288102161,0.0007960985976207535,-0.00032968727699767,0.0015912741288102161,-2.679641841452085e-05,0.003100088573959159
2025-06-30,-0.011216005048224731,-0.010968551775355162,-0.007972509452320198,-0.010308814583784298,-0.004659675338396951,-0.004180446829508688,-0.007723172434486614,-0.005609352972015258,-0.0037114494372636475,-0.007034673487007259,-0.013108935940969069,-0.0017660044150110688
2025-07-01,0.01367575649065711,0.011674445670552425,0.013424432957603205,0.010468583118781627,0.004941214830792129,-0.002404735210805975,-0.00014424393974676875,0.0023693328751410725,0.005105483252068055,0.0009736960410973161,0.0026003933578615523,0.00884564352056616
2025-07-02,0.0009723837257538115,0.0012617616553793898,-0.0005032795328170359,0.0028215675902796278,0.0005376193793220629,0.004338402305588351,0.001135245978886923,0.003552241209644258,-0.0005141294432855492,0.002765844677763196,0.003521177753725846,0.0017536168347216385
2025-07-03,0.014874938101157031,0.012996507123364642,0.008977604618882529,0.012771615604636022,0.005541641761442007,0.008198964119178198,0.006357663953741266,0.0024428110824119553,0.008191126126170012,0.0029039562859751733,0.006114999553805678,0.009628008752735173
2025-07-04,-0.007469902818099006,-0.007613503936257926,-0.0050413444703905075,-0.005292258042945086,-0.0032704255148406913,0.0009532584352147655,0.00039182837699347495,0.0003736540512266906,-0.004250857913238204,-0.0024770098001904994,-0.002947904779633692,-0.007368877329865575
2025-07-07,-0.010656591003442406,-0.005744466946063342,-0.003873381174120505,-0.006298307217476373,-0.002456817641283915,-0.005556756444347721,-0.0061532948345301985,-0.002554023557008067,0.0010690715985797183,-0.0017264003446542109,-0.0010151126496528162,-0.004366812227074246
2025-07-08,0.008288447290262013,0.007636476200645559,0.007348912240930039,0.00799547949227497,0.0032552361620148407,0.00011227699503124633,-0.0019580886762619043,-0.00021550641839285234,0.005723133729181207,-0.0013794213411644218,-0.0032363264942425474,-0.0061403508771930015
2025-07-09,0.019949834994759996,0.01116454020110158,0.00826383195895164,0.01208118959964155,0.00477994375159474,0.011995427815701953,0.011357819863388352,0.004628907824267836,0.004682308750056485,0.00393539909242846,0.005111838960430326,0.010150044130626812
2025-07-10,0.01546913474639644,0.013271486596460935,0.015071895882572628,0.0101552317104181,0.005718108485175399,0.005003314276889048,0.004309324885266808,0.0030459277799830264,0.011711814874974191,0.004910495054649688,0.005563791363485837,0.011358671909130535
2025-07-11,-0.006903310374026805,-0.004853765863193749,-0.006257269060476189,-0.004466528164723149,-0.002106983781636762,-0.0008474436207106528,-0.0014124016519737603,0.00204354895434955,-0.0024281406975544817,0.0003897091960212151,0.0009673050081757673,0.004319654427645814
2025-07-14,-0.013230904351493211,-0.008145712133739269,-0.008904744409502507,-0.009451666375089207,-0.0035262601450064546,-0.006627883157301895,-0.004662452102845216,-0.0008163060780717046,0.0002190640908119601,-0.0009922066179135491,-0.002134543680704759,-0.007741935483871032
2025-07-15,0.022822525058736165,0.010074359206924788,0.011308008032185013,0.010254037669213734,0.004340949556226548,0.013146283220568655,0.013458639997390609,0.0006428341090007894,0.005966404999283803,-5.7724652624102646e-05,0.002112604555161157,0.014304291287386306
2025-07-16,0.005525842216189458,-0.0002507467410050035,0.0011190288968254691,-0.001007602520080808,-0.0001086612710438084,0.005468403105421515,0.005147649457254655,0.0022532453412813513,-0.0002458987384257316,0.0025380182212035862,0.003527456544666796,0.0017094017094017033
2025-07-17,-0.007025501612483498,-0.0043815822227667445,-0.0027798743947812232,-0.003621139699394371,-0.0018984918255704475,-0.0036627096012963323,-0.0003981342938728094,-0.002065676761161872,-0.0035925056444124914,-0.0023477289857561923,-0.0023030545993159013,0.002986348122866911
2025-07-18,0.016534594704822103,0.011159048886454137,0.014003844472174176,0.01209507652768882,0.0048230654557070984,0.0007731568500719543,0.0007810001631549657,0.0015806685755395122,0.006957963780147347,0.00036536924956243055,-0.002054973895559531,0.01446193109315197
2025-07-21,-0.004384579841599012,-0.009402669174351952,-0.008445133160771001,-0.008817755950993322,-0.004089563998236345,-0.0011847600936257807,-0.0015587515373006733,-0.0017434594275190785,-0.006603006776184528,-0.0023422410939702987,-0.007422222446880511,-0.004192872117400381
2025-07-22,-0.021222187041921248,-0.013658509819809761,-0.013826777321677697,-0.012482216957384384,-0.005908891864075172,-0.0053608664507668324,-0.006500471589913515,-0.00027105200301313914,-0.009211975288020313,-0.0011869041122237745,-0.005476511107242454,-0.006736842105263152
2025-07-23,0.009754222942556678,0.005457623451118998,0.00403181095674654,0.003515904092824096,0.0023426499766185938,0.003907068373168787,0.004682661342337413,0.0009439480651507459,0.0022376703680797583,0.00264848257464001,0.004008333936609043,0.005934718100890191
2025-07-24,0.0035496577158042886,0.0020678718992528378,0.0002480153121600104,0.002254819651992479,0.0008903792462928717,-0.00012306396395056485,0.0063198339069128195,-0.0017151205261440872,0.0005046439189002605,-0.0014139280593686854,9.643678155524249e-05,0.004214075010535279
2025-07-25,0.0013949077752526406,0.0012164768677713766,-0.00017777398962748325,0.0012136906182782514,0.0005244038545697549,-0.0005110899177153128,-0.001239864644822064,0.0006031939234918404,-0.0011729782168228287,0.0011198375148853135,-0.0009834667282972998,-0.0020981955518254436
2025-07-28,0.0182892201228122,0.014322083782371653,-0.002367809150857214,0.014677575740494886,0.011462519209951116,0.012182614728125873,0.008400796992730664,0.014003629406130758,-0.002101461935947735,0.0009300894393564629,0.006427051122549043,0.003364171572750152
2025-07-29,0.005774580256383333,-0.0017451246381476881,-0.0006575494370972823,-0.0017451246381477992,-0.0017451246381476881,-0.009248021550272156,-0.006522513421280518,-0.012510950171390922,-0.004472807601452078,-0.006375144327402049,-0.004568639090859694,-0.012573344509639539
2025-07-30,0.005948562399401558,0.0031894944994224073,0.0032471440374222116,0.0031894944994224073,0.003189494499422185,0.02366894950196552,0.011843779432612944,0.036058253870811185,0.0015935710797609914,0.01385350598978552,0.0007497194157521925,0.011035653650254718
2025-07-31,0.018251674829874442,0.01933485899317855,0.018204026288771713,0.01933485899317855,0.019334858993178772,0.007242749640988366,0.006150425314595642,0.008841915805481548,-0.0018381158852233126,-0.001916867891588847,0.005136012033077453,0.012594458438287104
2025-08-01,0.01766941420506618,0.02051754858635846,0.01504204505608131,0.020517548586358236,0.020517548586358236,-0.014997686809402277,-0.008522505170466044,-0.019200840185512047,-0.0036774115014545083,-0.010655580149188215,-0.004728362742247527,-0.01036484245439473
2025-08-04,0.0069929055083677305,0.01227564742936993,0.014784143540422123,0.012275647429369707,0.012275647429369707,-0.015582164470186233,-0.004139116762663209,-0.02457911102508592,0.005091129006571826,-0.005482719193727226,0.0060528156877264205,-0.0058651026392960715
2025-08-05,0.03069495694755009,0.028404059096998946,0.018548231699051287,0.028404059096998724,0.028404059096998946,-0.0013235470493806467,0.0005443046086501813,-0.0025942702412641294,0.005602505116576673,0.0023807637107402524,0.007727360818711393,0.013485040033712536
2025-08-06,-0.0018892592957789889,0.00265628364333792,0.00016403282225851967,0.002656283643338142,0.002656283643338142,0.0006754713861514272,-0.002532365193475661,0.002269179607583993,-0.0033182687726754923,-0.0013480377161190216,-0.0028333329087441017,-0.00956340956340962
2025-08-07,0.025933361028253943,0.01812438524412019,-0.012003619411860789,0.01812438524412019,0.018124385244119967,-0.0007964213811167964,0.00023843045089133597,0.00031670404337247327,0.0007123205595616078,0.00014797039034708526,0.005272640617934643,0.032745591939546737
2025-08-08,0.015524004369143363,0.017085929492047125,0.014810624938501826,0.017085929492047125,0.01708592949204757,-0.002089079228711821,0.0005773781887226104,-0.003992170946560458,0.0010175534691543309,-0.00022227625042747778,0.003156394502846549,-0.00040650406504061376
2025-08-11,0.015311364218056456,0.009291788466966544,0.0028030375130800866,0.009291788466966544,0.009291788466966322,0.014156577420421979,0.012601887132741352,0.015913689376042095,-0.0030315487426415544,0.004507124290600517,0.0025220350579433504,0.006506710044733577
2025-08-12,-0.0071227173014338785,-0.0030865095910250773,0.0004505275739246084,-0.0030865095910251883,-0.0030865095910250773,0.009799425943907147,0.0052474816910583755,0.014966131935502336,-0.003639441538149102,0.0037146212283571955,-0.0016839438530638073,0.00121212121212122
2025-08-13,0.01885689898588816,0.01752148181760771,0.019307232526633022,0.01752148181760793,0.01752148181760793,0.004886885791472784,0.006323992182234006,0.004699656395031004,-0.0008250561703546655,0.0008432722004834137,0.00432640626431402,0.008474576271186418
2025-08-14,-0.011204765228984948,-0.00743744876463337,0.0028647923495945804,-0.007437448764633592,-0.007437448764633481,0.0007297106236294759,0.0024759191345340437,0.0007249910416933236,0.004344668897072523,0.005631787621942941,0.005072648704463445,-0.0056022408963585235
2025-08-15,0.002370642059721595,0.002534017977527503,-0.0012731745296480357,0.002534017977527503,0.002534017977527503,0.004996467333442389,0.0037822763331136766,0.006656880780171015,-0.0032019826106528537,0.0009777717880523618,-0.0044980164993456695,0.0
2025-08-18,0.02403045845925278,0.018633351652328045,0.01494090627232958,0.018633351652328045,0.018633351652328045,0.013880604583319078,0.011266465684320881,0.012239498728446874,-0.0004124666712747027,0.0017584768490999103,0.007762535501810275,0.003621730382293853
2025-08-19,-0.034994657175867694,-0.034786695942359946,-0.02243146777564531,-0.034786695942359835,-0.034786695942359835,-0.020789451972662354,-0.017521477741962665,-0.022617664456051956,-0.001852038126226585,-0.007242538862678116,-0.013046624455732125,-0.002405773857257376
2025-08-20,-0.04376396020977147,-0.03670355830730865,-0.02805143194044657,-0.03670355830730854,-0.03670355830730876,-0.012232734333658568,-0.010924170165316327,-0.01603880823760062,-0.00668244190440348,-0.009656664131508785,-0.01682557704348131,-0.029742765273311877
2025-08-21,0.01649551283655315,0.017262968382432797,0.015887140730851623,0.01726296838243302,0.01726296838243302,0.015964684287969266,0.010974445740690175,0.026473135242635504,0.005190109885612859,0.01346565042159309,0.003411123851476683,0.007456503728251684
2025-08-22,-0.00396267952186613,-0.007036779779109437,-0.006190246833457258,-0.00703677977910977,-0.007036779779109437,-0.006006151541016025,-0.00659343528938483,-0.004257218924291872,-0.0042988011640797685,-0.0032132407337740476,-0.007216173659795211,-0.00616776315789469
2025-08-25,0.02281685801939859,0.013962533335415195,0.010687189723966428,0.01440603176828259,0.013962533335414973,0.0006860189145343476,0.0007927526248618921,0.0025394695517144683,0.0017643244388723112,0.0014207786932880495,0.0015439298825594694,0.0211005378568474
2025-08-26,0.013909742554354176,0.007360706128518579,0.0047178837765238235,0.0047178837765236015,0.007360706128518801,-0.00028097166186880074,0.0014427864215242892,0.0007756533191765058,-0.0038243610039615517,0.00013274300454768628,-0.00227950910918151,-0.0004051863857374993
2025-08-27,0.0283461963528564,0.019378333428096584,0.018696083490131077,0.01869608349013041,0.01937833342809636,-0.0025980126750795307,-0.0005821324479486911,-0.0012564983418056341,0.0013532209064757161,0.0011211037240923538,0.0045396345425199325,0.007296311309282544
2025-08-28,-0.01320480941176283,-0.007550090965833922,-0.00743051550324203,-0.007430515503241586,-0.007550090965833811,-0.011131859423260226,-0.007917587295396045,-0.011375495538336833,-0.009790682843274001,-0.005334787636212868,-0.011883293735415967,-0.010865191146881226
2025-08-29,0.0038984756450313185,0.009229116303833385,0.007379046516198695,0.007379046516198473,0.009229116303833385,-0.002872904068935589,-0.0011131878497578906,-0.002078264408160835,-0.003670078777845087,-0.0010434925669857709,-0.002200955543466332,-0.0012205044751830707
2025-09-01,-0.04354216433924929,-0.028825102667799918,-0.0282486076214139,-0.028248607621413457,-0.02882510266780003,0.00019793386070232621,0.0010647027561205835,0.0011007423973126151,-0.009281202679243039,-0.001072383350821049,-0.007895344129504545,-0.009368635437881911
2025-09-02,-0.009904190490982123,0.0019040490676682786,0.003683127855674151,0.003683127855674151,0.0019040490676682786,-0.005804501632602155,-0.004583559230818213,-0.007735171522687989,-0.002277442668642715,-0.0022533966895833535,-0.000568708436103349,-0.0004111842105263275
2025-09-03,-0.003238750516604161,-0.004153038602645154,-0.004457491469219144,-0.004457491469219033,-0.004153038602645154,-0.0017197092113632184,-0.0012627950509707109,-0.002301440273070221,-0.0015702600465933303,0.000872556601115182,-0.0008439779617516185,-0.0012340600575894145
2025-09-04,0.003643140357490582,0.0025285841732805014,0.002535679864661411,0.002535679864661189,0.0025285841732807235,0.0025581969528900572,0.001652866273788245,0.0007792570815510214,0.0036862455811010886,0.002094641031226363,0.0022012592330376,0.006589785831960349
2025-09-05,0.026234622429610388,0.02876389714556038,0.028697089263481024,0.02869708926348058,0.028763897145560158,-0.0038163917861100405,-0.0033357359505582496,-0.002536559250079451,0.0019199119688682043,7.49456311999186e-05,0.004469961093045205,0.009410801963993354
2025-09-08,0.003756944500029391,0.0026283174225369965,0.002349423517547633,0.002349423517547633,0.0026283174225369965,0.0017552996830800804,0.0012965983789918756,-7.834235511205989e-05,0.001207335380373209,0.0002026634551390849,-7.366278331966125e-05,0.012160518848804314
2025-09-09,0.02254944619509014,0.020922840316799807,0.02170298276726923,0.021702982767269008,0.020922840316799807,0.006418307810925672,0.004159405231215274,0.005824177894734106,0.006547665415111981,0.007304056032444439,0.010358009875218954,0.00800961153384061
2025-09-10,0.04057204726911312,0.036342052435612615,0.03656828825939651,0.03656828825939584,0.03634205243561239,-0.00015301328256989155,0.0010080189507710724,-0.0009434149496977406,0.005003732497477653,0.002379621506809926,0.006832029883245383,0.02105681366706391
2025-09-11,0.017500404499270372,0.017969651763224403,0.018548067663433976,0.01854806766343331,0.017969651763224403,-0.009024265268901432,-0.005741966333470683,-0.008465970865999428,0.005892233167225092,0.0010255863938395393,0.008339807657327558,0.008560311284046662
2025-09-12,0.0029573088095338207,0.0007399772523650761,0.002198107188035703,0.002198107188035925,0.0007399772523650761,0.004397951227173236,0.00404519041865381,0.0020102915823223544,0.011493464744665616,0.006350633881135437,0.011155704382265874,0.008873456790123413
2025-09-15,-0.014205499949405787,-0.01227600572224119,-0.011352509201500549,-0.011352509201500105,-0.012276005722241079,-0.002161644416195041,-0.0016970223895759196,-0.0021978971487415233,-0.004446070696050297,-0.0047479977125410855,-0.006899366830537934,-0.0003824091778203975
2025-09-16,0.012762029836661082,0.008572741935934047,0.009367930559267323,0.009367930559266657,0.00857274193593427,-0.002838425696477742,-0.0019266447980048618,-0.004376608509820468,-0.001955039371667966,-0.0025037935827999513,-0.0009612977918131982,0.01377199693955622
2025-09-17,-0.01277608385710316,-0.011917547454998623,-0.012825664924435709,-0.012825664924435376,-0.011917547454998734,0.0014592449992587575,0.0004183281328473676,0.0034221552340438777,-0.00627882468569263,-0.0016555264150317495,-0.008159757283116686,-0.007547169811320753
2025-09-18,0.032470537107296416,0.0345262780254032,0.03463727566263519,0.03463727566263497,0.03452627802540298,-0.0003455759548676163,-0.00019523267579490966,-0.0007660365226094257,0.004474775132648823,0.0013460301594627744,0.009996858452951285,0.009505703422053147
2025-09-19,0.00372901680449389,-0.010493221243457085,-0.009188396178420155,-0.009188396178420155,-0.010493221243456974,0.011392519285117864,0.010940593823766553,0.010415319014330349,0.005750423592136178,0.005143347731567438,0.0019977957957064696,-0.00037664783427504567
2025-09-22,-0.00022857152998057018,-0.0045551718305741895,-0.0038795370224420367,-0.003895870339314045,-0.0045551718305743005,0.0039052496569393913,0.0030779109380079106,0.005381310479001256,0.0009228238183254245,0.004370674312262235,0.0024916691967971083,0.007535795026375247
2025-09-23,0.005003668202178124,0.007567346446948564,0.008424844226961214,0.008377090368748119,0.007567346446948786,0.001374164442795145,0.0010880574839622348,0.0013741644427949229,0.0070747105857595916,0.0010738910338548013,0.0028117608422755236,0.01944652206432318
2025-09-24,-0.009199038666451886,-0.010173943136478125,-0.004445599579833703,-0.005581911448635957,-0.010173943136478236,0.0018888228894380354,0.0027399132718941566,0.0018888228894380354,-0.0013921567791540523,0.0013511750118255783,0.0006626937353488849,0.0003668378576668907
2025-09-25,0.0010179600595889848,-0.004073362149872195,-0.01371215290417005,-0.012395464485198682,-0.004073362149872084,-0.0009953002677652867,-0.005245462722173189,-0.0009953002677650646,-0.006436021685386373,-0.0020441670209078167,-0.001089204481633188,-0.004400440044004306
2025-09-26,-0.029716850890057822,-0.024578833134289546,-0.016126218667554926,-0.021172549934813767,-0.024578833134289546,0.0010772117476725018,0.0017923536206423396,0.0010772117476725018,-0.006133393704385148,-0.0001224301012386908,-0.005231436188696814,-0.017311233885819455
2025-09-30,0.01637671459739054,0.02529773652227263,0.020940234874350816,0.027477915403759212,0.02529773652227263,0.004408305578640581,0.006976433043234476,0.004408305578640359,0.014343786309952922,0.005026090563563512,0.01471679512952151,0.010494752623688264
2025-10-01,0.01761036098150459,0.01484874477068332,0.014381386928662643,0.014802613109738738,0.01484874477068332,0.0001932337741932244,-0.0010780233303857578,0.0001932337741932244,0.006699625697879519,0.0009973353126755402,0.00040055956199069875,0.004080118694361978
2025-10-02,0.02226465199675709,0.027575250838067333,0.024492272211702915,0.028631714148365184,0.027575250838067555,-0.0007420367110915205,-0.0007424563715774379,-0.0007420367110916315,0.008443752104241531,-0.0016720412196742362,0.001384111576349989,0.02105652013298842
2025-10-03,0.021549309077353085,0.021254187099644106,0.020389364634087803,0.020029168381406004,0.021254187099643662,-0.0018699744403329888,-0.0031444706899635966,-0.0018699744403329888,0.004798990226138722,-0.0013385245092353282,-0.0025387176813389534,0.01591895803183796
2025-10-07,0.007955511785358249,0.009418850446870186,-0.0021099052135929997,0.0013433563042670738,0.009418850446870408,0.0007935285685300997,0.001362750492899245,0.0007935285685303217,-0.008546622830671868,-0.001241313678982392,-0.00013724087468969248,0.025997150997151053
2025-10-08,-0.0016705929629515781,0.005915731713807659,-0.0023118075075820865,0.005284717899767477,0.005915731713807659,0.0015019284053225945,0.002921307030891551,0.0015019284053225945,0.00048106563281313797,0.0022577738880973364,0.01201631635845879,-0.011454356126345044
2025-10-09,0.0050183226983699925,0.011027871773469311,0.005196205660539466,0.009487882707671202,0.011027871773469311,0.002849520866228694,0.005534452370872023,0.002849520866228472,-0.00025034362648812536,0.0014508216555968456,0.004382189791681146,0.010182584269662787
2025-10-13,-0.006609103647706505,-3.1520201905665957e-05,0.003762312689876701,0.00023458831621336884,-3.152020190577698e-05,-0.0028092340767742474,-0.005612446677115468,-0.0028092340767740254,0.001411353458861564,-0.0013613780115864227,-0.003752031816611656,-0.012513034410844504
2025-10-14,-0.02050856112761612,-0.014550437964969687,-0.0028056141023268255,-0.008771563815252126,-0.014550437964969465,0.005595356326425938,0.006160751509825424,0.0055953563264257156,0.004116922216315766,0.005525430870403802,0.0015932689030693226,-0.0017599436818022118
2025-10-15,0.028892242170181603,0.024601571364962327,0.021708642680426715,0.024291231376351252,0.024601571364962327,0.005994497293153156,0.007957895168729356,0.005994497293153156,0.012765664083324468,0.006096244115856075,0.00852337515306445,0.020098730606487925
2025-10-16,0.014636980054724802,0.001692483292855318,0.0004414890111075209,-0.002843988337495329,0.001692483292855096,-0.0008667285211576559,-0.0005858057528691507,-0.0008667285211575448,-0.0015791740575438196,-1.3467263668132112e-05,-0.0009106534591248883,0.018665744901486203
2025-10-17,-0.020208436659197027,-0.018927398963794806,-0.0242327338658177,-0.019936835003989684,-0.018927398963794473,-0.0028498538216925606,-0.003260272889974991,-0.0028498538216925606,-0.014733040951110166,-0.0032133307665633826,-0.0017134306865145277,-0.015269765863590079
2025-10-20,0.00907354061700949,0.008146452248875224,0.00430391520754303,0.007045891464613874,0.008146452248875002,0.0028488060388658365,0.0022823820072612744,0.0028488060388658365,0.0031680806818426,0.0014329533122212634,0.004776563123142008,0.016195727084769018
2025-10-21,0.004191879928048037,0.017051315286140234,0.004546172337695609,0.018310397093159514,0.017051315286140456,-0.0004144810637488616,0.0016801725185173755,-0.0004144810637488616,0.0021169633885196326,-0.0001484027431070123,0.013871008601694657,0.0010172939979653517
2025-10-22,0.0014172807843679802,-0.0024128530627893774,-0.0015107351860544904,-0.0033500798777376106,-0.0024128530627897105,0.0008338910333547389,0.002224229942606515,0.0008338910333547389,-0.00225704493464296,0.001813258201922796,0.0006975233316961482,-0.005081300813008172
2025-10-23,0.01266793295541313,-0.001446458444569254,-0.007109012189887354,1.5164199293593583e-05,-0.001446458444569143,-0.0043690485068255125,-0.0025149081585595923,-0.0043690485068256235,-0.0065561057794431,-0.004459310286009099,-0.0052580972923313984,-0.007831120190670782
2025-10-27,0.04953194242318282,0.037685080520040604,0.027624247593138973,0.03174651043521637,0.03768508052004038,-0.0011914666955170627,-0.00035220902140653543,-0.0011914666955170627,0.02237649493835603,-0.0011914666955170627,0.015804388475541664,0.025051475634866094
2025-10-28,0.017166425096318383,0.007832324541988678,0.001636883603381989,0.008629824693808574,0.007832324541988678,-0.016299452227699796,-0.00866670744670206,-0.016299452227699573,-0.010971332317573412,-0.016299452227699684,-0.014128925298557138,-0.006026113157013735
2025-10-29,0.022445686980328228,0.019351354495566575,0.01499968313961797,0.016781267722932203,0.019351354495566575,0.0014030316840696333,0.0015462904944874012,0.0014030316840696333,0.008937271651497047,0.0014030316840696333,0.002154472152641196,0.016840687100033724
2025-10-30,0.0028302274974101316,-0.005419081350570343,0.003953963822282747,-0.0009969508491010082,-0.005419081350570232,-0.003688049830176121,-0.0008590879028407272,-0.003688049830176232,-0.010618850437711269,-0.00368804983017601,-0.008886753420845439,-0.0003312355084463814
2025-10-31,0.006136682277586125,0.017607215610577764,0.01776888749068939,0.015037814460832521,0.017607215610577542,0.0023499589100812734,-0.004385974156717931,0.0023499589100814955,0.009210210505048,0.0023499589100812734,0.013210754382789958,0.005964214711729587
2025-11-03,0.004468388220699726,0.019158321370123854,0.020595799096073453,0.008255760370481147,0.019158321370123854,0.011139586395229495,0.006167797689152987,0.011139586395229273,0.016075418213073123,0.011139586395229273,0.019379958515500784,-0.01054018445322813
2025-11-04,-0.02212346352823147,-0.013743446777498503,-0.006725039757502715,-0.006688580241299258,-0.013743446777498614,0.00631405179977329,0.0034996024346718446,0.006314051799773512,-0.01054125669633299,0.006314051799773512,0.006823054341847046,-0.0029960053262315656
2025-11-05,-0.020610030468610097,-0.0251442284652168,-0.02405260565145506,-0.02205545763363992,-0.0251442284652168,-0.00359641380970388,-0.00015254003618070389,-0.00359641380970388,-0.00895442311749628,-0.00359641380970388,-0.019380051027016232,-0.014691151919866363
2025-11-06,0.010489980420905543,0.01687838831449273,0.01668788427591905,0.015838675479390663,0.01687838831449273,0.010600812596325282,0.002235973372968436,0.01060081259632506,0.010410176533634408,0.010600812596325282,0.012645448470330889,0.0057607590647237306
2025-11-07,-0.019797469904012988,-0.018992276208103176,-0.01794931994901594,-0.016159415953297396,-0.018992276208103176,-0.0021937377204783726,-0.006151143926546698,-0.0021937377204781505,-0.007223690023927087,-0.0021937377204782615,-0.011793036028808435,-0.014487870619946164
2025-11-10,0.01323324366994938,0.027587642299188753,0.02595113650963876,0.02542540408553773,0.027587642299188753,0.01187497346003874,-0.0007400389930410922,0.01187497346003874,0.016951394453669,0.011874973460038518,0.015059394856937747,0.011965811965811923
2025-11-11,-0.004868584825374889,-0.0008472900329665745,0.0022397137956848834,-0.0023110514811349736,-0.0008472900329667965,0.006978638488823963,0.007246415027074793,0.006978638488823963,0.006716463338648948,0.006978638488823963,0.004121799415339966,-0.0060810810810810745
2025-11-12,0.00512674519167744,0.0019211785704369433,0.0017504816364481979,0.001202417985091131,0.0019211785704369433,-0.003879264194278198,0.0035119049226384202,-0.00387926419427842,0.005231287983412436,-0.003879264194278087,-0.004056020428870433,0.006458191706322447
2025-11-13,0.0041971337050630275,0.003822906073531751,0.004356127777047192,-0.00418498172507431,0.003822906073531973,0.0005034413216793432,0.002473146629430767,0.0005034413216795652,0.00742575920668842,0.0005034413216793432,0.004413423125598115,-0.006754474839581248
2025-11-14,-0.02932464187608741,-0.023171244282263248,-0.02245263385642593,-0.018393019318784898,-0.02317124428226358,-0.0017829852071472585,-0.0020544810791919277,-0.0017829852071471475,-0.012734590978990212,-0.0017829852071472585,-0.010109272737330754,-0.019381162869772317
2025-11-17,-0.0058459667482637645,0.0018706087366555657,0.0015796383601105468,0.004879559306003367,0.0018706087366557878,0.0005222415939289959,-0.004766999757313317,0.0005222415939287739,-0.0027005412197957934,0.0005222415939289959,0.0007239525053064355,0.004160887656033507
2025-11-18,-0.03276304085535198,-0.03371956044257274,-0.03024637667602159,-0.03582962728491024,-0.03371956044257263,-0.012875538713137624,-0.007050643723209626,-0.012875538713137402,-0.010985184176605212,-0.012875538713137513,-0.020310717820509083,-0.04523480662983437
2025-11-19,-0.004781241899854849,-0.006935034027305775,-0.006814343090716046,0.00032595213864228256,-0.006935034027305664,-0.0008733973732709677,-0.004576079002270972,-0.0008733973732708566,-0.0011079597305057032,-0.0008733973732708566,-0.007917588497093342,-0.00687160940325493
2025-11-20,0.034983267184508504,0.04066080146041351,0.03679358190161586,0.032272744455212,0.04066080146041329,0.012273207500275163,0.010720707619052972,0.012273207500275163,0.030177636053151824,0.01227320750027494,0.031224844133562524,0.030954115076474942
2025-11-21,-0.052993975376426694,-0.05212733068319697,-0.05169805085691226,-0.0462881764075308,-0.05212733068319675,-0.017791838529830684,-0.013368949298208421,-0.01556084454158757,-0.037849497772773466,-0.017791838529830573,-0.03374999806924628,-0.03532320734722716
2025-11-24,0.019039326997854378,0.015899441643713708,0.020442327654630832,0.01589944164371393,0.015899441643713708,0.019292194383624173,0.013833535079267323,0.01162243351601644,0.030977857015293875,0.01929219438362395,0.019440420705220784,-0.004760161113145367
2025-11-25,0.03825931277316075,0.02915355776913242,0.031396295471502356,0.029153557769132643,0.02915355776913242,0.015358328695528112,0.020984462335805754,0.003288227384254494,0.010711078336966384,0.015358328695528112,0.019598037425061055,0.016924208977189048
2025-11-26,0.016801370469268218,0.015110230139243841,0.00827451506639254,0.015110230139243619,0.015110230139243841,0.00015974907575788677,0.0031177351232518635,0.00015361114180723057,-0.00850759510304866,0.00015974907575788677,0.002005365284352356,0.01736613603473236
2025-11-27,0.01261405497075252,0.006567938987303679,0.012639184452410523,0.006567938987304123,0.006567938987303679,0.01547989890795698,0.003829367368618053,0.018715951289181243,0.021340871745864076,0.01547989890795698,0.015628346791242365,0.007823613086771042
2025-11-28,0.005984278852189551,0.006447297798834795,0.002032910717958636,0.0064472977988345725,0.0064472977988345725,0.012515161182460988,0.006266560067546445,0.0006828897579920223,0.014437751950336253,0.012515161182460988,0.008988955369804152,0.008115737473535667
2025-12-01,-0.005396481339646209,-0.01302592739518349,-0.0005022600244097841,-0.01302592739518349,-0.013025927395183379,0.007343778208443563,0.0027198483192061307,0.014339597427664552,0.002452082274782663,0.007343778208443563,0.006717243196069367,-0.015050752537626888
2025-12-02,0.0016910772880265323,0.0024598995285911585,0.008798673654629496,0.0024598995285909364,0.0024598995285911585,0.008236149311697138,0.000986979896229423,0.012273946067647312,0.010446336136059164,0.008236149311697138,0.012785228915014102,0.004619758351101622
2025-12-03,0.009464194159743533,0.009324536972130648,0.004383849843521803,0.00932453697213087,0.00932453697213087,0.004936859014511352,-0.002325553265439595,0.006254699179450762,0.007705305623549874,0.004936859014511352,0.006257697804510576,0.0077821011673151474
2025-12-04,-0.006012099531590764,-0.0075929946812577365,-0.0018372409138676105,-0.0075929946812580695,-0.0075929946812580695,-0.008721319499087055,0.0006428775394902164,-0.005038467323934315,-0.012806716646910687,-0.008721319499086944,-0.0065700244456746715,-0.0007020007020006602
2025-12-05,0.024796367327859503,0.013469110425820885,0.02214888065770304,0.013469110425821107,0.013469110425820885,0.018350601876984785,0.018761898940831134,0.01323215133853517,0.017411569464038656,0.018350601876984785,0.020065621071456707,0.008429926238145535
2025-12-08,0.007886420817655004,0.0042444014574845035,0.006236059698446761,0.0042444014574847255,0.0042444014574847255,-0.0005138270225276687,-0.0005251314752576786,0.002539975483417889,0.0008046679447031302,-0.0005138270225274466,0.0014180665357759192,0.014977359804945856
2025-12-09,0.002114858586356849,-0.0017151068830779659,0.002104735112614442,-0.0017151068830778549,-0.0017151068830778549,-0.001151359286685194,0.0016848649552640982,0.002246777784076004,-0.0013438523691344795,-0.001151359286685305,-0.0014323748129519975,-0.0017158544955387933
2025-12-10,0.008272885824916809,0.007571864395509165,0.006026249612627987,0.007571864395509165,0.007571864395508943,0.002288538661354478,0.0038705441669311114,-0.001087932432905836,-0.0016961866691709293,0.002288538661354478,0.0036808805009984624,0.007218975592987453
2025-12-11,-0.01023241557591581,-0.008926388762037996,-0.006054286030069966,-0.008926388762037996,-0.008926388762037774,-0.0036775730254404726,-0.00045842918174598957,-0.0046270921117624875,-0.00681567753715806,-0.0036775730254402506,-0.005855108172046819,-0.012286689419795271
2025-12-12,0.005562636178163771,0.005806965767236605,0.007817233698609982,0.005806965767236827,0.005806965767236605,0.00893923662510665,0.006438446785991925,0.004444770776882212,0.010706270197242684,0.00893923662510665,0.010583816104558386,0.005528680027643507
2025-12-15,-0.026709080643622207,-0.025390188998994367,-0.02107103231698093,-0.02539018899899448,-0.025390188998994367,-0.007628399892511628,-0.00645060189000235,-0.003462953663745827,-0.010073788968867126,-0.007628399892511739,-0.010261502360391472,-0.011683848797250818
2025-12-16,-0.029260352369292586,-0.025032498883705623,-0.02044060468429232,-0.025032498883705623,-0.0250324988837054,-0.019926529099675294,-0.01519903752513807,-0.004637400634210143,-0.025610673665353523,-0.019926529099675294,-0.016609456651484944,-0.009388038942976462
2025-12-17,-0.0032746611825340555,-0.001903674822744672,0.006253150273748176,-0.001903674822745005,-0.0019036748227451161,-0.00010648069282148676,0.00167154620204224,0.008158567393245386,-0.003183680872195782,-0.00010648069282159778,0.007037840863131528,-0.002808002808002641
2025-12-18,-0.006039940549102951,-0.002515726493176218,-0.008061055506106252,-0.002515726493175996,-0.002515726493175885,-0.0031904507607253274,-0.0032187850675177154,-0.0034557765056296708,-0.005961651150342306,-0.0031904507607253274,-0.002811641539843923,-0.002815909890883539
2025-12-19,0.02974112206167323,0.026949515804823854,0.02162139017717002,0.02126148553864482,0.02694951580482363,0.013688247514476615,0.011904050777144848,0.009017979962387512,0.011473813917537434,0.013356525951939258,0.011988610512206677,0.009883515707730384
2025-12-22,0.008024082180321912,0.00802408218032169,0.008160566245808631,0.008088153762786598,0.00802408218032169,0.003418038528415268,0.003418038528415046,0.004219247920516533,0.005332196043450699,0.004219247920516311,0.0019154044943732185,0.015029709891646093
2025-12-23,0.00227612853197523,0.00227612853197523,-0.003472675953695159,0.005264534178917923,0.002276128531975008,-0.004821401351069121,-0.00482140135106901,-0.003414349490595714,-0.005309212104392391,-0.003414349490595714,-0.002113001268442938,0.005509641873278293
2025-12-24,-0.001820025154538496,-0.001820025154538385,-0.0021824895520660137,-0.0006080109755589591,-0.001820025154538496,-0.0027611197574456403,-0.0027611197574455293,-0.003223670209089091,-0.002898247503577145,-0.003223670209088869,-0.00290360280658275,0.00205479452054802
2025-12-26,0.014167518587477224,0.014167518587477224,0.007440189110011097,0.013303258773641469,0.014167518587477446,0.0033441575854069594,0.0033441575854069594,0.0010729730597944798,0.0013945335676548432,0.0010729730597942577,0.013780335062330007,0.008544087491455965
2025-12-29,0.006199717112524539,0.006199717112524539,0.004515748806693143,0.007123574592148296,0.006199717112524317,-0.0010647788258668633,-0.0010647788258666413,0.001147875120068198,0.0008489958190776026,0.001147875120068198,0.0007895454126554124,0.01118264994916962
2025-12-30,-0.002572615385370125,-0.002572615385370125,-0.0016008152668259834,-0.002835160193710995,-0.002572615385370014,-0.0052740624553441195,-0.005274062455344342,-0.004500436382021689,-0.00512644464856693,-0.004500436382021578,-0.004440873696059056,-0.00033512064343155235
2025-12-31,0.0021297609428934106,0.0021297609428931885,-0.007908983791010127,0.007364792925552921,0.0021297609428931885,-0.004878747134722694,-0.004878747134722361,-0.004668976077869091,-0.003885226572748701,-0.004668976077869091,-0.00040624859240390165,0.006369426751592355
2026-01-02,-0.004101399699722119,-0.004101399699722119,0.0027445411201370007,0.0023623620157064984,-0.004101399699722008,-0.004813620348341319,-0.00481362034834143,-0.006673363236946339,-0.009542302353414134,-0.006673363236946561,-0.00066644564434859,0.018987341772151778
2026-01-05,0.017392808807759952,0.017392808807759952,0.01817626821654983,0.016736408512536105,0.017392808807759952,0.01483518618012547,0.01483518618012547,0.017013042605071416,0.016822811989709585,0.017013042605071638,0.02590666274891129,0.037267080745341685
2026-01-06,0.025096534081175736,0.025096534081175736,0.01229536419255095,0.02792447023756206,0.02509653408117596,0.010609567903697048,0.010609567903696826,0.008884231360783978,0.005910703890400937,0.008884231360783534,0.02104996546486415,0.011660888748818099
2026-01-07,0.01913131830446413,0.019131318304463907,0.022653068033680723,0.01708598464478217,0.019131318304463907,0.004102313929830181,0.004102313929830181,0.0036497673606437075,0.01206712611413141,0.0036497673606437075,0.009133669499651775,-0.009345794392523366
2026-01-08,0.0009280501375992234,0.0009280501375996675,-0.0011793230343719596,0.001128277637221009,0.0009280501375992234,0.0082628653893142,0.008262865389314422,0.008504712661058011,0.008919698399787679,0.00850471266105779,0.0008507772972385919,0.0034591194968554007
2026-01-09,-0.015007632975315044,-0.015007632975315377,0.001884449627466367,-0.014190003700223053,-0.015007632975315044,-0.002898523467881109,-0.00289852346788122,-0.003707616294253646,-0.004906446942873788,-0.003707616294253757,-0.005627313371289633,-0.0025070510811657787
2026-01-12,0.03019074801653554,0.03019074801653554,0.02106632307953804,0.01869465544218385,0.03019074801653554,0.006691418457996923,0.006691418457996701,0.008913431395498383,0.011386939321646361,0.008913431395498383,0.01994064807995577,0.006283380458686816
2026-01-13,0.003956895740354849,0.003956895740355071,0.00932763666680958,0.0028618183035957756,0.003956895740354627,0.0021878787716633763,0.0021878787716631543,0.004494605875288604,0.0005707593916044473,0.004494605875288382,0.0024821466360496203,0.004370902279113187
2026-01-14,0.010786960269264068,0.010786960269263846,0.0009095895337603022,0.01152194026350517,0.010786960269263846,0.001507846789438494,0.001507846789438716,-0.0026413457130259888,-0.002084480963381763,-0.0026413457130258777,0.0039787786878806575,0.003730183400683762
2026-01-15,0.0162726065060812,0.0162726065060812,0.008331968260654632,0.010199422767521504,0.016272606506081422,0.009895618916309079,0.009895618916308857,0.00923152387481374,0.011783312855873085,0.009231523874813519,0.018726877055997848,-0.003096934035305088
2026-01-16,0.02074815134364205,0.02074815134364205,0.026929155613288458,0.015871453104850053,0.02074815134364183,0.02551402542368253,0.02551402542368253,0.02586429761477671,0.027214408765263265,0.025864297614776488,0.02184805779497334,0.020192606399503044
2026-01-19,0.019241226890671426,0.019241226890671648,0.01994730588553706,0.007332887527925491,0.019241226890671426,0.02535844623244743,0.025358446232447207,0.027011652747388037,0.027237459806938258,0.02701165274738715,0.029764355184254798,0.007917174177831887
2026-01-20,0.008009345892527886,0.008009345892527886,0.02771426795449483,0.011389770355716422,0.008009345892528108,-0.001987049761516535,0.012066421845827957,-0.002153211550017131,0.01241355605551675,0.004947654647377675,0.01285404577755278,0.0
2026-01-21,-0.015102540503128425,-0.015102540503128759,-0.013837135762064023,-0.016559787642696167,-0.015102540503128759,-0.008908181194394293,-0.010142804576732112,-0.008908181194394182,-0.010080819495022264,-0.01093632941065259,-0.014518768413043337,-0.008459214501510659
2026-01-22,0.01959839048701939,0.019598390487019612,0.011515055487747672,0.02051694871461085,0.01959839048701939,0.025388090479131042,0.008476751455267939,0.02538809047913082,0.029141037750423315,0.019391612828449922,0.03139812684855281,0.010664229128580116
2026-01-23,0.020321907844617293,0.020321907844617293,0.01431199278405515,0.021694822075315923,0.020321907844617293,0.003790921554623683,0.012041345082438148,0.003790921554623461,0.020200735161306493,0.009853212601171002,0.017047999302144623,0.007838408200181002
2026-01-26,-0.001113756215688877,-0.0011137562156885439,0.0057584278065783145,-0.0032980412867132936,-0.001113756215688766,0.01450002591080568,0.003596026307062905,0.014500025910805903,0.009588380062590884,-0.0022532828969742402,-0.0059262017612311535,0.0008973975471133766
2026-01-27,0.008489868418293689,0.008489868418293467,0.01908010355087897,0.010660139407485447,0.008489868418293689,0.0076005358302515535,0.007125390833347733,0.0076005358302515535,0.011767577174224275,0.007595815837926345,0.010761628791555511,0.010161386730424216
2026-01-28,0.016223370326377218,0.01622337032637744,0.013064517306525802,0.01795728718275491,0.016223370326377218,0.011523840338366398,0.006486238001468081,0.011523840338366398,0.013295397184097668,0.008667403449423183,0.017382833103348982,0.01597633136094667
2026-01-29,-0.008668436654249656,-0.008668436654249989,-0.027867253558729765,-0.01144105074632773,-0.008668436654249767,-0.019239555458128832,-0.01102793310216521,-0.01923955545812872,-0.020807222114839097,-0.013565762362810485,-0.014356450257748454,-0.005532906231799584
2026-01-30,-0.012561129243001123,-0.012561129243001012,-0.020257501049749993,-0.012028103176072391,-0.012561129243001123,0.005646299838222069,0.0008828066155079917,0.0056462998382218466,-0.01033883267244351,-0.0002687084971195741,-0.012191313547682547,-0.015812591508052587
2026-02-02,-0.008660337178946653,-0.008660337178946764,-0.015607774083767012,-0.009319104747795404,-0.008660337178946431,-0.027293304287660303,-0.015271070956622057,-0.02729330428766008,-0.026812933681442885,-0.012973405559731588,-0.011217245193713143,-0.016066646831300324
2026-02-03,0.044277682200277946,0.04427768220027817,0.0334950178547877,0.04612925863241424,0.044277682200277946,0.026741299328064017,0.025327192470820714,0.026741299328063795,0.03188854767592475,0.02766582160248232,0.05126286960008031,0.020864832174176007
2026-02-04,0.003413338670117172,0.003413338670117394,0.00045009156939901374,0.002190036280096619,0.003413338670117172,0.014950404750826651,0.0011078005874984864,0.014950404750826873,0.004215800502223477,0.0044050826842791935,0.0052932790065531865,0.0002962085308055862
2026-02-05,-0.044341345364659945,-0.044341345364659945,-0.04483636833767912,-0.04666163514772892,-0.044341345364659945,-0.025860626026843025,-0.027589868516873173,-0.025860626026843136,-0.04152675248992854,-0.03428968572051705,-0.05072210057801663,-0.013621557595498879
2026-02-06,0.0003885411254906934,0.0003885411254904714,0.005917838953692467,0.0016555919922052187,0.0003885411254904714,-0.0073312416762038035,-0.009163719266366832,-0.0073312416762036925,-0.005808395732781135,-0.003139322764575514,-0.00012025767799550557,-0.0003002101471030194
2026-02-09,0.04365168295621635,0.04365168295621635,0.04700462536963346,0.04506017319246336,0.043651682956216575,0.03520236106761643,0.024747590165558053,0.035202361067616206,0.03583006834087321,0.0353655103174082,0.04934562402797882,0.028528528528528607
2026-02-10,0.021294923541420596,0.021294923541420374,0.02512201382744017,0.026183878480350753,0.021294923541420152,0.011225590950387998,0.006934763279549783,0.011225590950387998,0.009242816683970645,0.016576282350122984,0.02465523680936821,0.020729927007299365
2026-02-11,0.017508348574214683,0.017508348574215127,0.02119279496862947,0.01852751146422893,0.017508348574215127,0.017846386781404266,0.010360081439425128,0.017846386781404266,0.023356317859139386,0.014829858709540567,0.01762671252189607,0.022025171624713957
2026-02-23,0.017821638997000733,0.017821638997000733,0.02293911202479415,0.013079655443870353,0.017821638997000955,0.031162839261583697,0.044788243558570695,0.031162839261583697,0.033265931592949105,0.022222584404551382,0.017394819741217704,0.0022390148334732185
2026-02-24,0.05327018028962449,0.05327018028962427,0.062135023069323836,0.05731578108330471,0.05327018028962427,0.03408751095810181,0.042513794313058906,0.034087510958101586,0.06343360560182232,0.03869944010012527,0.058975075767673246,0.02764590896397645
2026-02-25,0.03219249426913051,0.03219249426913029,0.02250063781894851,0.035484894647008325,0.03219249426913051,0.019694656732013538,0.014635057363937332,0.019694656732013538,0.03521614532647055,0.01493193100580914,0.03136431235672377,0.020380434782608647
2026-02-26,0.022195498305952466,0.01930337925204295,0.019116163097551375,0.024620877110491435,0.019303379252043174,-0.002029321757084812,0.026319018840168518,0.0003707972860833575,0.011519820979254858,0.007943112291335375,0.014755932623074175,0.0013315579227697327
2026-03-02,-0.01976303735419882,-0.005733820215207963,-0.006528193679308125,-0.002314032231960139,-0.005733820215208074,-0.011749912199743195,-0.022058814547241568,-0.014684718754467307,-0.006272713421382248,-0.016650686534104064,-0.007275314909451103,-0.008776595744680926
2026-03-03,-0.040860126016767695,-0.0460594619591046,-0.03345924833584246,-0.032204638395740615,-0.046059461959104375,-0.021412309950438968,-0.023206033338810772,-0.02546279094712811,-0.038900468503849206,-0.01951841525392961,-0.03388653310287759,-0.02119667292728733
2026-03-04,-0.06654729628999134,-0.06497533207252149,-0.059850421403367715,-0.064552882653376,-0.06497533207252182,-0.055720413337306374,-0.062357996703105045,-0.050790699105065173,-0.06406970319521221,-0.0512203665989448,-0.061375856698193676,-0.04029605263157887
2026-03-05,0.0435539240581615,0.049302312175766305,0.043766460749619096,0.05282794628718368,0.049302312175766305,0.031592372925225654,0.03248530775430081,0.025096306291896964,0.048828901350603804,0.02276624948683237,0.045368565605177436,0.024564410168523176
2026-03-06,-0.008432848597934473,-0.012965618349590757,-0.015617009563323792,-0.005113081921015894,-0.012965618349590646,0.011033031859760456,0.0022561592339365166,0.0067721310681712055,-0.01658403239581041,0.006137445723570556,-0.012918301939868648,-0.006412043490381936
2026-03-09,-0.06816783937948478,-0.07479054424521947,-0.06393129837685196,-0.08035802221068944,-0.07479054424521958,-0.04709408918703206,-0.05017802412206873,-0.04440255192045983,-0.07171958995370342,-0.0419684116025123,-0.06589759012275809,-0.043490460157126876
2026-03-10,0.037054372604694796,0.04986068304380353,0.044893724449984074,0.04802570528729566,0.04986068304380331,0.017305720620997445,0.019958753472320456,0.01365124884286395,0.05220932121179822,0.014016166575194555,0.04399536600492504,0.020827222059254913
2026-03-11,0.05357529699869912,0.06441367663900355,0.052839560832716126,0.06673018733161973,0.06441367663900377,0.03438260362751144,0.034166006898160406,0.03375040385556649,0.05501002108565056,0.030065892377215908,0.05209437939743644,0.04137931034482745
2026-03-12,-0.014860022814767948,-0.01999506698661524,-0.012143249536056833,-0.010825788629253652,-0.019995066986615462,0.00018427711521429302,-0.003639109687946007,-0.004817824106166491,-0.005691300276392086,-4.310688256692341e-05,-0.010782592177620454,-0.018487858719646755
2026-03-13,0.01077170910999703,0.019740438069117516,0.022430704608119578,0.011514983817905389,0.01974043806911774,-0.0015633827332143246,0.008984147232449669,0.003958201556515162,0.024741340479876195,0.006629556229837741,0.018908671426748347,-0.008996345234748349
2026-03-16,0.01640158032574668,0.007759141051882024,0.005950976078623382,0.0025189653405761625,0.007759141051882246,0.015610339940482332,0.017464523241606633,0.020489784511802833,0.006415527681102651,0.018533415733598346,0.014002600327120751,-0.004255319148936176
2026-03-17,0.004541764844174789,0.0073338937721187936,0.006302746900475942,0.011117359095243584,0.0073338937721185715,-0.0005004202800722446,-0.003518469381552203,-0.005896449076121302,0.008511201002082691,-0.004941357473747243,0.005548499672625606,0.012820512820512775
2026-03-18,0.03179325688628376,0.041780592095386426,0.027157170331263636,0.04611500867373142,0.041780592095386426,0.028584820645387365,0.01883383917675019,0.016702181415463757,0.026362467395800948,0.01341935070107736,0.025611500375697593,0.015471167369901506
2026-03-19,-0.01323755678068883,-0.007236102816831402,-0.008319578788343884,0.009123163708288251,-0.00723610281683118,-0.004993054701539323,-0.008467622305534994,-0.008868334052799853,-0.014245168096433058,-0.00495559108975252,-0.010110676729216728,-0.02160664819944602
2026-03-20,-0.015079554560968766,-0.01572628862804748,-0.013866550810783584,-0.010880350121668547,-0.01572628862804748,-0.01609599618847324,-0.018294491515367883,-0.02005870776156682,-0.013222754420469496,-0.017064184152938644,-0.015916586494260865,-0.0022650056625141968
2026-03-23,-0.04678760728869735,-0.04438542327593065,-0.046286635565560896,-0.042327240730781535,-0.04438542327593087,-0.04108407875636377,-0.04713817040686419,-0.04046233155467538,-0.051013764846965626,-0.041606223221120064,-0.04366999802844096,-0.022417707150964694
2026-03-24,-0.018932628140343355,-0.020454270225128912,-0.012265522706418341,-0.025715026421616494,-0.0204542702251288,-0.012355374388933416,-0.007510696273333339,-0.010308952920836001,-0.01569144899533037,-0.008402461389460103,-0.012278247864283443,0.002902757619738683
2026-03-25,0.046000881766117274,0.058613945862076466,0.0591452115164095,0.06384806157225764,0.058613945862076244,0.04232477366296772,0.03797024700620799,0.03464525244588379,0.057933439322227276,0.030381489712106413,0.06108156245840557,0.021997105643994264
2026-03-26,-0.005054757874654148,-0.0009920445117570509,-0.005657118701356878,0.015394628686060896,-0.0009920445117569399,-0.0020431920048773478,-0.00039200209261291974,-0.003017735648988884,-0.008178817812132366,-0.0027731849549053056,-0.004804874045161056,-0.0022656471254602906
2026-03-27,-0.010481109667131117,-0.01401802741143976,-0.009640709062606612,-0.0178994944576103,-0.01928794945513934,-0.009631158172675791,-0.01156783874169498,-0.008343427705672646,-0.01373013983329574,-0.006424578591686547,-0.014564584037311756,-0.00965086573942675
2026-03-30,0.004353690888966311,0.002839028160500634,-0.0106582163623139,-0.002504243842827991,0.002168706832421874,-0.014540110317300403,-0.011969265778925209,-0.008761303505573581,-0.019391867524550355,-0.013512378138494707,-0.016606966299513637,-0.017770134709085617
2026-03-31,-0.06318209924176765,-0.07251328931826073,-0.0640461261673475,-0.07161742752247502,-0.055429267956045525,-0.04880437765660295,-0.04727717421812039,-0.04610004052411998,-0.06091300050751847,-0.050473676749338225,-0.059847132840089134,-0.018967026553837196
2026-04-01,0.06047519083359587,0.07317198980272854,0.06989126984204286,0.07541122449565885,0.05492114884828725,0.056424379854778994,0.05023911039648188,0.05094379446948971,0.06692871743770201,0.055426153739371875,0.06302026945731787,0.042831647828673436
2026-04-02,-0.006673491796202913,-0.011932419769553948,-0.007802671763190716,-0.009962065857937352,-0.00911113750210879,-0.01724910714582828,-0.019182163054209056,-0.015981063895816328,-0.010577351536119273,-0.01761315737773339,-0.011217847014278748,-0.02110667427267554
2026-04-07,0.021996446800370828,0.023962414639715268,0.018310370685784783,0.019098670923442418,0.018244684579138637,0.012970339055592195,0.009881941393387716,0.017931379400546232,0.028275380255659455,0.00986358679845023,0.024145244759220086,0.018648018648018683
2026-04-08,0.06812444326642453,0.07525308659042729,0.07012397024823569,0.07060719268823856,0.057618501934146416,0.0587903978482156,0.057537337080096895,0.04161950539012382,0.0698060365995985,0.05927075775349877,0.06517043524583066,0.05034324942791746
2026-04-09,0.011339989405143136,0.009887404812335632,0.00963775358455532,0.018295585528595337,0.00769664788655855,0.0024542895958703514,0.006321657659911217,-0.002964890078276272,0.013381115642945307,0.006051657197767568,0.013804634766458435,0.0019063180827887383
2026-04-10,0.002404779876504337,0.012342711288262143,0.0175875917319519,0.005955616402428143,0.009628818828667285,0.0169906041400274,0.018865910984071643,0.015091223453022273,0.017328096345625266,0.018312330791552478,0.018358148868374613,0.018211470508290528
2026-04-13,0.015151696120005775,0.013919422717343144,0.00600539329106109,0.01867200408365499,0.010888034561226112,-0.004628959517147813,-0.0030963304692538385,0.00333568623232261,0.00440734521752284,-0.005025056588664034,0.005012844845764031,-0.0018686599038976182
2026-04-14,0.003680244335762195,0.008311385711031738,0.004882752910707833,0.01980791853537278,0.0065208181731666315,0.013127365674615366,0.013584664214929099,0.009238476212387603,0.012638762218903699,0.01503481339449575,0.013867964230696028,0.02728002139609531
2026-04-15,0.02725185740186653,0.03207658055025164,0.03418318008617138,0.03024844905492996,0.02521091612462456,0.023357520817462563,0.024028075896633805,0.01941504986972853,0.02654824078075868,0.024695451368108134,0.027277310948392808,0.015620932048945546
2026-04-16,0.02224193457480972,0.02592419494127096,0.02507442310281771,0.03318541612027115,0.020511836331621458,0.019932526215339585,0.01865277602562143,0.017325947010597087,0.03635201128222176,0.02023814261535284,0.03438469246851139,0.008972058446552245
2026-04-17,0.004497604761279472,0.0065735000494349105,0.007840184675228068,0.0031854122314722844,0.00522869320761199,0.012491209160918615,0.013135060272493337,0.013432146449946947,0.008275299182018303,0.010096654850220821,0.009389649679016898,-0.009908536585365946
2026-04-20,0.005564843290231103,0.0013677398686795517,0.003975778319620815,0.010452684216014418,0.001089383046799508,-0.009349747106991324,-0.00935554408367223,-0.014271409978601435,0.011064401703774429,-0.009569829103993954,0.01191754805434364,0.005901975878881194
2026-04-21,0.023920458089621954,0.034847322275318726,0.030354475605812725,0.03274167950497486,0.027763055306189832,0.025723316860105205,0.025948039511702214,0.020972223622127473,0.0338726288877651,0.024542965056415733,0.034578990842820234,0.01811224489795915
2026-04-22,0.006908356718182684,0.007274312482511425,0.006069321228809432,0.0048425729098173775,0.005835432872950186,0.010997823296316378,0.009985562244078316,0.004708343895129197,0.006037524175379838,0.009987796328693843,0.00557013952613894,0.002004510147832539
2026-04-23,-0.012194686893091222,-0.018927754148318487,-0.014719485303335555,-0.007316960658224736,-0.015205511671358085,-0.02662519059909796,-0.02505202449756272,-0.02998365486572241,-0.0070048970298737245,-0.026165168962024477,-0.004075046888402545,0.0007501875468867159
2026-04-24,0.04100343714997923,0.0435146643016362,0.044348699122487956,0.0411656311899431,0.0348251479914512,0.028212126425488204,0.02779328076254184,0.015145340354748793,0.03868919733603504,0.028968567747716722,0.038288594087187544,0.04422788605697159
2026-04-27,0.0042421383731010565,0.006152243347743891,0.0031700055082060086,0.006520919254048296,0.004965036217268182,-0.006022298417884486,-0.005621657621019849,-0.0003462580812574334,0.0017318533394026225,-0.0062861008311385635,0.0007800863498923505,0.031107920555156765
2026-04-28,0.012198513751305873,0.013350734997002567,0.019942835046162122,0.021839196055851495,0.010750774700515331,0.02217939864231666,0.017658951013875157,0.023497620702122246,0.026198346614080048,0.029001613489772815,0.024844914283955077,-0.010675330703179275
2026-04-29,-0.0027573621876481047,-0.0038521502093220583,-0.008669375449282257,-0.004054074869343949,-0.0025063525416559873,-0.008319106878548088,-0.009092640148080422,-0.0083191068785482,-0.016592292838060407,-0.01275685962464801,-0.009930041833117964,-0.012667135819845243
2026-04-30,0.009372541511922794,0.007501838655268767,0.014410263294258874,0.014301523950849049,0.004874390600791756,0.023401956273978453,0.01594834561950198,0.023401956273978453,0.015015345893777399,0.019495642577050498,0.019503667636052047,-0.003326205749584199
2026-05-04,0.0450847793432434,0.04012898466489179,0.056640403383874105,0.04493568062894138,0.026142363485233133,0.04496768671459139,0.05067939445697833,0.04496768671459095,0.06021218712271059,0.06322585749142684,0.060799624672335684,0.045053635280095206
2026-05-05,-0.010663725804318624,-0.007388111473869863,-0.004896266814700345,-0.0015459161462361148,-0.004878650402102003,0.004084390408320315,-0.0001785086756800336,0.004084390408320315,0.005987623594354563,0.014155403994979165,-0.007051227431873586,0.0018248175182482562
2026-05-06,-0.007816920539960637,-0.014736222831930323,-0.008702412749911015,-0.010861553585229333,-0.009706348209790105,0.0209337475617144,0.008622805228797992,0.0209337475617144,0.0009068040925335197,0.03415963667947075,0.0029052621263552236,0.010928961748633892
2026-05-07,0.029327259833817898,0.015320711308258517,0.03382475471152069,0.026406624804746093,0.010040079179394423,0.04470866698870535,0.04130747781927524,0.044708666988704904,0.028119253098642272,0.047656179807946675,0.041632876897278015,0.021621621621621623
2026-05-08,-0.016532001878645675,-0.03363549832970825,-0.03566998257727616,-0.03825954440925461,-0.022157497713127805,-0.036688616175146405,-0.0350795657087849,-0.03668861617514596,-0.02603003588627595,-0.027724193806729858,-0.04365829414768296,-0.011022927689594342
2026-05-11,0.029709104029515432,0.03206397083565893,0.04199964406249235,0.0495856257401972,0.02087431388981198,0.05182907355711319,0.05212201885263945,0.05182907355711297,0.05701186312392048,0.05800914905523191,0.047233597452668086,0.0006687472135531447
2026-05-12,-0.003185497275927096,-0.003715697823987063,-0.009231533556031235,-0.009140512280435997,-0.0024455110723016205,0.011513498558741286,0.0013684377127394232,0.011513498558741286,-0.014868075286681437,0.0052364687151253975,0.009785777725858091,0.0004455335263979787
2026-05-13,-0.010574769066402423,-0.008710616169638086,-0.00904715204091966,-0.013453484415595351,-0.005725649814415146,-0.03526353010562877,-0.028761468717848904,-0.03526353010562866,-0.020257475984782003,-0.04144772054799761,-0.02059453932660793,-0.014918726341572097
2026-05-14,0.010242379156053971,0.010712536972996123,0.0036533443795054854,0.00019011915182054473,0.0070204097178829805,0.016008182341173516,0.0014056973614011703,0.016008182341173516,-0.008203018874195833,0.012482551737536207,0.019171486046179353,0.005877034358046984
2026-05-15,-0.028836009319576084,-0.02708510638513728,-0.034058905829304376,-0.03275750910113362,-0.017815173272446527,-0.027267432477644626,-0.0317779468816477,-0.027267432477644626,-0.04129575886053449,-0.030088572007682557,-0.02796643844929103,-0.009438202247190941
2026-05-18,-0.018934823917245103,-0.01895675317833012,-0.02104489849329305,-0.02032725314657724,-0.012351084459349626,-0.005054765698759733,-0.01574659912080345,-0.005054765698759733,-0.012295278315392344,0.001372575247896357,-0.017292743971281777,-0.00453720508166966
2026-05-19,-0.01895542379372428,-0.02851111656209404,-0.03143245631795666,-0.03443301637956464,-0.01845189280899373,-0.01753757017365576,-0.031067663485320862,-0.01753757017365576,-0.04210471103239555,-0.027519386705193827,-0.027445600437008166,-0.017092069279854183
2026-05-20,-0.0014774750590053065,-0.004962056752266908,0.0018839136469730455,0.0007506769459397766,-0.003178444774871836,-0.007907317990458518,0.0009862352978502464,-0.00790731799045874,0.005287583195000334,-0.0041117611261677345,-0.007391879311416161,-0.007187572455367497
2026-05-21,0.03943168111799156,0.05565663260249454,0.057629031579585765,0.06656140246433484,0.035587058377773984,0.05258829526110742,0.050905126549576796,0.0525882952611072,0.0732036669784828,0.0646281659573873,0.06901202210900248,0.03479682391405903
2026-05-22,0.030411086912886853,0.02849057830427415,0.031245745690003268,0.028478878867061574,0.01857002528211993,0.012437669577055388,0.02861533056471144,0.012437669577055388,0.04433346722490983,0.025362993127855393,0.025411359436643632,0.01579778830963674
2026-05-25,0.04099222230211663,0.0368295287034166,0.041816488350611136,0.0377300176966453,0.02423911827214753,0.049630484974171774,0.047784594884926035,0.04963048497417155,0.052517761946853536,0.06514976786602311,0.054052804877780414,0.03599200177738271
2026-05-26,0.026921932163416207,0.027852038887743236,0.02378438763120183,0.028237408396198482,0.018555969414977946,0.030104460250620413,0.022079820241794224,0.03010446025062019,0.026952704333679245,0.02899063539724467,0.02768526129724691,-0.0025734505683036035
2026-05-27,0.02076109497484513,0.02710187802983688,0.03635167336258793,0.025977849225149452,0.018161352327024316,0.028464259592013708,0.02678463688239696,0.025289789025147336,0.020344026749808286,0.03367410979306795,0.03755048918428128,0.021715760051601807
2026-05-28,-0.040456426232685416,-0.03883491160863417,-0.03455025758433705,-0.03883491160863395,-0.025131837293525194,-0.03518477863415359,-0.02926798198927516,-0.03440128541953058,-0.03175681449292189,-0.035184778634153036,-0.036896225893098156,-0.018728956228956206
2026-05-29,0.005802931788422283,0.0014010278714493563,-0.00021119071222452934,0.0014010278714493563,0.0008939244045984562,0.015046793746809062,0.0027700826875998175,0.01367991891607212,0.017003248142162475,0.015046793746808618,0.0009289954401368039,0.03474158267209959
2026-06-01,0.023298163104745973,0.01571827071411147,0.01143061723068417,0.01571827071411147,0.010034107811454973,0.028771909895526582,0.01787434094988516,0.02503206225680432,0.023016494347736227,0.028771909895526138,0.011798594239814886,0.010984455958549244
2026-06-02,-0.028787661502752693,-0.030776711185402816,-0.03081501297657885,-0.03077671118540304,-0.019757565602231963,0.005246464038439536,-0.015602324370611154,0.003782294218028115,-0.012699669812896719,0.005246464038439536,-0.02682835378072268,0.0026650266502665776
2026-06-03,0.029421509446562855,0.0360643449507112,0.018265808801952943,0.036064344950711424,0.022891782653206016,0.044135989730422764,0.03601972483279359,0.04064273607568958,0.034929165145009655,0.04413598973042232,0.03195196925097665,0.01737885912901249
2026-06-04,-0.012253743182256027,-0.019543352780081458,-0.018166444293882145,-0.019543352780081458,-0.012564860623826557,-0.006441503434252982,-0.014087000470444977,-0.010266787990196535,-0.010289608343834078,-0.006441503434252871,-0.007845788931227338,-0.01145498392282962
2026-06-05,-0.029852265405084788,-0.026843636191069553,-0.01585520838992771,-0.026843636191069664,-0.017136406876149923,-0.03550781744490139,-0.031046473248015016,-0.044240580774353,-0.03650272432180923,-0.03550781744490106,-0.03650874587053432,-0.01992274852612308
2026-06-08,-0.029139241247418513,-0.03056361085004533,-0.03909186992734093,-0.03056361085004522,-0.01931845813092281,-0.05474908832751324,-0.03723459552633657,-0.04854522567240116,-0.05817893014703812,-0.05474908832751291,-0.03816513618731199,-0.02986932171748602
2026-06-09,0.031522648309238566,0.03310070766577766,0.041016771101385796,0.03310070766577766,0.020682183863875325,0.057884325226604805,0.039986380804870825,0.044584786277187094,0.03480446252098246,0.05788432522660436,0.039671451140311564,0.02437459910198858
2026-06-10,-0.0606201915056257,-0.06117648431051825,-0.060928628013979136,-0.061176484310518475,-0.038689735093051736,-0.04025448413845867,-0.035457410998223415,-0.035262510670027614,-0.04349734891542001,-0.04025448413845867,-0.05887315719614239,-0.03130870381966189
2026-06-11,-0.01578572864762917,-0.014433924394787412,-0.006559428085422203,-0.0144339243947873,-0.008914891183148477,-0.0024587306842137613,-0.005682196411008977,-0.0034770570485893604,0.002328689207000245,-0.0024587306842136503,-0.011263848426020462,-0.004524886877828149
2026-06-12,0.02754058489521727,0.03557013846267654,0.04037600267562369,0.03557013846267654,0.02184700818381935,0.018467928787391008,0.023831064547763514,0.01897996581138872,0.033641858060341034,0.018467928787390786,0.035870521347018736,0.02207792207792214
2026-06-15,0.022855293124565357,0.01960861000481362,0.026956284180306156,0.019608610004813398,0.012205255228057377,0.02859942991200759,0.0196765456313579,0.023904463603330983,0.029056121705564708,0.028599429912007368,0.012282791934955961,0.03388394747988133
2026-06-16,0.010916295500155826,0.012737940466031494,0.013904370380450226,0.012737940466031716,0.007986641265792072,0.024572981961733964,0.02410724810405096,0.016957487498669988,0.01860057393958492,0.02457298196173352,0.008970283882039354,0.005120852109790963
2026-06-17,-0.010436826247583242,-0.012094398079451785,-0.012541084710927408,-0.012094398079451563,-0.007618886886835097,0.025021338363135248,-0.0007935692892396817,0.02000624229404191,0.022088069831562196,0.025021338363135026,-0.007273238114251179,0.0038720195638883848
2026-06-18,-0.0005030590380430411,0.0018401383500248336,0.005388578105590902,0.0018401383500248336,0.001153970485469502,0.017176890989812454,0.00859543372363647,0.015001058315245785,0.02387094571912418,0.017176890989812454,0.004964595400177352,0.01136825010150222
2026-06-22,0.017446228756801352,0.028944262194750214,0.04105881654608101,0.028944262194750436,0.018163697556430325,0.03458396421438881,0.029563655263850963,0.03983575871897038,0.054509628315893455,0.03458396421438881,0.03247123505032867,0.0335206744279406
2026-06-23,-0.018721480451921013,-0.017904330952276948,-0.008362763367979142,-0.01790433095227717,-0.011354659535248501,-0.024121194164519633,-0.016953133515543284,-0.025824792465852897,-0.021119579241786424,-0.024121194164519744,-0.01735248770432385,-0.012041173043309317
2026-06-24,-0.024554271393639526,-0.02249431665324364,-0.018928609698554144,-0.02249431665324353,-0.01417105214383163,-0.018405349406256155,-0.029839605862585605,-0.014194664511709587,-0.006324872844252982,-0.018405349406255933,-0.03167009300092216,-0.025162178101041932
2026-06-25,0.0231292967695107,0.012396166339450732,0.022469123225981047,0.005743380884832616,0.007673702117434011,0.004367878774685918,0.004943895251443564,0.0020272120610160815,0.020031506911420527,0.005267872046957889,-0.0027819664442676473,0.000604960677555999
2026-06-26,-0.06322924813063946,-0.05909388071165522,-0.05327313446047921,-0.06172458301054973,-0.03740412802353388,-0.04364636707546421,-0.042708648808429284,-0.037175473530119296,-0.05029765484518034,-0.044134983320720966,-0.04850944491560205,-0.03788794840790011
2026-06-29,0.005605581315837327,0.020537282846181393,-0.012571367584456206,0.009274287474536624,0.012706393658676207,0.01804569779367715,0.009227016911112607,0.02195270013963113,0.0218356991963653,0.01803200377933689,0.019145538403026796,0.0169669040636784
2026-06-30,0.05280929003221524,0.05031951459499706,0.04054873072946341,0.062336058393876126,0.0313733639905045,0.026366732138959792,0.029618386182385548,0.03224037110318245,0.026607332280297324,0.02765154695162697,0.04821087032379201,0.03069001029866114
2026-07-01,-0.0014020854903051827,0.006294930537479315,0.017097251388305645,0.027814226791417207,0.003996880011169379,0.0007626588458817807,0.012019786788312947,0.002041571588812019,0.020337365950885644,3.5783926466637084e-05,0.013745524486139082,0.013788968824940184
2026-07-02,-0.01722060499769651,-0.010904490708728454,0.002298091323312379,-2.3724445345374434e-05,-0.006939504742395242,0.0022224610132404177,0.005804758169472013,0.006924457636714898,0.0004044848331750117,0.0009503165661075563,0.013298810251211934,-0.0053222945002956434
2026-07-03,-0.015617145391065512,-0.003013770717384845,-0.009401048284211622,-0.0007481007299232623,-0.001910274697896841,0.004574847465518728,0.007218500252580418,0.004460617197175498,-1.7561360138751425e-05,0.005842965776986286,-0.009710629548354777,-0.0037653586999604194
2026-07-06,-0.013107624493483017,-0.01541842847819952,-0.02257900400112045,-0.03058297222488049,-0.009762146032033292,-0.007027288796504494,-0.012075629414886824,-0.007755996568185264,-0.00375758602043319,-0.005577569950257599,-0.003041091398718665,0.0
2026-07-07,-0.0555745176895166,-0.05498874094814343,-0.040975480978177825,-0.06535662931385622,-0.03461713677718581,-0.03297951617848549,-0.025816002910553304,-0.03957525934232009,-0.029061884459889553,-0.03506332974104831,-0.04247621974374438,-0.01929580266560571
2026-07-08,0.0037478964422428263,-0.0032941452022154927,0.022458411662970246,-0.01293273596763167,-0.002030006853271371,0.023713260079339715,0.025054895322660586,0.021079197989683163,0.035786544325774106,0.025764595595303197,0.016974154413538,-0.0014198782961459822
2026-07-09,0.014595654072512732,0.010677663078376698,-0.004231317384993494,0.006708565388476195,0.006571741996467706,-0.0013656421679071329,-0.0185730700325758,4.175509684190004e-05,-0.011111849919350991,-0.00392392562277577,0.003860991866875274,-0.001828153564899515
2026-07-13,-0.012114723610542888,-0.009423306273753984,0.023684719118244324,-0.010004683598234254,-0.005823385381807267,0.007237592029292417,0.005478002363638268,0.0003216813697237697,-0.002805138279590169,0.000991612864593261,0.004098501277660205,0.004273504273504258
2026-07-14,-0.031986407929261884,-0.02858295868144145,-0.013606580524121226,-0.03401036262318324,-0.01759964748672782,-0.008635117787178292,-0.012444919193692727,-0.010245518672303278,-0.0037317931089865253,-0.01144184840602247,-0.01891585067107482,-0.016008105369807457
2026-07-15,0.03227570578883543,0.04300356804061267,0.039799404178496145,0.04643778242502572,0.026182944598433622,0.029382632303172063,0.030635020704757876,0.027793003097516866,0.023263486361887686,0.02686520647966706,0.04069228319399687,0.01565074135090594
2026-07-16,-0.013607197918884206,-0.010124591350644474,-0.012123039651582013,-0.005374969145759856,-0.006265453353387795,-0.007760237194180064,-0.01020533074024177,-0.012750602095074948,-0.012267080395321761,-0.008753980024880592,-0.012470937343044719,-0.016626115166261113
2026-07-17,-0.07543724062499502,-0.07579722024618252,-0.07662957431476014,-0.08270528398351518,-0.04672382877451897,-0.05213292867272079,-0.05881947119920161,-0.051160477580347474,-0.04209182429263292,-0.05443049004169642,-0.07287080435199267,-0.06082474226804124
2026-07-20,-0.039347968472938755,-0.028083128204189567,-0.04098410312349676,-0.03051507820279975,-0.01678336968147487,-0.022788239793676057,-0.028776131380267467,-0.023036721654045467,-0.02650657644901222,-0.024288406948483887,-0.03306915172154756,-0.007683863885839748
2026-07-21,0.04705828555376046,0.05783162081681947,0.0438819339689569,0.077377819051752,0.0341648051290846,0.024956325762496512,0.03028523380704895,0.023047827292176803,0.03709363273931099,0.02774299378300471,0.03511439516094561,0.03783185840707959
2026-07-22,0.03417041020382361,0.03769294174131832,0.04222247375243482,0.037698503958614626,0.02277720382093129,0.023173541884410565,0.036723040946134544,0.024790018049279494,0.027388184951837147,0.025995042609984198,0.03514240733176588,0.01215092730761036
2026-07-23,0.002464252540245404,0.0012696921871899747,-0.0069954640572085225,0.010825893635831862,0.0007784426907158082,-0.00840517554483522,-0.007955919522426913,-0.008953490756742899,-0.016839242409937727,-0.009435534598645545,-0.007646028587025011,0.002106149957876946
2026-07-24,-0.03212402478694332,-0.03415379383678574,-0.01953902689150122,-0.035975292965841565,-0.02051109333616319,-0.03935447567357786,-0.03921415576595044,-0.03629040871371414,-0.04041495529453698,-0.04122634152947269,-0.039566710173216335,-0.020596889449348454
2026-07-27,-0.004924419317857587,-0.008678010079791187,0.010658963326732884,-0.00889410581606298,-0.00502304080166649,-0.012091863068583453,-0.01209186306858323,-0.012091863068583453,-0.0175382238061097,-0.01209186306858323,-0.010387978793548691,-0.0010729613733905241
2026-07-28,-0.03808412969848496,-0.05117579918143822,-0.025513349536120833,-0.046593868732582866,-0.029512969247853738,-0.05817027789088092,-0.05817027789087992,-0.05817027789088114,-0.034780026472948755,-0.05817027789088014,-0.0518615905663774,-0.045757250268528504
2026-07-29,-0.026763998419556012,-0.04016960426308436,-0.0101488100338889,-0.03802950758793544,-0.02264862506589649,-0.04831954043013098,-0.048319540430130425,-0.0483195404301312,-0.005997419839586571,-0.048319540430130425,-0.044186137035571504,-0.036244934714092625
2026-07-30,-0.017952490178062996,0.0015802325872567025,-0.00015889300463423073,0.0024898169963407657,0.0008750020556658189,0.009855091152693785,0.009855091152693563,0.009855091152694007,-0.015025857606269954,0.009855091152693563,0.0054734161991985,0.0016351319785097296
2026-07-31,0.06262577397091418,0.06554323692220732,0.04539010361075402,0.056383544555401066,0.03631799359556265,0.0698939287434337,0.06989392874343281,0.06989392874343392,0.03890590420066853,0.06989392874343303,0.06554517495032619,0.09771455223880587
2026-08-03,0.013383413861041582,0.043926188353067275,-0.002109308432293844,0.04595500324193402,0.025026235070680247,0.058706697417472586,0.05870669741747192,0.05870669741747281,0.005324936048097362,0.0587066974174717,0.04376282581227553,-0.010410027618440565
2026-08-04,0.01793151443351526,0.004504904077696548,0.003719554267270775,0.0038817072078141113,0.002613920408909065,0.01675038289442532,0.016750382894424876,0.016750382894425542,0.0222609089450867,0.016750382894425098,0.004178634300798789,-0.01180764276513524
2026-08-05,0.01843385973493117,0.020352874040843183,0.02471641560652782,0.016022290106445736,0.01183180184679622,0.017551972312621178,0.017551972312620956,0.017551972312621178,0.01974638544880558,0.017551972312621178,0.02407401589860414,0.03519443840973269
2026-08-06,-0.010511547576131375,-0.003877492698962648,-0.019677940086199608,0.00017158084547608254,-0.0022730982024359303,0.003372383132993928,0.003372383132993706,0.00337238313299415,-0.0031490177775529427,0.003372383132993706,-0.0026518633387387913,-0.0071353620146904495
2026-08-07,-0.010143475695812532,-0.014544519545925061,0.00769238447642806,-0.01557001935815483,-0.00851270650133873,-0.006327480939704255,-0.006327480939704033,-0.006327480939704144,0.0065832317859051415,-0.006327480939704144,-0.0022647860407655207,-0.005072923272035568
2026-08-10,0.0243403247314804,0.026317922221316126,0.013122941110466746,0.02553524234454896,0.015309807705962575,0.04094431980131663,0.04094431980131619,0.04094431980131663,0.029809270668632815,0.04094431980131619,0.028265560664152867,0.014234119396643319
2026-08-11,0.002967326802822745,-0.00415108545374554,-0.003964610101493626,-0.0041611177317482095,-0.002440973935646573,0.007402745942636013,0.007402745942635569,0.007402745942636013,-0.007158704737237898,0.007402745942635791,0.009317541495690973,0.000837871805613899
2026-08-12,0.005766378281339524,0.004973784819667149,0.005246194789793268,0.004379134910292626,0.002919734170744981,-7.47297662968549e-05,-7.472976629696593e-05,-7.47297662968549e-05,-0.0008462031333229536,-7.47297662968549e-05,0.005542352340478729,0.008371703641691042
2026-08-13,0.02062779953939331,0.009434469109534938,0.009260317951966135,0.008254814012470968,0.005549608455575061,0.021520371250787207,0.021520371250787207,0.021520371250787207,-0.004563350827692214,0.021520371250786985,0.017615321374146786,0.014528850145288486
2026-08-14,-0.002702574660696677,0.0027645189927929525,-0.0022505368157007544,0.0021769834595826154,0.001632446975431856,-0.002740536114277714,-0.002740536114277714,-0.002740536114277603,-0.005222522056550716,-0.002740536114277603,-0.0008713111169849075,-0.0038870703764321
2026-08-17,0.009750521187477323,0.013783272640317978,-0.011930224466500494,0.014845573221451636,0.008148214000667897,0.022750164912146653,0.02275016491214643,0.022750164912146875,0.0016963605769046985,0.02275016491214643,0.024257272817166164,0.0024645717806532907
2026-08-18,-0.01116431661420636,-0.014087476104398089,-0.007008055850898254,-0.012372785681413312,-0.008374598754390283,-0.011323446604417753,-0.011323446604417864,-0.011323446604417864,0.003821318830905973,-0.011323446604417864,-0.018607344313867347,-0.013726695349313811
2026-08-19,0.0015349828185133862,-0.013776793075918059,0.002288583805063915,-0.011617153807095049,-0.00814272357173007,-0.01221756851692024,-0.012217568516920019,-0.01221756851692013,0.0010320256159075392,-0.012217568516919908,-0.014691682855321742,-0.016410469464063104
2026-08-20,-0.011336163138293553,-0.005623594599518,-0.00881678727672186,-0.005622463369438835,-0.0033049249018598514,0.0011133149386646224,0.0011133149386646224,0.0011133149386644003,-0.006815534745033158,0.0011133149386644003,0.004737742975442494,0.004646251319957662
2026-08-21,0.02278826346868712,-0.0061838442659712944,0.006498992836666551,-0.0007880891094662612,-0.0035718874739517625,-0.015373513957504192,-0.012784710630126983,-0.013433551334926186,-0.015215590595771378,-0.013433551334926297,-0.017664681942539562,0.00609627916754274
2026-08-24,-0.024602224877992906,-0.01778176460664138,-0.016478223484788335,-0.017270786986547715,-0.009462434223169724,0.003935532247271167,-0.0023855251749075324,-0.00409777037811454,0.002171118113755366,-0.004097770378114429,-0.0007020947226147323,-0.004596740493104989
2026-08-25,0.027816436958374213,0.02727360957395697,0.02728021897388433,0.02310021083244007,0.014391553553847913,0.020085392005602998,0.02388048042412949,0.02590714005265271,0.029221276795150075,0.02590714005265249,0.026203371534490483,0.0052476910159529044
2026-08-26,0.01085082857353048,0.047379050792429434,0.03858125628725673,0.038828745464024816,0.02531814726028414,0.032727390021554115,0.04551969391217692,0.04483508936519631,0.048997874864801894,0.044835089365196534,0.04883973520783291,0.014199206514930118
2026-08-27,0.016381835090532038,0.03233192835975873,0.02361961934841439,0.02518622500047596,0.01764909385908653,0.019185576123200265,0.03290311859903916,0.031804167095103475,0.028349040259713965,0.031804167095103475,0.03053635619199202,0.001235330450895633
2026-08-28,0.0022205234898098336,-0.005659523165571834,-0.005814328661124302,-0.006510410917283438,-0.0031339492266695412,0.00663845660286122,-0.000428483182447259,0.002231734388689288,-0.002086259825438419,0.0022317343886895102,-0.0014469941569268396,0.008019740900678585
2026-08-31,0.031039664157541225,0.025647661861011528,0.026098657396353087,0.023476958473409804,0.01416635779077291,0.0014658442581871878,0.01122545380899198,0.014763418989472754,0.011467230740650036,0.014763418989472976,0.012591453890278714,-0.008975928192574423
2026-09-01,0.016318276802835374,0.005660820062080019,0.010003862446445577,0.006325399710404911,0.0031621230925047428,-0.008056850849665453,-0.011524894004201869,-0.012572465117964282,-0.00323305539749974,-0.012572465117964615,-0.005805941524220315,0.022437216961712636
